unique_id,pK,sdf_file,mol2_file,pdb_file,Ligand name,Exp. dG (kcal/mol),Pred. dG (kcal/mol),Pred. dG std. error (kcal/mol),group_id,group_abbreviation,graph_id,new_sdf_file,new_protein_file,preds_0,preds_1,preds_2,preds_3,preds_4,preds_5,preds_6,preds_7,preds_8,preds_9,preds
bayer_macrocycles/wagner_brd4/61a,8.831027576281219,data/fep/bayer_macrocycles/bayer_macrocycles_wagner_brd4_61a.sdf,,data/fep/bayer_macrocycles/bayer_macrocycles_wagner_brd4_protein.pdb,61a,-12.0,-12.100000381469728,0.2899999916553497,bayer_macrocycles/wagner_brd4,bayer_macrocycles,0,bayer_macrocycles_wagner_brd4_61a.sdf,bayer_macrocycles_wagner_brd4_protein.pdb,8.990382,9.35611,8.762157,8.74983,9.111697,8.989552,8.541591,8.784981,8.633219,8.794065,8.871359
bayer_macrocycles/wagner_brd4/25e,8.31588444136355,data/fep/bayer_macrocycles/bayer_macrocycles_wagner_brd4_25e.sdf,,data/fep/bayer_macrocycles/bayer_macrocycles_wagner_brd4_protein.pdb,25e,-11.300000190734863,-10.550000190734863,0.2899999916553497,bayer_macrocycles/wagner_brd4,bayer_macrocycles,1,bayer_macrocycles_wagner_brd4_25e.sdf,bayer_macrocycles_wagner_brd4_protein.pdb,7.6888175,7.863855,7.745511,7.621304,7.671048,7.5072446,7.6603937,7.506443,7.252737,7.9199843,7.643733
bayer_macrocycles/wagner_brd4/11,6.03453537009343,data/fep/bayer_macrocycles/bayer_macrocycles_wagner_brd4_11.sdf,,data/fep/bayer_macrocycles/bayer_macrocycles_wagner_brd4_protein.pdb,11,-8.199999809265137,-8.850000381469727,0.2899999916553497,bayer_macrocycles/wagner_brd4,bayer_macrocycles,2,bayer_macrocycles_wagner_brd4_11.sdf,bayer_macrocycles_wagner_brd4_protein.pdb,5.673848,5.3766193,4.935556,5.940854,6.2234383,5.5944276,5.6030664,4.7926893,5.6832275,5.591889,5.5415616
"bayer_macrocycles/ftase_extraligs_custcore_stereo/lig 2, deprot",9.132754239511838,"data/fep/bayer_macrocycles/bayer_macrocycles_ftase_extraligs_custcore_stereo_lig_2,_deprot.sdf",,data/fep/bayer_macrocycles/bayer_macrocycles_ftase_extraligs_custcore_stereo_protein.pdb,"lig 2, deprot",-12.40999984741211,-12.640000343322754,0.3899999856948852,bayer_macrocycles/ftase_extraligs_custcore_stereo,bayer_macrocycles,3,"bayer_macrocycles_ftase_extraligs_custcore_stereo_lig_2,_deprot.sdf",bayer_macrocycles_ftase_extraligs_custcore_stereo_protein.pdb,8.88665,8.569465,8.683805,8.7327585,8.592152,8.165902,8.722761,8.6047325,8.659034,8.347342,8.59646
"bayer_macrocycles/ftase_extraligs_custcore_stereo/lig 66, deprot",9.044444047968268,"data/fep/bayer_macrocycles/bayer_macrocycles_ftase_extraligs_custcore_stereo_lig_66,_deprot.sdf",,data/fep/bayer_macrocycles/bayer_macrocycles_ftase_extraligs_custcore_stereo_protein.pdb,"lig 66, deprot",-12.289999961853027,-12.029999732971191,0.3700000047683716,bayer_macrocycles/ftase_extraligs_custcore_stereo,bayer_macrocycles,4,"bayer_macrocycles_ftase_extraligs_custcore_stereo_lig_66,_deprot.sdf",bayer_macrocycles_ftase_extraligs_custcore_stereo_protein.pdb,8.868849,8.817961,8.74247,8.8461,8.730196,8.420829,8.706662,8.769278,8.516125,8.263664,8.668214
"bayer_macrocycles/ftase_extraligs_custcore_stereo/lig 68, deprot",8.911978409739405,"data/fep/bayer_macrocycles/bayer_macrocycles_ftase_extraligs_custcore_stereo_lig_68,_deprot.sdf",,data/fep/bayer_macrocycles/bayer_macrocycles_ftase_extraligs_custcore_stereo_protein.pdb,"lig 68, deprot",-12.109999656677246,-11.40999984741211,0.4099999964237213,bayer_macrocycles/ftase_extraligs_custcore_stereo,bayer_macrocycles,5,"bayer_macrocycles_ftase_extraligs_custcore_stereo_lig_68,_deprot.sdf",bayer_macrocycles_ftase_extraligs_custcore_stereo_protein.pdb,8.73366,8.5937805,8.340804,8.715567,8.566503,8.47209,8.508347,8.636943,8.604493,7.6090455,8.478123
bayer_macrocycles/ftase_extraligs_custcore_stereo/lig 51 stereo,8.38947591673635,data/fep/bayer_macrocycles/bayer_macrocycles_ftase_extraligs_custcore_stereo_lig_51_stereo.sdf,,data/fep/bayer_macrocycles/bayer_macrocycles_ftase_extraligs_custcore_stereo_protein.pdb,lig 51 stereo,-11.399999618530272,-11.989999771118164,0.3899999856948852,bayer_macrocycles/ftase_extraligs_custcore_stereo,bayer_macrocycles,6,bayer_macrocycles_ftase_extraligs_custcore_stereo_lig_51_stereo.sdf,bayer_macrocycles_ftase_extraligs_custcore_stereo_protein.pdb,8.08445,8.281417,7.3571997,7.9761953,7.9166446,8.054065,8.11341,8.192795,8.332663,7.904965,8.021381
bayer_macrocycles/ftase_extraligs_custcore_stereo/lig 49 stereo,8.536660271135986,data/fep/bayer_macrocycles/bayer_macrocycles_ftase_extraligs_custcore_stereo_lig_49_stereo.sdf,,data/fep/bayer_macrocycles/bayer_macrocycles_ftase_extraligs_custcore_stereo_protein.pdb,lig 49 stereo,-11.600000381469728,-11.75,0.3700000047683716,bayer_macrocycles/ftase_extraligs_custcore_stereo,bayer_macrocycles,7,bayer_macrocycles_ftase_extraligs_custcore_stereo_lig_49_stereo.sdf,bayer_macrocycles_ftase_extraligs_custcore_stereo_protein.pdb,7.8699656,8.446179,7.9102445,8.066749,8.167961,8.145019,8.118048,8.185687,8.187674,8.349518,8.144705
jacs_set/ptp1b/23477,6.5128831182382045,data/fep/jacs_set/jacs_set_ptp1b_23477.sdf,,data/fep/jacs_set/jacs_set_ptp1b_protein.pdb,23477,-8.850000381469727,-8.770000457763672,0.1199999973177909,jacs_set/ptp1b,jacs_set,8,jacs_set_ptp1b_23477.sdf,jacs_set_ptp1b_protein.pdb,6.611541,5.712707,6.797439,6.354074,6.4156427,7.028066,6.376522,7.1546907,7.471256,6.3936753,6.6315613
jacs_set/ptp1b/23484,5.703371976348287,data/fep/jacs_set/jacs_set_ptp1b_23484.sdf,,data/fep/jacs_set/jacs_set_ptp1b_protein.pdb,23484,-7.75,-8.020000457763672,0.1500000059604644,jacs_set/ptp1b,jacs_set,9,jacs_set_ptp1b_23484.sdf,jacs_set_ptp1b_protein.pdb,6.578312,6.235842,6.8530207,7.466426,5.824198,6.688331,6.936916,6.3657575,6.297628,6.8764715,6.6122904
jacs_set/ptp1b/23467,5.401645313117668,data/fep/jacs_set/jacs_set_ptp1b_23467.sdf,,data/fep/jacs_set/jacs_set_ptp1b_protein.pdb,23467,-7.340000152587891,-7.239999771118164,0.1199999973177909,jacs_set/ptp1b,jacs_set,10,jacs_set_ptp1b_23467.sdf,jacs_set_ptp1b_protein.pdb,5.752821,5.179233,6.15651,5.870276,5.6489763,5.6615434,5.356064,5.668713,5.8099203,5.6927533,5.679681
jacs_set/ptp1b/20667,8.404194632907119,data/fep/jacs_set/jacs_set_ptp1b_20667.sdf,,data/fep/jacs_set/jacs_set_ptp1b_protein.pdb,20667,-11.420000076293944,-10.539999961853027,0.1599999964237213,jacs_set/ptp1b,jacs_set,11,jacs_set_ptp1b_20667.sdf,jacs_set_ptp1b_protein.pdb,6.726258,6.375485,7.184733,7.5243545,6.53103,6.8087497,7.506152,7.508291,7.172308,7.300589,7.0637956
jacs_set/ptp1b/23469,5.681294253005641,data/fep/jacs_set/jacs_set_ptp1b_23469.sdf,,data/fep/jacs_set/jacs_set_ptp1b_protein.pdb,23469,-7.71999979019165,-8.029999732971191,0.1199999973177909,jacs_set/ptp1b,jacs_set,12,jacs_set_ptp1b_23469.sdf,jacs_set_ptp1b_protein.pdb,5.7630987,5.297824,6.4779096,6.1636934,5.553193,5.688868,5.7586083,5.942262,6.0956616,5.6324563,5.8373575
jacs_set/ptp1b/23483,7.26352009727206,data/fep/jacs_set/jacs_set_ptp1b_23483.sdf,,data/fep/jacs_set/jacs_set_ptp1b_protein.pdb,23483,-9.869999885559082,-9.859999656677246,0.1400000005960464,jacs_set/ptp1b,jacs_set,13,jacs_set_ptp1b_23483.sdf,jacs_set_ptp1b_protein.pdb,6.0504756,6.343855,7.156212,6.8099217,6.3921547,7.0640864,6.5412292,6.7752447,6.9234858,6.7795815,6.6836243
jacs_set/ptp1b/23480,6.41721356860925,data/fep/jacs_set/jacs_set_ptp1b_23480.sdf,,data/fep/jacs_set/jacs_set_ptp1b_protein.pdb,23480,-8.720000267028809,-9.15999984741211,0.1199999973177909,jacs_set/ptp1b,jacs_set,14,jacs_set_ptp1b_23480.sdf,jacs_set_ptp1b_protein.pdb,6.979074,6.946916,7.896675,6.4813724,7.4417562,7.3414407,7.5827236,7.091012,7.972917,7.174965,7.290885
jacs_set/ptp1b/23474,6.7042215156691,data/fep/jacs_set/jacs_set_ptp1b_23474.sdf,,data/fep/jacs_set/jacs_set_ptp1b_protein.pdb,23474,-9.109999656677246,-8.869999885559082,0.1199999973177909,jacs_set/ptp1b,jacs_set,15,jacs_set_ptp1b_23474.sdf,jacs_set_ptp1b_protein.pdb,6.374921,5.77679,6.9693184,6.0346622,6.912007,6.9645343,6.3073297,6.8202295,6.870272,6.9650126,6.599508
jacs_set/ptp1b/23473,6.174360366407678,data/fep/jacs_set/jacs_set_ptp1b_23473.sdf,,data/fep/jacs_set/jacs_set_ptp1b_protein.pdb,23473,-8.390000343322754,-9.300000190734863,0.1199999973177909,jacs_set/ptp1b,jacs_set,16,jacs_set_ptp1b_23473.sdf,jacs_set_ptp1b_protein.pdb,5.7800436,5.0440235,6.4141955,5.5939474,5.6591263,5.408475,5.4512076,5.5488524,5.596379,5.2875404,5.5783787
jacs_set/ptp1b/23471,5.703371976348287,data/fep/jacs_set/jacs_set_ptp1b_23471.sdf,,data/fep/jacs_set/jacs_set_ptp1b_protein.pdb,23471,-7.75,-8.020000457763672,0.1199999973177909,jacs_set/ptp1b,jacs_set,17,jacs_set_ptp1b_23471.sdf,jacs_set_ptp1b_protein.pdb,6.3667502,5.672054,6.6394715,6.2570615,6.0539,6.236213,6.256198,6.42983,6.3970513,6.2935643,6.260209
jacs_set/ptp1b/20669,6.336262033324049,data/fep/jacs_set/jacs_set_ptp1b_20669.sdf,,data/fep/jacs_set/jacs_set_ptp1b_protein.pdb,20669,-8.609999656677246,-8.640000343322754,0.1199999973177909,jacs_set/ptp1b,jacs_set,18,jacs_set_ptp1b_20669.sdf,jacs_set_ptp1b_protein.pdb,5.7367597,5.472868,6.3105817,5.6870193,5.8613734,5.642604,5.6087313,5.667641,6.072005,5.3948746,5.7454457
jacs_set/ptp1b/23476,6.924997345441533,data/fep/jacs_set/jacs_set_ptp1b_23476.sdf,,data/fep/jacs_set/jacs_set_ptp1b_protein.pdb,23476,-9.40999984741211,-10.020000457763672,0.1199999973177909,jacs_set/ptp1b,jacs_set,19,jacs_set_ptp1b_23476.sdf,jacs_set_ptp1b_protein.pdb,5.7370367,5.7263956,6.757427,6.0276704,6.8578563,7.0076,6.021693,6.9323945,7.1971693,6.2118125,6.4477057
jacs_set/ptp1b/23466,5.776963802634596,data/fep/jacs_set/jacs_set_ptp1b_23466.sdf,,data/fep/jacs_set/jacs_set_ptp1b_protein.pdb,23466,-7.849999904632568,-7.190000057220459,0.1199999973177909,jacs_set/ptp1b,jacs_set,20,jacs_set_ptp1b_23466.sdf,jacs_set_ptp1b_protein.pdb,5.6483803,5.3340845,6.0516596,6.0448523,5.9117074,6.011863,5.7099,6.0238614,6.189218,5.881523,5.8807044
jacs_set/ptp1b/23472,6.365698763838572,data/fep/jacs_set/jacs_set_ptp1b_23472.sdf,,data/fep/jacs_set/jacs_set_ptp1b_protein.pdb,23472,-8.649999618530273,-9.300000190734863,0.25,jacs_set/ptp1b,jacs_set,21,jacs_set_ptp1b_23472.sdf,jacs_set_ptp1b_protein.pdb,6.2060413,6.1159062,6.4930916,6.140402,5.5961113,6.1462135,6.1969013,6.2615576,6.984228,6.1804833,6.2320943
jacs_set/ptp1b/23482,7.366549004986401,data/fep/jacs_set/jacs_set_ptp1b_23482.sdf,,data/fep/jacs_set/jacs_set_ptp1b_protein.pdb,23482,-10.010000228881836,-9.56999969482422,0.1199999973177909,jacs_set/ptp1b,jacs_set,22,jacs_set_ptp1b_23482.sdf,jacs_set_ptp1b_protein.pdb,7.076416,6.649098,7.419766,7.3991346,7.740215,7.70547,6.7679486,7.103538,8.231053,7.0567503,7.314939
jacs_set/ptp1b/23486,9.176909686197131,data/fep/jacs_set/jacs_set_ptp1b_23486.sdf,,data/fep/jacs_set/jacs_set_ptp1b_protein.pdb,23486,-12.470000267028809,-11.25,0.1400000005960464,jacs_set/ptp1b,jacs_set,23,jacs_set_ptp1b_23486.sdf,jacs_set_ptp1b_protein.pdb,6.833557,6.512181,6.9503818,7.4228096,6.601585,6.907093,7.6145525,7.543663,7.366893,7.3066354,7.105935
jacs_set/ptp1b/23470,5.681294253005641,data/fep/jacs_set/jacs_set_ptp1b_23470.sdf,,data/fep/jacs_set/jacs_set_ptp1b_protein.pdb,23470,-7.71999979019165,-8.130000114440918,0.1199999973177909,jacs_set/ptp1b,jacs_set,24,jacs_set_ptp1b_23470.sdf,jacs_set_ptp1b_protein.pdb,6.6349993,5.9904885,6.680555,6.1896057,6.6949186,6.4393935,6.608282,6.5198874,6.995733,6.56918,6.5323043
jacs_set/ptp1b/23468,5.703371976348287,data/fep/jacs_set/jacs_set_ptp1b_23468.sdf,,data/fep/jacs_set/jacs_set_ptp1b_protein.pdb,23468,-7.75,-7.449999809265137,0.1199999973177909,jacs_set/ptp1b,jacs_set,25,jacs_set_ptp1b_23468.sdf,jacs_set_ptp1b_protein.pdb,6.3811255,5.814443,6.605366,6.102226,6.5469055,6.340467,6.3350177,6.302555,6.6718025,6.673664,6.377357
jacs_set/ptp1b/23485,8.102467969676502,data/fep/jacs_set/jacs_set_ptp1b_23485.sdf,,data/fep/jacs_set/jacs_set_ptp1b_protein.pdb,23485,-11.010000228881836,-10.670000076293944,0.1599999964237213,jacs_set/ptp1b,jacs_set,26,jacs_set_ptp1b_23485.sdf,jacs_set_ptp1b_protein.pdb,6.658496,6.105888,6.762903,7.233574,5.6941195,6.775196,7.0153656,6.625144,5.884465,6.90893,6.5664077
jacs_set/ptp1b/23330,7.454859196529971,data/fep/jacs_set/jacs_set_ptp1b_23330.sdf,,data/fep/jacs_set/jacs_set_ptp1b_protein.pdb,23330,-10.130000114440918,-10.65999984741211,0.1199999973177909,jacs_set/ptp1b,jacs_set,27,jacs_set_ptp1b_23330.sdf,jacs_set_ptp1b_protein.pdb,6.247937,6.140223,6.8714375,5.6805058,6.483306,6.50488,6.680353,6.859203,6.507004,6.4877787,6.4462633
jacs_set/ptp1b/20670,6.682144143239962,data/fep/jacs_set/jacs_set_ptp1b_20670.sdf,,data/fep/jacs_set/jacs_set_ptp1b_protein.pdb,20670,-9.079999923706056,-9.1899995803833,0.1199999973177909,jacs_set/ptp1b,jacs_set,28,jacs_set_ptp1b_20670.sdf,jacs_set_ptp1b_protein.pdb,6.8883157,5.9536624,6.87471,6.0553036,6.8445134,7.17452,6.1311693,6.8472314,7.4220743,6.940779,6.7132277
jacs_set/ptp1b/23479,6.726299589925254,data/fep/jacs_set/jacs_set_ptp1b_23479.sdf,,data/fep/jacs_set/jacs_set_ptp1b_protein.pdb,23479,-9.140000343322754,-8.680000305175781,0.1199999973177909,jacs_set/ptp1b,jacs_set,29,jacs_set_ptp1b_23479.sdf,jacs_set_ptp1b_protein.pdb,7.023588,6.6974993,7.8623595,6.266708,7.904832,7.7550564,7.345843,7.102742,8.047602,7.5944896,7.3600717
jacs_set/ptp1b/23475,6.41721356860925,data/fep/jacs_set/jacs_set_ptp1b_23475.sdf,,data/fep/jacs_set/jacs_set_ptp1b_protein.pdb,23475,-8.720000267028809,-8.920000076293945,0.1199999973177909,jacs_set/ptp1b,jacs_set,30,jacs_set_ptp1b_23475.sdf,jacs_set_ptp1b_protein.pdb,7.027905,5.973702,6.942095,6.012901,6.7754908,7.282571,6.0794773,6.6108475,7.2688255,7.3251677,6.729898
jacs_set/mcl1_extra_flips/23,6.498164402283755,data/fep/jacs_set/jacs_set_mcl1_extra_flips_23.sdf,,data/fep/jacs_set/jacs_set_mcl1_extra_flips_protein.pdb,23,-8.829999924,-7.53000021,0.0700000003,jacs_set/mcl1_extra_flips,jacs_set,31,jacs_set_mcl1_extra_flips_23.sdf,jacs_set_mcl1_extra_flips_protein.pdb,6.1954207,6.2455206,6.0698996,5.6968203,6.254499,5.8825674,6.4792795,6.019389,5.8544884,5.856582,6.0554466
jacs_set/mcl1_extra_flips/26,6.063972100520995,data/fep/jacs_set/jacs_set_mcl1_extra_flips_26.sdf,,data/fep/jacs_set/jacs_set_mcl1_extra_flips_protein.pdb,26,-8.239999771,-8.25,0.0700000003,jacs_set/mcl1_extra_flips,jacs_set,32,jacs_set_mcl1_extra_flips_26.sdf,jacs_set_mcl1_extra_flips_protein.pdb,6.05403,6.08709,5.6412477,5.619449,5.905994,6.201808,5.2481914,6.006973,5.581087,5.5756745,5.792155
jacs_set/mcl1_extra_flips/27,4.503823980008659,data/fep/jacs_set/jacs_set_mcl1_extra_flips_27.sdf,,data/fep/jacs_set/jacs_set_mcl1_extra_flips_protein.pdb,27,-6.119999886,-6.449999809,0.05999999866,jacs_set/mcl1_extra_flips,jacs_set,33,jacs_set_mcl1_extra_flips_27.sdf,jacs_set_mcl1_extra_flips_protein.pdb,6.1097717,6.5520964,5.7004066,6.160029,5.9168262,5.7915583,6.075955,5.3288655,5.5442705,5.7558484,5.8935623
jacs_set/mcl1_extra_flips/28,4.87178346235371,data/fep/jacs_set/jacs_set_mcl1_extra_flips_28.sdf,,data/fep/jacs_set/jacs_set_mcl1_extra_flips_protein.pdb,28,-6.619999886,-6.059999943,0.05999999866,jacs_set/mcl1_extra_flips,jacs_set,34,jacs_set_mcl1_extra_flips_28.sdf,jacs_set_mcl1_extra_flips_protein.pdb,6.4221864,6.2676463,6.3190284,5.980129,6.047058,6.0156364,5.816964,5.7720494,5.4841495,5.829568,5.9954414
jacs_set/mcl1_extra_flips/29,5.107277656896685,data/fep/jacs_set/jacs_set_mcl1_extra_flips_29.sdf,,data/fep/jacs_set/jacs_set_mcl1_extra_flips_protein.pdb,29,-6.940000057,-6.480000019,0.05999999866,jacs_set/mcl1_extra_flips,jacs_set,35,jacs_set_mcl1_extra_flips_29.sdf,jacs_set_mcl1_extra_flips_protein.pdb,5.799669,5.7828646,5.6842847,5.5087113,5.8345766,6.031843,6.2700195,6.248756,5.7374787,6.055798,5.8954
jacs_set/mcl1_extra_flips/30 flip,5.776963802904995,data/fep/jacs_set/jacs_set_mcl1_extra_flips_30_flip.sdf,,data/fep/jacs_set/jacs_set_mcl1_extra_flips_protein.pdb,30 flip,-7.849999905,-6.980000019,0.05999999866,jacs_set/mcl1_extra_flips,jacs_set,36,jacs_set_mcl1_extra_flips_30_flip.sdf,jacs_set_mcl1_extra_flips_protein.pdb,6.225966,6.6547103,6.0316052,6.0460825,5.484,5.9677205,6.073669,5.6654305,5.4206996,5.626993,5.9196877
jacs_set/mcl1_extra_flips/31,5.828478256275446,data/fep/jacs_set/jacs_set_mcl1_extra_flips_31.sdf,,data/fep/jacs_set/jacs_set_mcl1_extra_flips_protein.pdb,31,-7.920000076,-7.940000057,0.05999999866,jacs_set/mcl1_extra_flips,jacs_set,37,jacs_set_mcl1_extra_flips_31.sdf,jacs_set_mcl1_extra_flips_protein.pdb,6.263982,6.1800327,5.691972,5.994759,5.413844,6.3250575,6.2330074,6.46888,6.2177,5.844738,6.0633974
jacs_set/mcl1_extra_flips/32,4.842346731731027,data/fep/jacs_set/jacs_set_mcl1_extra_flips_32.sdf,,data/fep/jacs_set/jacs_set_mcl1_extra_flips_protein.pdb,32,-6.579999924,-6.590000153,0.05999999866,jacs_set/mcl1_extra_flips,jacs_set,38,jacs_set_mcl1_extra_flips_32.sdf,jacs_set_mcl1_extra_flips_protein.pdb,6.382131,6.660954,6.0721235,5.907377,6.0881004,5.86824,5.849928,5.954731,5.698312,5.6630087,6.01449
jacs_set/mcl1_extra_flips/33,5.063122560962661,data/fep/jacs_set/jacs_set_mcl1_extra_flips_33.sdf,,data/fep/jacs_set/jacs_set_mcl1_extra_flips_protein.pdb,33,-6.880000114,-7.730000019,0.0700000003,jacs_set/mcl1_extra_flips,jacs_set,39,jacs_set_mcl1_extra_flips_33.sdf,jacs_set_mcl1_extra_flips_protein.pdb,6.211731,6.536027,6.3239923,6.4266973,6.337077,5.847027,6.179199,6.1571946,5.963906,5.6905055,6.167336
jacs_set/mcl1_extra_flips/34,5.055763203526236,data/fep/jacs_set/jacs_set_mcl1_extra_flips_34.sdf,,data/fep/jacs_set/jacs_set_mcl1_extra_flips_protein.pdb,34,-6.869999886,-7.329999924,0.0700000003,jacs_set/mcl1_extra_flips,jacs_set,40,jacs_set_mcl1_extra_flips_34.sdf,jacs_set_mcl1_extra_flips_protein.pdb,6.603273,6.221311,6.190178,5.713412,5.1908865,6.456459,6.391928,6.4126973,6.243227,5.975313,6.1398683
jacs_set/mcl1_extra_flips/35,6.48344638800576,data/fep/jacs_set/jacs_set_mcl1_extra_flips_35.sdf,,data/fep/jacs_set/jacs_set_mcl1_extra_flips_protein.pdb,35,-8.81000042,-8.010000229,0.05999999866,jacs_set/mcl1_extra_flips,jacs_set,41,jacs_set_mcl1_extra_flips_35.sdf,jacs_set_mcl1_extra_flips_protein.pdb,6.311468,6.544866,6.307725,6.18553,6.52825,5.701158,6.998549,6.2130647,6.3852854,6.050468,6.3226366
jacs_set/mcl1_extra_flips/36,6.019817355620315,data/fep/jacs_set/jacs_set_mcl1_extra_flips_36.sdf,,data/fep/jacs_set/jacs_set_mcl1_extra_flips_protein.pdb,36,-8.180000305,-8.170000076,0.0700000003,jacs_set/mcl1_extra_flips,jacs_set,42,jacs_set_mcl1_extra_flips_36.sdf,jacs_set_mcl1_extra_flips_protein.pdb,6.4526896,6.3049912,6.25853,5.724807,5.8631153,5.6459765,6.4229355,6.565666,6.123982,5.9789066,6.13416
jacs_set/mcl1_extra_flips/37,6.586474593415886,data/fep/jacs_set/jacs_set_mcl1_extra_flips_37.sdf,,data/fep/jacs_set/jacs_set_mcl1_extra_flips_protein.pdb,37,-8.949999809,-8.729999542,0.0700000003,jacs_set/mcl1_extra_flips,jacs_set,43,jacs_set_mcl1_extra_flips_37.sdf,jacs_set_mcl1_extra_flips_protein.pdb,6.0976133,6.4962234,6.621322,6.162945,6.119194,5.816074,7.223125,6.646402,6.4045362,6.25163,6.3839064
jacs_set/mcl1_extra_flips/38 flip,5.166151118142053,data/fep/jacs_set/jacs_set_mcl1_extra_flips_38_flip.sdf,,data/fep/jacs_set/jacs_set_mcl1_extra_flips_protein.pdb,38 flip,-7.019999981,-9.06000042,0.0700000003,jacs_set/mcl1_extra_flips,jacs_set,44,jacs_set_mcl1_extra_flips_38_flip.sdf,jacs_set_mcl1_extra_flips_protein.pdb,5.9498544,6.459075,5.9399414,6.103987,5.755015,6.166665,5.9911404,6.0394993,6.0701537,5.6370296,6.0112357
jacs_set/mcl1_extra_flips/39,5.173510476314396,data/fep/jacs_set/jacs_set_mcl1_extra_flips_39.sdf,,data/fep/jacs_set/jacs_set_mcl1_extra_flips_protein.pdb,39,-7.03000021,-8.0,0.0700000003,jacs_set/mcl1_extra_flips,jacs_set,45,jacs_set_mcl1_extra_flips_39.sdf,jacs_set_mcl1_extra_flips_protein.pdb,5.88279,6.1825967,5.9696636,6.0223126,6.0490313,6.134238,6.116184,5.756746,5.718421,5.8274236,5.9659405
jacs_set/mcl1_extra_flips/40 flip,5.335412494003236,data/fep/jacs_set/jacs_set_mcl1_extra_flips_40_flip.sdf,,data/fep/jacs_set/jacs_set_mcl1_extra_flips_protein.pdb,40 flip,-7.25,-8.210000038,0.05999999866,jacs_set/mcl1_extra_flips,jacs_set,46,jacs_set_mcl1_extra_flips_40_flip.sdf,jacs_set_mcl1_extra_flips_protein.pdb,5.9419026,6.1151648,5.9488864,5.8174443,5.775059,6.1878977,6.1089296,6.121097,5.9430532,5.792655,5.975209
jacs_set/mcl1_extra_flips/41 flip,5.247102302135186,data/fep/jacs_set/jacs_set_mcl1_extra_flips_41_flip.sdf,,data/fep/jacs_set/jacs_set_mcl1_extra_flips_protein.pdb,41 flip,-7.130000114,-8.180000305,0.0700000003,jacs_set/mcl1_extra_flips,jacs_set,47,jacs_set_mcl1_extra_flips_41_flip.sdf,jacs_set_mcl1_extra_flips_protein.pdb,5.9346375,6.4844017,5.843233,5.9756713,5.8916073,6.2770095,5.646898,5.9069734,5.9296193,5.9553432,5.984539
jacs_set/mcl1_extra_flips/42,6.549678505356779,data/fep/jacs_set/jacs_set_mcl1_extra_flips_42.sdf,,data/fep/jacs_set/jacs_set_mcl1_extra_flips_protein.pdb,42,-8.899999619,-7.630000114,0.0700000003,jacs_set/mcl1_extra_flips,jacs_set,48,jacs_set_mcl1_extra_flips_42.sdf,jacs_set_mcl1_extra_flips_protein.pdb,5.9889946,6.28107,6.3690853,6.138271,6.53675,6.244978,5.9318395,6.1827316,5.698442,5.846967,6.121913
jacs_set/mcl1_extra_flips/43 flip,5.173510476314396,data/fep/jacs_set/jacs_set_mcl1_extra_flips_43_flip.sdf,,data/fep/jacs_set/jacs_set_mcl1_extra_flips_protein.pdb,43 flip,-7.03000021,-7.739999771,0.05999999866,jacs_set/mcl1_extra_flips,jacs_set,49,jacs_set_mcl1_extra_flips_43_flip.sdf,jacs_set_mcl1_extra_flips_protein.pdb,6.3127117,6.260755,6.5901704,6.3305197,6.224257,6.377679,6.6611347,6.055104,5.656998,5.898107,6.236743
jacs_set/mcl1_extra_flips/44,6.380417479793023,data/fep/jacs_set/jacs_set_mcl1_extra_flips_44.sdf,,data/fep/jacs_set/jacs_set_mcl1_extra_flips_protein.pdb,44,-8.670000076,-8.420000076,0.0700000003,jacs_set/mcl1_extra_flips,jacs_set,50,jacs_set_mcl1_extra_flips_44.sdf,jacs_set_mcl1_extra_flips_protein.pdb,6.1896324,6.232249,6.4426184,6.3404055,6.422989,6.6441607,6.708633,7.217256,5.96867,5.9483533,6.4114966
jacs_set/mcl1_extra_flips/45,6.586474593415886,data/fep/jacs_set/jacs_set_mcl1_extra_flips_45.sdf,,data/fep/jacs_set/jacs_set_mcl1_extra_flips_protein.pdb,45,-8.949999809,-7.559999943,0.05999999866,jacs_set/mcl1_extra_flips,jacs_set,51,jacs_set_mcl1_extra_flips_45.sdf,jacs_set_mcl1_extra_flips_protein.pdb,6.506508,6.340978,6.5033245,6.8027124,6.693304,5.875944,6.3610363,6.077914,5.8838534,5.9423676,6.2987947
jacs_set/mcl1_extra_flips/46 flip,5.59298406173247,data/fep/jacs_set/jacs_set_mcl1_extra_flips_46_flip.sdf,,data/fep/jacs_set/jacs_set_mcl1_extra_flips_protein.pdb,46 flip,-7.599999905,-7.989999771,0.05999999866,jacs_set/mcl1_extra_flips,jacs_set,52,jacs_set_mcl1_extra_flips_46_flip.sdf,jacs_set_mcl1_extra_flips_protein.pdb,6.7298317,6.5496664,6.9802365,6.5381513,6.731079,6.2962985,6.5270724,6.2790647,5.7295365,6.062421,6.442336
jacs_set/mcl1_extra_flips/47 flip,4.253611770451769,data/fep/jacs_set/jacs_set_mcl1_extra_flips_47_flip.sdf,,data/fep/jacs_set/jacs_set_mcl1_extra_flips_protein.pdb,47 flip,-5.78000021,-6.289999962,0.05999999866,jacs_set/mcl1_extra_flips,jacs_set,53,jacs_set_mcl1_extra_flips_47_flip.sdf,jacs_set_mcl1_extra_flips_protein.pdb,6.1041455,6.0905247,7.2844105,6.0329194,6.2862,6.3698974,6.9756064,5.303403,5.9008584,6.3747973,6.272276
jacs_set/mcl1_extra_flips/48 flip,4.901220192240475,data/fep/jacs_set/jacs_set_mcl1_extra_flips_48_flip.sdf,,data/fep/jacs_set/jacs_set_mcl1_extra_flips_protein.pdb,48 flip,-6.659999847,-4.630000114,0.05999999866,jacs_set/mcl1_extra_flips,jacs_set,54,jacs_set_mcl1_extra_flips_48_flip.sdf,jacs_set_mcl1_extra_flips_protein.pdb,6.165823,6.098464,6.6947856,5.93224,6.4027057,6.2280383,6.260056,5.402438,5.494212,5.42538,6.0104146
jacs_set/mcl1_extra_flips/49,6.152282292389043,data/fep/jacs_set/jacs_set_mcl1_extra_flips_49.sdf,,data/fep/jacs_set/jacs_set_mcl1_extra_flips_protein.pdb,49,-8.359999657,-8.729999542,0.05999999866,jacs_set/mcl1_extra_flips,jacs_set,55,jacs_set_mcl1_extra_flips_49.sdf,jacs_set_mcl1_extra_flips_protein.pdb,6.3684244,5.501142,6.570321,6.670445,6.411719,5.963528,7.1127987,5.9697094,6.4978714,6.4280987,6.3494062
jacs_set/mcl1_extra_flips/50,6.866123884628806,data/fep/jacs_set/jacs_set_mcl1_extra_flips_50.sdf,,data/fep/jacs_set/jacs_set_mcl1_extra_flips_protein.pdb,50,-9.329999924,-8.75,0.05999999866,jacs_set/mcl1_extra_flips,jacs_set,56,jacs_set_mcl1_extra_flips_50.sdf,jacs_set_mcl1_extra_flips_protein.pdb,6.3424006,5.995629,6.601169,7.1216965,6.9343004,5.854076,7.5141373,6.0650363,6.736538,6.69169,6.5856676
jacs_set/mcl1_extra_flips/51,6.218515111070835,data/fep/jacs_set/jacs_set_mcl1_extra_flips_51.sdf,,data/fep/jacs_set/jacs_set_mcl1_extra_flips_protein.pdb,51,-8.449999809,-7.150000095,0.05999999866,jacs_set/mcl1_extra_flips,jacs_set,57,jacs_set_mcl1_extra_flips_51.sdf,jacs_set_mcl1_extra_flips_protein.pdb,6.449204,5.9607286,6.4196954,6.577684,6.385657,6.6832657,6.583842,6.4850235,6.2436404,6.15483,6.394357
jacs_set/mcl1_extra_flips/52,6.792531707038751,data/fep/jacs_set/jacs_set_mcl1_extra_flips_52.sdf,,data/fep/jacs_set/jacs_set_mcl1_extra_flips_protein.pdb,52,-9.229999542,-9.720000267,0.05999999866,jacs_set/mcl1_extra_flips,jacs_set,58,jacs_set_mcl1_extra_flips_52.sdf,jacs_set_mcl1_extra_flips_protein.pdb,6.446795,6.3079557,6.3347282,6.353682,6.2348824,5.793024,7.549476,6.3131795,6.437187,6.361562,6.4132476
jacs_set/mcl1_extra_flips/53,7.329752916278332,data/fep/jacs_set/jacs_set_mcl1_extra_flips_53.sdf,,data/fep/jacs_set/jacs_set_mcl1_extra_flips_protein.pdb,53,-9.960000038,-10.09000015,0.0700000003,jacs_set/mcl1_extra_flips,jacs_set,59,jacs_set_mcl1_extra_flips_53.sdf,jacs_set_mcl1_extra_flips_protein.pdb,6.4452786,6.6150036,6.601244,6.7516184,6.6515346,6.0143666,7.842319,6.594397,6.5462523,6.5243754,6.658639
jacs_set/mcl1_extra_flips/54,7.1972872781788295,data/fep/jacs_set/jacs_set_mcl1_extra_flips_54.sdf,,data/fep/jacs_set/jacs_set_mcl1_extra_flips_protein.pdb,54,-9.779999733,-9.050000191,0.05999999866,jacs_set/mcl1_extra_flips,jacs_set,60,jacs_set_mcl1_extra_flips_54.sdf,jacs_set_mcl1_extra_flips_protein.pdb,6.2256107,6.0905657,6.2651887,6.4302673,6.7718253,6.5223274,6.7292895,6.8212495,5.807278,6.0770497,6.3740654
jacs_set/mcl1_extra_flips/56,6.814609781555783,data/fep/jacs_set/jacs_set_mcl1_extra_flips_56.sdf,,data/fep/jacs_set/jacs_set_mcl1_extra_flips_protein.pdb,56,-9.260000229,-9.050000191,0.0700000003,jacs_set/mcl1_extra_flips,jacs_set,61,jacs_set_mcl1_extra_flips_56.sdf,jacs_set_mcl1_extra_flips_protein.pdb,6.33962,6.237382,6.916434,6.270335,6.4828787,5.8006496,7.403289,7.098207,6.41318,6.1915936,6.515357
jacs_set/mcl1_extra_flips/57,6.652707412833597,data/fep/jacs_set/jacs_set_mcl1_extra_flips_57.sdf,,data/fep/jacs_set/jacs_set_mcl1_extra_flips_protein.pdb,57,-9.039999962,-7.840000153,0.05999999866,jacs_set/mcl1_extra_flips,jacs_set,62,jacs_set_mcl1_extra_flips_57.sdf,jacs_set_mcl1_extra_flips_protein.pdb,6.171112,6.05058,6.479067,6.162481,6.951718,6.0277095,6.6707344,6.841506,5.4491863,5.9994,6.2803493
jacs_set/mcl1_extra_flips/58,6.924997345138254,data/fep/jacs_set/jacs_set_mcl1_extra_flips_58.sdf,,data/fep/jacs_set/jacs_set_mcl1_extra_flips_protein.pdb,58,-9.409999847,-10.36999989,0.0700000003,jacs_set/mcl1_extra_flips,jacs_set,63,jacs_set_mcl1_extra_flips_58.sdf,jacs_set_mcl1_extra_flips_protein.pdb,6.3458548,6.058252,6.895457,6.8673,6.9492984,5.7546635,7.813243,6.3421164,6.152596,6.11299,6.529177
jacs_set/mcl1_extra_flips/60,6.564397220965548,data/fep/jacs_set/jacs_set_mcl1_extra_flips_60.sdf,,data/fep/jacs_set/jacs_set_mcl1_extra_flips_protein.pdb,60,-8.920000076,-8.779999733,0.0700000003,jacs_set/mcl1_extra_flips,jacs_set,64,jacs_set_mcl1_extra_flips_60.sdf,jacs_set_mcl1_extra_flips_protein.pdb,6.942571,7.1447954,6.421741,6.335104,7.293679,6.456762,6.189852,6.9826026,7.2231584,6.4305205,6.7420783
jacs_set/mcl1_extra_flips/61,5.946225178766179,data/fep/jacs_set/jacs_set_mcl1_extra_flips_61.sdf,,data/fep/jacs_set/jacs_set_mcl1_extra_flips_protein.pdb,61,-8.079999924,-8.319999695,0.0700000003,jacs_set/mcl1_extra_flips,jacs_set,65,jacs_set_mcl1_extra_flips_61.sdf,jacs_set_mcl1_extra_flips_protein.pdb,6.6857853,6.3549776,6.7945232,6.839802,6.994423,5.9603825,6.937533,6.4281745,7.0903883,7.154217,6.7240205
jacs_set/mcl1_extra_flips/62,5.8579149868981295,data/fep/jacs_set/jacs_set_mcl1_extra_flips_62.sdf,,data/fep/jacs_set/jacs_set_mcl1_extra_flips_protein.pdb,62,-7.960000038,-8.069999695,0.0700000003,jacs_set/mcl1_extra_flips,jacs_set,66,jacs_set_mcl1_extra_flips_62.sdf,jacs_set_mcl1_extra_flips_protein.pdb,6.509942,6.316401,6.6105,6.223696,6.4017634,6.1229377,6.820996,5.995103,6.4916844,6.637391,6.413041
jacs_set/mcl1_extra_flips/63,6.667426129178285,data/fep/jacs_set/jacs_set_mcl1_extra_flips_63.sdf,,data/fep/jacs_set/jacs_set_mcl1_extra_flips_protein.pdb,63,-9.06000042,-9.829999924,0.05999999866,jacs_set/mcl1_extra_flips,jacs_set,67,jacs_set_mcl1_extra_flips_63.sdf,jacs_set_mcl1_extra_flips_protein.pdb,6.9037414,7.1671205,6.5959635,7.2432895,6.7033477,6.6227846,6.8195233,6.8060656,7.045223,7.006985,6.891404
jacs_set/mcl1_extra_flips/64,6.991230164555965,data/fep/jacs_set/jacs_set_mcl1_extra_flips_64.sdf,,data/fep/jacs_set/jacs_set_mcl1_extra_flips_protein.pdb,64,-9.5,-8.970000267,0.05999999866,jacs_set/mcl1_extra_flips,jacs_set,68,jacs_set_mcl1_extra_flips_64.sdf,jacs_set_mcl1_extra_flips_protein.pdb,6.2001586,6.301575,6.138759,6.2307634,6.315005,6.162547,6.6229787,7.0297933,6.3315697,6.245131,6.357828
jacs_set/mcl1_extra_flips/65,6.189078380448152,data/fep/jacs_set/jacs_set_mcl1_extra_flips_65.sdf,,data/fep/jacs_set/jacs_set_mcl1_extra_flips_protein.pdb,65,-8.409999847,-9.630000114,0.0700000003,jacs_set/mcl1_extra_flips,jacs_set,69,jacs_set_mcl1_extra_flips_65.sdf,jacs_set_mcl1_extra_flips_protein.pdb,6.774992,6.6089926,6.642234,6.7558675,6.859954,6.481926,6.436262,6.967558,7.0100584,6.4401236,6.697797
jacs_set/mcl1_extra_flips/66,6.20379709679284,data/fep/jacs_set/jacs_set_mcl1_extra_flips_66.sdf,,data/fep/jacs_set/jacs_set_mcl1_extra_flips_protein.pdb,66,-8.430000305,-8.670000076,0.0700000003,jacs_set/mcl1_extra_flips,jacs_set,70,jacs_set_mcl1_extra_flips_66.sdf,jacs_set_mcl1_extra_flips_protein.pdb,6.291311,6.578681,6.3153915,6.0933714,6.2663894,5.987455,6.81886,6.4275336,6.2245846,5.949751,6.295333
jacs_set/mcl1_extra_flips/67,5.578265696421129,data/fep/jacs_set/jacs_set_mcl1_extra_flips_67.sdf,,data/fep/jacs_set/jacs_set_mcl1_extra_flips_protein.pdb,67,-7.579999924,-9.220000267,0.05999999866,jacs_set/mcl1_extra_flips,jacs_set,71,jacs_set_mcl1_extra_flips_67.sdf,jacs_set_mcl1_extra_flips_protein.pdb,5.7411695,6.8315454,6.1741133,6.082415,6.652606,6.2525992,6.86414,6.526411,6.3331485,6.2366858,6.3694835
jacs_set/mcl1_extra_flips/68,5.659216880414261,data/fep/jacs_set/jacs_set_mcl1_extra_flips_68.sdf,,data/fep/jacs_set/jacs_set_mcl1_extra_flips_protein.pdb,68,-7.690000057,-7.159999847,0.05999999866,jacs_set/mcl1_extra_flips,jacs_set,72,jacs_set_mcl1_extra_flips_68.sdf,jacs_set_mcl1_extra_flips_protein.pdb,5.783965,6.065965,5.576778,6.1180944,6.1239333,6.5229783,5.683491,6.0199323,6.1606426,6.1874876,6.024327
jacs_set/cdk2/17,5.180869483345234,data/fep/jacs_set/jacs_set_cdk2_17.sdf,,data/fep/jacs_set/jacs_set_cdk2_protein.pdb,17,-7.039999961853027,-8.829999923706055,0.1599999964237213,jacs_set/cdk2,jacs_set,73,jacs_set_cdk2_17.sdf,jacs_set_cdk2_protein.pdb,6.1265745,5.770402,5.981345,5.8015165,6.2104855,6.2084837,6.3554554,6.378993,7.0301275,6.18875,6.2052135
jacs_set/cdk2/28,8.176059445049303,data/fep/jacs_set/jacs_set_cdk2_28.sdf,,data/fep/jacs_set/jacs_set_cdk2_protein.pdb,28,-11.109999656677246,-10.369999885559082,0.209999993443489,jacs_set/cdk2,jacs_set,74,jacs_set_cdk2_28.sdf,jacs_set_cdk2_protein.pdb,6.5556126,6.744834,7.8558087,6.2106757,6.6747575,6.7613087,6.04083,6.326478,6.9940233,6.8046184,6.6968946
jacs_set/cdk2/22,5.78432316071998,data/fep/jacs_set/jacs_set_cdk2_22.sdf,,data/fep/jacs_set/jacs_set_cdk2_protein.pdb,22,-7.860000133514404,-7.96999979019165,0.1700000017881393,jacs_set/cdk2,jacs_set,75,jacs_set_cdk2_22.sdf,jacs_set_cdk2_protein.pdb,6.2757244,6.8569083,6.0984855,6.124648,6.381866,6.397469,6.7631207,6.19288,6.6293364,6.3030953,6.402354
jacs_set/cdk2/30,7.219365352413783,data/fep/jacs_set/jacs_set_cdk2_30.sdf,,data/fep/jacs_set/jacs_set_cdk2_protein.pdb,30,-9.8100004196167,-8.40999984741211,0.2000000029802322,jacs_set/cdk2,jacs_set,76,jacs_set_cdk2_30.sdf,jacs_set_cdk2_protein.pdb,6.549551,6.9585457,7.713088,6.597898,6.4647326,6.142458,6.4046535,6.8228903,6.700762,6.2194495,6.657403
jacs_set/cdk2/1h1r,5.64449851531924,data/fep/jacs_set/jacs_set_cdk2_1h1r.sdf,,data/fep/jacs_set/jacs_set_cdk2_protein.pdb,1h1r,-7.670000076293945,-8.59000015258789,0.1700000017881393,jacs_set/cdk2,jacs_set,77,jacs_set_cdk2_1h1r.sdf,jacs_set_cdk2_protein.pdb,5.3725877,5.3573394,5.2359004,5.3294764,5.9418883,5.8565364,6.5932803,6.053998,5.7019176,5.7089105,5.7151837
jacs_set/cdk2/1h1s,8.279088352763642,data/fep/jacs_set/jacs_set_cdk2_1h1s.sdf,,data/fep/jacs_set/jacs_set_cdk2_protein.pdb,1h1s,-11.25,-9.970000267028809,0.209999993443489,jacs_set/cdk2,jacs_set,78,jacs_set_cdk2_1h1s.sdf,jacs_set_cdk2_protein.pdb,6.5066,6.5811167,7.5127707,6.42524,7.036867,6.469378,6.051369,6.4716024,7.0774636,6.4226356,6.6555047
jacs_set/cdk2/21,5.7622454373773335,data/fep/jacs_set/jacs_set_cdk2_21.sdf,,data/fep/jacs_set/jacs_set_cdk2_protein.pdb,21,-7.829999923706055,-8.170000076293945,0.1700000017881393,jacs_set/cdk2,jacs_set,79,jacs_set_cdk2_21.sdf,jacs_set_cdk2_protein.pdb,5.709645,5.729742,5.2455134,6.1142864,5.67103,5.8783135,6.2559724,5.8830867,6.7830114,5.8805785,5.915118
jacs_set/cdk2/1oiy,7.204646636243013,data/fep/jacs_set/jacs_set_cdk2_1oiy.sdf,,data/fep/jacs_set/jacs_set_cdk2_protein.pdb,1oiy,-9.789999961853027,-9.9399995803833,0.1700000017881393,jacs_set/cdk2,jacs_set,80,jacs_set_cdk2_1oiy.sdf,jacs_set_cdk2_protein.pdb,6.1143913,6.597778,6.771197,7.2198677,7.0901837,6.8583183,6.784033,6.065511,6.6947093,6.689542,6.688553
jacs_set/cdk2/1oiu,6.682144143239962,data/fep/jacs_set/jacs_set_cdk2_1oiu.sdf,,data/fep/jacs_set/jacs_set_cdk2_protein.pdb,1oiu,-9.079999923706056,-10.699999809265137,0.1599999964237213,jacs_set/cdk2,jacs_set,81,jacs_set_cdk2_1oiu.sdf,jacs_set_cdk2_protein.pdb,6.3880973,6.3922267,7.4792743,6.828503,6.880835,6.5387793,6.877223,6.617754,6.0403976,6.325228,6.6368318
jacs_set/cdk2/31,7.020666895070488,data/fep/jacs_set/jacs_set_cdk2_31.sdf,,data/fep/jacs_set/jacs_set_cdk2_protein.pdb,31,-9.539999961853027,-8.59000015258789,0.2000000029802322,jacs_set/cdk2,jacs_set,82,jacs_set_cdk2_31.sdf,jacs_set_cdk2_protein.pdb,6.434784,7.2474327,7.280126,6.784634,6.8301086,6.474666,6.9058022,6.671438,6.927275,6.8823195,6.843859
jacs_set/cdk2/29,7.270879455357445,data/fep/jacs_set/jacs_set_cdk2_29.sdf,,data/fep/jacs_set/jacs_set_cdk2_protein.pdb,29,-9.880000114440918,-9.15999984741211,0.1899999976158142,jacs_set/cdk2,jacs_set,83,jacs_set_cdk2_29.sdf,jacs_set_cdk2_protein.pdb,6.975429,7.6204343,8.43627,7.8165526,6.757195,6.165171,7.810908,6.7060456,6.723046,7.1808233,7.2191877
jacs_set/cdk2/26,6.203797096922201,data/fep/jacs_set/jacs_set_cdk2_26.sdf,,data/fep/jacs_set/jacs_set_cdk2_protein.pdb,26,-8.430000305175781,-8.84000015258789,0.1700000017881393,jacs_set/cdk2,jacs_set,84,jacs_set_cdk2_26.sdf,jacs_set_cdk2_protein.pdb,5.607655,5.829205,6.138696,6.2170625,6.125895,6.4877825,6.5254145,6.2000413,6.5459304,6.256273,6.193395
jacs_set/cdk2/1oi9,7.167850547643106,data/fep/jacs_set/jacs_set_cdk2_1oi9.sdf,,data/fep/jacs_set/jacs_set_cdk2_protein.pdb,1oi9,-9.739999771118164,-9.4399995803833,0.1599999964237213,jacs_set/cdk2,jacs_set,85,jacs_set_cdk2_1oi9.sdf,jacs_set_cdk2_protein.pdb,5.7413726,5.957656,5.966793,6.932779,6.4905353,6.879687,5.9968987,6.207087,6.737703,6.018545,6.2929053
jacs_set/cdk2/20,6.41721356860925,data/fep/jacs_set/jacs_set_cdk2_20.sdf,,data/fep/jacs_set/jacs_set_cdk2_protein.pdb,20,-8.720000267028809,-9.0600004196167,0.1800000071525573,jacs_set/cdk2,jacs_set,86,jacs_set_cdk2_20.sdf,jacs_set_cdk2_protein.pdb,5.669431,5.5810814,5.612387,5.6788774,5.9016995,6.254713,5.774392,5.6452994,6.519577,5.7222133,5.835967
jacs_set/cdk2/32,7.17520990572849,data/fep/jacs_set/jacs_set_cdk2_32.sdf,,data/fep/jacs_set/jacs_set_cdk2_protein.pdb,32,-9.75,-9.84000015258789,0.2199999988079071,jacs_set/cdk2,jacs_set,87,jacs_set_cdk2_32.sdf,jacs_set_cdk2_protein.pdb,7.4978456,7.0475044,7.8878384,7.1877203,6.879756,6.794333,7.3089423,6.405613,7.4154463,7.509664,7.193467
jacs_set/cdk2/1h1q,6.019817355749676,data/fep/jacs_set/jacs_set_cdk2_1h1q.sdf,,data/fep/jacs_set/jacs_set_cdk2_protein.pdb,1h1q,-8.180000305175781,-7.820000171661377,0.1599999964237213,jacs_set/cdk2,jacs_set,88,jacs_set_cdk2_1h1q.sdf,jacs_set_cdk2_protein.pdb,5.7951474,6.024143,5.609796,5.971819,5.980131,6.366906,5.950608,5.62826,6.683007,5.8413568,5.985118
jacs_set/jnk1_manual_flips/18626-1,6.527601132581959,data/fep/jacs_set/jacs_set_jnk1_manual_flips_18626-1.sdf,,data/fep/jacs_set/jacs_set_jnk1_manual_flips_protein.pdb,18626-1,-8.869999885559082,-8.829999923706055,0.0900000035762786,jacs_set/jnk1_manual_flips,jacs_set,89,jacs_set_jnk1_manual_flips_18626-1.sdf,jacs_set_jnk1_manual_flips_protein.pdb,7.34131,6.8478465,7.2812905,6.990069,7.2030544,6.935422,7.3624854,7.0583386,6.6155233,7.128561,7.0763903
jacs_set/jnk1_manual_flips/18628-1_flip,6.402494852438481,data/fep/jacs_set/jacs_set_jnk1_manual_flips_18628-1_flip.sdf,,data/fep/jacs_set/jacs_set_jnk1_manual_flips_protein.pdb,18628-1_flip,-8.699999809265137,-7.309999942779541,0.0900000035762786,jacs_set/jnk1_manual_flips,jacs_set,90,jacs_set_jnk1_manual_flips_18628-1_flip.sdf,jacs_set_jnk1_manual_flips_protein.pdb,6.212365,6.2146473,6.597647,6.491921,6.8987374,6.167499,5.3925304,6.6247396,6.4363174,6.226364,6.3262773
jacs_set/jnk1_manual_flips/18629-1,6.380417480009342,data/fep/jacs_set/jacs_set_jnk1_manual_flips_18629-1.sdf,,data/fep/jacs_set/jacs_set_jnk1_manual_flips_protein.pdb,18629-1,-8.670000076293945,-8.510000228881836,0.0900000035762786,jacs_set/jnk1_manual_flips,jacs_set,91,jacs_set_jnk1_manual_flips_18629-1.sdf,jacs_set_jnk1_manual_flips_protein.pdb,6.4209485,6.2407537,7.3605485,6.6838174,6.781062,6.4969006,5.7853866,6.6509347,6.320056,6.564476,6.5304885
jacs_set/jnk1_manual_flips/18636-1,5.526751593261146,data/fep/jacs_set/jacs_set_jnk1_manual_flips_18636-1.sdf,,data/fep/jacs_set/jacs_set_jnk1_manual_flips_protein.pdb,18636-1,-7.510000228881836,-8.350000381469727,0.0900000035762786,jacs_set/jnk1_manual_flips,jacs_set,92,jacs_set_jnk1_manual_flips_18636-1.sdf,jacs_set_jnk1_manual_flips_protein.pdb,6.4895806,6.890781,7.04313,7.143447,6.830285,6.474481,6.616724,7.0317736,6.347934,6.8589697,6.7727103
jacs_set/jnk1_manual_flips/17124-1,7.123695802784827,data/fep/jacs_set/jacs_set_jnk1_manual_flips_17124-1.sdf,,data/fep/jacs_set/jacs_set_jnk1_manual_flips_protein.pdb,17124-1,-9.68000030517578,-10.65999984741211,0.0900000035762786,jacs_set/jnk1_manual_flips,jacs_set,93,jacs_set_jnk1_manual_flips_17124-1.sdf,jacs_set_jnk1_manual_flips_protein.pdb,6.660481,6.153737,6.851659,7.0427904,7.0657835,6.5825057,7.0765204,6.5538387,6.496444,6.257828,6.6741586
jacs_set/jnk1_manual_flips/18627-1,6.240592483695093,data/fep/jacs_set/jacs_set_jnk1_manual_flips_18627-1.sdf,,data/fep/jacs_set/jacs_set_jnk1_manual_flips_protein.pdb,18627-1,-8.479999542236328,-8.670000076293945,0.0900000035762786,jacs_set/jnk1_manual_flips,jacs_set,94,jacs_set_jnk1_manual_flips_18627-1.sdf,jacs_set_jnk1_manual_flips_protein.pdb,7.4833684,7.0072017,7.310366,7.091862,7.0922933,6.9157352,7.3306775,7.036043,6.4122148,7.044216,7.072398
jacs_set/jnk1_manual_flips/18638-1,7.425422466015447,data/fep/jacs_set/jacs_set_jnk1_manual_flips_18638-1.sdf,,data/fep/jacs_set/jacs_set_jnk1_manual_flips_protein.pdb,18638-1,-10.09000015258789,-10.270000457763672,0.0900000035762786,jacs_set/jnk1_manual_flips,jacs_set,95,jacs_set_jnk1_manual_flips_18638-1.sdf,jacs_set_jnk1_manual_flips_protein.pdb,6.559187,7.0823965,7.117033,6.411526,7.1148243,7.018582,6.3541536,7.4058347,5.6640453,6.2747226,6.7002296
jacs_set/jnk1_manual_flips/18659-1,6.969152792126826,data/fep/jacs_set/jacs_set_jnk1_manual_flips_18659-1.sdf,,data/fep/jacs_set/jacs_set_jnk1_manual_flips_protein.pdb,18659-1,-9.470000267028809,-9.6899995803833,0.0900000035762786,jacs_set/jnk1_manual_flips,jacs_set,96,jacs_set_jnk1_manual_flips_18659-1.sdf,jacs_set_jnk1_manual_flips_protein.pdb,6.621506,7.335716,6.912145,6.0837336,7.541384,6.8200703,6.7066407,7.113683,7.2638736,6.038047,6.8436804
jacs_set/jnk1_manual_flips/18639-1,7.167850547643106,data/fep/jacs_set/jacs_set_jnk1_manual_flips_18639-1.sdf,,data/fep/jacs_set/jacs_set_jnk1_manual_flips_protein.pdb,18639-1,-9.739999771118164,-10.050000190734863,0.1000000014901161,jacs_set/jnk1_manual_flips,jacs_set,97,jacs_set_jnk1_manual_flips_18639-1.sdf,jacs_set_jnk1_manual_flips_protein.pdb,6.228308,7.1173563,6.8881707,6.1586733,6.9749904,6.5537705,5.8534074,6.6127315,6.4138465,6.0179925,6.481925
jacs_set/jnk1_manual_flips/18634-1,7.351830288815631,data/fep/jacs_set/jacs_set_jnk1_manual_flips_18634-1.sdf,,data/fep/jacs_set/jacs_set_jnk1_manual_flips_protein.pdb,18634-1,-9.989999771118164,-10.109999656677246,0.0900000035762786,jacs_set/jnk1_manual_flips,jacs_set,98,jacs_set_jnk1_manual_flips_18634-1.sdf,jacs_set_jnk1_manual_flips_protein.pdb,6.5259495,6.7527003,7.0291576,5.936903,6.663444,6.7340508,6.6305256,6.4310136,6.702771,6.035387,6.5441904
jacs_set/jnk1_manual_flips/18630-1,6.726299589925254,data/fep/jacs_set/jacs_set_jnk1_manual_flips_18630-1.sdf,,data/fep/jacs_set/jacs_set_jnk1_manual_flips_protein.pdb,18630-1,-9.140000343322754,-8.40999984741211,0.0900000035762786,jacs_set/jnk1_manual_flips,jacs_set,99,jacs_set_jnk1_manual_flips_18630-1.sdf,jacs_set_jnk1_manual_flips_protein.pdb,6.56697,6.287176,7.4275784,6.7214384,6.653899,6.502162,5.73635,6.6087627,6.2110777,6.3622074,6.507763
jacs_set/jnk1_manual_flips/18637-1,7.462218554615355,data/fep/jacs_set/jacs_set_jnk1_manual_flips_18637-1.sdf,,data/fep/jacs_set/jacs_set_jnk1_manual_flips_protein.pdb,18637-1,-10.140000343322754,-10.56999969482422,0.0900000035762786,jacs_set/jnk1_manual_flips,jacs_set,100,jacs_set_jnk1_manual_flips_18637-1.sdf,jacs_set_jnk1_manual_flips_protein.pdb,6.8184977,7.21747,7.1503434,6.302092,7.2656355,7.0520873,6.6896696,7.138253,7.1218915,6.4761558,6.923209
jacs_set/jnk1_manual_flips/18658-1,7.138413817128582,data/fep/jacs_set/jacs_set_jnk1_manual_flips_18658-1.sdf,,data/fep/jacs_set/jacs_set_jnk1_manual_flips_protein.pdb,18658-1,-9.699999809265137,-9.720000267028809,0.0900000035762786,jacs_set/jnk1_manual_flips,jacs_set,101,jacs_set_jnk1_manual_flips_18658-1.sdf,jacs_set_jnk1_manual_flips_protein.pdb,6.4231644,6.8983855,6.7226415,5.8676453,6.864107,6.5071163,6.3090744,7.1226373,7.026792,6.1893754,6.593094
jacs_set/jnk1_manual_flips/18632-1,6.682144143239962,data/fep/jacs_set/jacs_set_jnk1_manual_flips_18632-1.sdf,,data/fep/jacs_set/jacs_set_jnk1_manual_flips_protein.pdb,18632-1,-9.079999923706056,-8.90999984741211,0.0900000035762786,jacs_set/jnk1_manual_flips,jacs_set,102,jacs_set_jnk1_manual_flips_18632-1.sdf,jacs_set_jnk1_manual_flips_protein.pdb,6.384915,6.493623,6.953172,6.214259,7.032929,6.554719,6.2749968,6.517016,6.0152054,6.7247334,6.516557
jacs_set/jnk1_manual_flips/18633-1,6.748376962354391,data/fep/jacs_set/jacs_set_jnk1_manual_flips_18633-1.sdf,,data/fep/jacs_set/jacs_set_jnk1_manual_flips_protein.pdb,18633-1,-9.170000076293944,-8.869999885559082,0.0900000035762786,jacs_set/jnk1_manual_flips,jacs_set,103,jacs_set_jnk1_manual_flips_18633-1.sdf,jacs_set_jnk1_manual_flips_protein.pdb,6.4728003,6.5770674,7.068407,6.396453,6.940571,6.5599446,6.244645,6.5948796,6.01041,6.4866157,6.535179
jacs_set/jnk1_manual_flips/18635-1,5.36484922451776,data/fep/jacs_set/jacs_set_jnk1_manual_flips_18635-1.sdf,,data/fep/jacs_set/jacs_set_jnk1_manual_flips_protein.pdb,18635-1,-7.289999961853027,-7.889999866485596,0.0900000035762786,jacs_set/jnk1_manual_flips,jacs_set,104,jacs_set_jnk1_manual_flips_18635-1.sdf,jacs_set_jnk1_manual_flips_protein.pdb,6.068229,6.2975826,6.951889,6.5974073,7.1080875,6.468624,5.9710975,6.4215374,6.6990166,5.8228765,6.4406347
jacs_set/jnk1_manual_flips/18631-1,6.924997345441533,data/fep/jacs_set/jacs_set_jnk1_manual_flips_18631-1.sdf,,data/fep/jacs_set/jacs_set_jnk1_manual_flips_protein.pdb,18631-1,-9.40999984741211,-8.770000457763672,0.0900000035762786,jacs_set/jnk1_manual_flips,jacs_set,105,jacs_set_jnk1_manual_flips_18631-1.sdf,jacs_set_jnk1_manual_flips_protein.pdb,6.1582127,6.757815,7.122467,6.2457247,6.549957,6.5279226,5.9844694,6.3890357,6.2370334,5.900045,6.387268
jacs_set/jnk1_manual_flips/18660-1,6.402494852438481,data/fep/jacs_set/jacs_set_jnk1_manual_flips_18660-1.sdf,,data/fep/jacs_set/jacs_set_jnk1_manual_flips_protein.pdb,18660-1,-8.699999809265137,-9.25,0.0900000035762786,jacs_set/jnk1_manual_flips,jacs_set,106,jacs_set_jnk1_manual_flips_18660-1.sdf,jacs_set_jnk1_manual_flips_protein.pdb,6.940909,7.3245354,7.278152,6.432163,7.3328915,6.5375743,6.931603,7.660097,6.927196,6.5643353,6.9929457
jacs_set/jnk1_manual_flips/18625-1,5.968302550978998,data/fep/jacs_set/jacs_set_jnk1_manual_flips_18625-1.sdf,,data/fep/jacs_set/jacs_set_jnk1_manual_flips_protein.pdb,18625-1,-8.109999656677246,-7.5,0.0900000035762786,jacs_set/jnk1_manual_flips,jacs_set,107,jacs_set_jnk1_manual_flips_18625-1.sdf,jacs_set_jnk1_manual_flips_protein.pdb,6.6734614,6.78771,7.3530617,6.946903,7.0563674,6.6084743,6.7485294,6.7025094,6.311309,6.2029233,6.7391253
jacs_set/jnk1_manual_flips/18624-1,6.247951841780479,data/fep/jacs_set/jacs_set_jnk1_manual_flips_18624-1.sdf,,data/fep/jacs_set/jacs_set_jnk1_manual_flips_protein.pdb,18624-1,-8.489999771118164,-7.659999847412109,0.0900000035762786,jacs_set/jnk1_manual_flips,jacs_set,108,jacs_set_jnk1_manual_flips_18624-1.sdf,jacs_set_jnk1_manual_flips_protein.pdb,6.1882195,6.242089,7.214419,6.852552,6.603229,6.5531735,5.951698,6.4111013,5.863097,6.3850193,6.4264603
jacs_set/jnk1_manual_flips/18652-1,7.859614767474929,data/fep/jacs_set/jacs_set_jnk1_manual_flips_18652-1.sdf,,data/fep/jacs_set/jacs_set_jnk1_manual_flips_protein.pdb,18652-1,-10.68000030517578,-11.020000457763672,0.0900000035762786,jacs_set/jnk1_manual_flips,jacs_set,109,jacs_set_jnk1_manual_flips_18652-1.sdf,jacs_set_jnk1_manual_flips_protein.pdb,6.561068,7.0443377,7.083344,6.617319,7.2437983,7.031851,6.5925074,7.258801,5.9134927,6.249779,6.7596297
jacs_set/thrombin_core/6a,6.755736320439776,data/fep/jacs_set/jacs_set_thrombin_core_6a.sdf,,data/fep/jacs_set/jacs_set_thrombin_core_protein.pdb,6a,-9.18000030517578,-9.65999984741211,0.1400000005960464,jacs_set/thrombin_core,jacs_set,110,jacs_set_thrombin_core_6a.sdf,jacs_set_thrombin_core_protein.pdb,8.518346,6.7230415,8.251824,6.9276114,7.744596,7.4943614,7.3747234,7.094846,7.032253,6.941193,7.4102793
jacs_set/thrombin_core/3a,6.122845561637,data/fep/jacs_set/jacs_set_thrombin_core_3a.sdf,,data/fep/jacs_set/jacs_set_thrombin_core_protein.pdb,3a,-8.319999694824219,-7.789999961853027,0.1299999952316284,jacs_set/thrombin_core,jacs_set,111,jacs_set_thrombin_core_3a.sdf,jacs_set_thrombin_core_protein.pdb,5.6922865,5.356203,6.5689006,5.471117,5.0353227,5.672928,5.3753533,7.094907,5.376126,5.152073,5.6795216
jacs_set/thrombin_core/1d,6.071331458693337,data/fep/jacs_set/jacs_set_thrombin_core_1d.sdf,,data/fep/jacs_set/jacs_set_thrombin_core_protein.pdb,1d,-8.25,-9.420000076293944,0.1299999952316284,jacs_set/thrombin_core,jacs_set,112,jacs_set_thrombin_core_1d.sdf,jacs_set_thrombin_core_protein.pdb,7.0479755,6.7177405,6.015511,6.5875497,5.6817207,5.6962466,6.6398883,7.0404105,7.475409,6.3491917,6.5251646
jacs_set/thrombin_core/6e,6.5570378630964825,data/fep/jacs_set/jacs_set_thrombin_core_6e.sdf,,data/fep/jacs_set/jacs_set_thrombin_core_protein.pdb,6e,-8.90999984741211,-8.609999656677246,0.1299999952316284,jacs_set/thrombin_core,jacs_set,113,jacs_set_thrombin_core_6e.sdf,jacs_set_thrombin_core_protein.pdb,7.724102,5.626568,7.3375545,5.8864045,6.7635517,6.277346,6.803416,6.814831,6.750491,5.930977,6.5915246
jacs_set/thrombin_core/6b,6.5423198487527285,data/fep/jacs_set/jacs_set_thrombin_core_6b.sdf,,data/fep/jacs_set/jacs_set_thrombin_core_protein.pdb,6b,-8.890000343322754,-9.06999969482422,0.1299999952316284,jacs_set/thrombin_core,jacs_set,114,jacs_set_thrombin_core_6b.sdf,jacs_set_thrombin_core_protein.pdb,6.770477,5.635622,6.547564,5.9103103,6.4139433,6.1288767,6.7732644,6.11628,6.3981075,4.823019,6.1517463
jacs_set/thrombin_core/1b,6.22587446935134,data/fep/jacs_set/jacs_set_thrombin_core_1b.sdf,,data/fep/jacs_set/jacs_set_thrombin_core_protein.pdb,1b,-8.460000038146973,-8.1899995803833,0.1599999964237213,jacs_set/thrombin_core,jacs_set,115,jacs_set_thrombin_core_1b.sdf,jacs_set_thrombin_core_protein.pdb,6.1536064,5.315312,6.8221483,5.2768974,6.373858,5.32273,6.2255535,6.1603594,5.7902155,5.2431216,5.86838
jacs_set/thrombin_core/1a,5.5046738699185,data/fep/jacs_set/jacs_set_thrombin_core_1a.sdf,,data/fep/jacs_set/jacs_set_thrombin_core_protein.pdb,1a,-7.480000019073486,-7.320000171661377,0.1400000005960464,jacs_set/thrombin_core,jacs_set,116,jacs_set_thrombin_core_1a.sdf,jacs_set_thrombin_core_protein.pdb,6.1236196,5.282996,6.2081966,5.273868,5.9515967,5.1851225,5.6971946,6.394358,6.403478,4.592697,5.711313
jacs_set/thrombin_core/5,5.5782656962048085,data/fep/jacs_set/jacs_set_thrombin_core_5.sdf,,data/fep/jacs_set/jacs_set_thrombin_core_protein.pdb,5,-7.579999923706055,-6.699999809265137,0.1299999952316284,jacs_set/thrombin_core,jacs_set,117,jacs_set_thrombin_core_5.sdf,jacs_set_thrombin_core_protein.pdb,5.066867,5.0152097,6.458131,4.507469,4.752178,5.4402575,4.9454074,6.196235,5.4039288,4.3948946,5.2180576
jacs_set/thrombin_core/3b,5.78432316071998,data/fep/jacs_set/jacs_set_thrombin_core_3b.sdf,,data/fep/jacs_set/jacs_set_thrombin_core_protein.pdb,3b,-7.860000133514404,-7.860000133514404,0.1400000005960464,jacs_set/thrombin_core,jacs_set,118,jacs_set_thrombin_core_3b.sdf,jacs_set_thrombin_core_protein.pdb,6.2221913,5.466291,6.663173,5.437358,5.749125,5.4245334,6.056844,6.972023,5.882801,5.5663085,5.944064
jacs_set/thrombin_core/7a,6.049254086264199,data/fep/jacs_set/jacs_set_thrombin_core_7a.sdf,,data/fep/jacs_set/jacs_set_thrombin_core_protein.pdb,7a,-8.220000267028809,-8.050000190734863,0.1299999952316284,jacs_set/thrombin_core,jacs_set,119,jacs_set_thrombin_core_7a.sdf,jacs_set_thrombin_core_protein.pdb,6.1425014,5.8121967,6.1334653,6.129589,5.612243,5.6782966,6.85443,6.8701406,5.811127,5.4483037,6.0492296
jacs_set/thrombin_core/1c,6.299466646551156,data/fep/jacs_set/jacs_set_thrombin_core_1c.sdf,,data/fep/jacs_set/jacs_set_thrombin_core_protein.pdb,1c,-8.5600004196167,-9.039999961853027,0.1299999952316284,jacs_set/thrombin_core,jacs_set,120,jacs_set_thrombin_core_1c.sdf,jacs_set_thrombin_core_protein.pdb,7.00334,6.152982,7.332585,5.8434653,6.1782513,5.7660656,5.5968666,7.159234,6.7672706,6.200831,6.4000883
jacs_set/tyk2/jmc_23,8.610251746508785,data/fep/jacs_set/jacs_set_tyk2_jmc_23.sdf,,data/fep/jacs_set/jacs_set_tyk2_protein.pdb,jmc_23,-11.699999809265137,-11.270000457763672,0.1099999994039535,jacs_set/tyk2,jacs_set,121,jacs_set_tyk2_jmc_23.sdf,jacs_set_tyk2_protein.pdb,8.712673,7.8162766,8.69561,8.498478,8.378933,8.442355,8.0959015,7.8913946,8.235988,8.62768,8.339529
jacs_set/tyk2/ejm_47,7.138413817128582,data/fep/jacs_set/jacs_set_tyk2_ejm_47.sdf,,data/fep/jacs_set/jacs_set_tyk2_protein.pdb,ejm_47,-9.699999809265137,-9.9399995803833,0.1099999994039535,jacs_set/tyk2,jacs_set,122,jacs_set_tyk2_ejm_47.sdf,jacs_set_tyk2_protein.pdb,8.354214,7.471125,7.848746,6.959952,7.422908,7.0973043,7.016253,7.492777,7.9103785,7.189761,7.4763412
jacs_set/tyk2/ejm_49,5.703371976348287,data/fep/jacs_set/jacs_set_tyk2_ejm_49.sdf,,data/fep/jacs_set/jacs_set_tyk2_protein.pdb,ejm_49,-7.75,-8.050000190734863,0.1099999994039535,jacs_set/tyk2,jacs_set,123,jacs_set_tyk2_ejm_49.sdf,jacs_set_tyk2_protein.pdb,6.7028184,6.218954,6.8672013,6.8169427,6.8309712,6.1983438,6.082503,6.590992,6.307176,6.51421,6.513011
jacs_set/tyk2/ejm_31,7.020666895070488,data/fep/jacs_set/jacs_set_tyk2_ejm_31.sdf,,data/fep/jacs_set/jacs_set_tyk2_protein.pdb,ejm_31,-9.539999961853027,-9.90999984741211,0.1099999994039535,jacs_set/tyk2,jacs_set,124,jacs_set_tyk2_ejm_31.sdf,jacs_set_tyk2_protein.pdb,6.328091,6.310978,7.3462844,6.044139,6.130169,5.896035,6.0245037,6.785857,5.924283,6.118282,6.290862
jacs_set/tyk2/ejm_45,7.035385611241257,data/fep/jacs_set/jacs_set_tyk2_ejm_45.sdf,,data/fep/jacs_set/jacs_set_tyk2_protein.pdb,ejm_45,-9.5600004196167,-9.65999984741211,0.1199999973177909,jacs_set/tyk2,jacs_set,125,jacs_set_tyk2_ejm_45.sdf,jacs_set_tyk2_protein.pdb,8.102786,7.9588485,7.959189,7.7898917,8.204781,7.8835993,7.744995,7.8458953,7.827346,7.096349,7.841368
jacs_set/tyk2/ejm_44,5.460518774146715,data/fep/jacs_set/jacs_set_tyk2_ejm_44.sdf,,data/fep/jacs_set/jacs_set_tyk2_protein.pdb,ejm_44,-7.420000076293945,-6.480000019073486,0.1299999952316284,jacs_set/tyk2,jacs_set,126,jacs_set_tyk2_ejm_44.sdf,jacs_set_tyk2_protein.pdb,5.750409,6.08883,7.0688324,5.8486247,6.2838926,6.7766337,5.9729757,6.4321895,7.2866273,6.4221416,6.393116
jacs_set/tyk2/ejm_43,6.078690816778723,data/fep/jacs_set/jacs_set_tyk2_ejm_43.sdf,,data/fep/jacs_set/jacs_set_tyk2_protein.pdb,ejm_43,-8.260000228881836,-8.300000190734863,0.1199999973177909,jacs_set/tyk2,jacs_set,127,jacs_set_tyk2_ejm_43.sdf,jacs_set_tyk2_protein.pdb,6.857432,5.920908,6.5728755,6.1989183,5.8743396,6.414053,5.950162,6.6177516,6.534399,5.849115,6.2789946
jacs_set/tyk2/ejm_50,6.608551966040144,data/fep/jacs_set/jacs_set_tyk2_ejm_50.sdf,,data/fep/jacs_set/jacs_set_tyk2_protein.pdb,ejm_50,-8.979999542236328,-9.399999618530272,0.1199999973177909,jacs_set/tyk2,jacs_set,128,jacs_set_tyk2_ejm_50.sdf,jacs_set_tyk2_protein.pdb,5.9519553,6.760358,6.979614,6.6782727,7.438973,6.2425146,5.992973,6.1367054,5.9372168,5.891377,6.400996
jacs_set/tyk2/ejm_42,7.197287278157629,data/fep/jacs_set/jacs_set_tyk2_ejm_42.sdf,,data/fep/jacs_set/jacs_set_tyk2_protein.pdb,ejm_42,-9.779999732971191,-9.949999809265137,0.1199999973177909,jacs_set/tyk2,jacs_set,129,jacs_set_tyk2_ejm_42.sdf,jacs_set_tyk2_protein.pdb,6.5803356,5.915958,7.3053436,6.2083473,6.645566,6.196,5.9347324,6.989556,6.8518276,5.6842523,6.431192
jacs_set/tyk2/ejm_55,6.777813692868916,data/fep/jacs_set/jacs_set_tyk2_ejm_55.sdf,,data/fep/jacs_set/jacs_set_tyk2_protein.pdb,ejm_55,-9.210000038146973,-10.34000015258789,0.1099999994039535,jacs_set/tyk2,jacs_set,130,jacs_set_tyk2_ejm_55.sdf,jacs_set_tyk2_protein.pdb,6.495524,6.682911,7.4332542,6.207036,6.505081,7.3818374,5.946887,6.8147874,6.375422,5.910852,6.5753593
jacs_set/tyk2/ejm_48,6.623270682210914,data/fep/jacs_set/jacs_set_tyk2_ejm_48.sdf,,data/fep/jacs_set/jacs_set_tyk2_protein.pdb,ejm_48,-9.0,-8.859999656677246,0.1199999973177909,jacs_set/tyk2,jacs_set,131,jacs_set_tyk2_ejm_48.sdf,jacs_set_tyk2_protein.pdb,8.317152,7.1498585,7.688608,6.6717553,7.3555994,6.523511,6.643582,7.0086613,7.128668,6.255126,7.074252
jacs_set/tyk2/ejm_54,7.749226501675205,data/fep/jacs_set/jacs_set_tyk2_ejm_54.sdf,,data/fep/jacs_set/jacs_set_tyk2_protein.pdb,ejm_54,-10.529999732971191,-10.380000114440918,0.1099999994039535,jacs_set/tyk2,jacs_set,132,jacs_set_tyk2_ejm_54.sdf,jacs_set_tyk2_protein.pdb,6.396363,5.9412456,5.9701185,6.4003534,7.0595565,6.6773043,6.4269786,6.8745775,6.6148405,5.6779127,6.4039254
jacs_set/tyk2/jmc_28,8.080389895420348,data/fep/jacs_set/jacs_set_tyk2_jmc_28.sdf,,data/fep/jacs_set/jacs_set_tyk2_protein.pdb,jmc_28,-10.979999542236328,-10.34000015258789,0.1099999994039535,jacs_set/tyk2,jacs_set,133,jacs_set_tyk2_jmc_28.sdf,jacs_set_tyk2_protein.pdb,8.121512,8.02009,8.127822,7.9724097,7.258343,7.662162,7.894052,7.8274035,7.875353,7.471239,7.8230386
jacs_set/tyk2/jmc_27,8.301165725192782,data/fep/jacs_set/jacs_set_tyk2_jmc_27.sdf,,data/fep/jacs_set/jacs_set_tyk2_protein.pdb,jmc_27,-11.279999732971191,-11.100000381469728,0.1099999994039535,jacs_set/tyk2,jacs_set,134,jacs_set_tyk2_jmc_27.sdf,jacs_set_tyk2_protein.pdb,8.31638,7.8947916,8.351135,8.138697,8.185262,8.161442,8.100074,8.273338,8.231108,8.298038,8.195026
jacs_set/tyk2/jmc_30,8.050953164905824,data/fep/jacs_set/jacs_set_tyk2_jmc_30.sdf,,data/fep/jacs_set/jacs_set_tyk2_protein.pdb,jmc_30,-10.9399995803833,-11.130000114440918,0.1099999994039535,jacs_set/tyk2,jacs_set,135,jacs_set_tyk2_jmc_30.sdf,jacs_set_tyk2_protein.pdb,8.262596,8.310723,7.83105,8.382698,8.29973,8.503396,8.221731,8.544555,8.585361,8.288887,8.323072
jacs_set/tyk2/ejm_46,8.323243799448935,data/fep/jacs_set/jacs_set_tyk2_ejm_46.sdf,,data/fep/jacs_set/jacs_set_tyk2_protein.pdb,ejm_46,-11.3100004196167,-10.81999969482422,0.1199999973177909,jacs_set/tyk2,jacs_set,136,jacs_set_tyk2_ejm_46.sdf,jacs_set_tyk2_protein.pdb,8.48923,7.9101105,8.130148,7.383744,8.040822,8.145043,7.731332,7.780128,7.849838,7.8700566,7.9330454
jacs_set/p38/2j,7.418063107930064,data/fep/jacs_set/jacs_set_p38_2j.sdf,,data/fep/jacs_set/jacs_set_p38_protein.pdb,2j,-10.079999923706056,-9.289999961853027,0.0700000002980232,jacs_set/p38,jacs_set,137,jacs_set_p38_2j.sdf,jacs_set_p38_protein.pdb,8.109895,7.6199727,7.8648643,6.895281,7.0025353,6.988942,7.653802,7.096766,8.121442,7.8018336,7.5155334
jacs_set/p38/2gg,7.84489605130416,data/fep/jacs_set/jacs_set_p38_2gg.sdf,,data/fep/jacs_set/jacs_set_p38_protein.pdb,2gg,-10.65999984741211,-9.34000015258789,0.0799999982118606,jacs_set/p38,jacs_set,138,jacs_set_p38_2gg.sdf,jacs_set_p38_protein.pdb,7.684004,7.3634014,7.4053845,7.8757715,7.142258,7.3925786,7.363696,8.171723,7.5217695,7.6671214,7.5587707
jacs_set/p38/2q,9.022366675539129,data/fep/jacs_set/jacs_set_p38_2q.sdf,,data/fep/jacs_set/jacs_set_p38_protein.pdb,2q,-12.260000228881836,-11.779999732971191,0.0799999982118606,jacs_set/p38,jacs_set,139,jacs_set_p38_2q.sdf,jacs_set_p38_protein.pdb,7.478754,7.6597104,6.6040974,7.775422,7.198053,7.4873805,7.8278756,7.759206,7.175719,7.572008,7.453822
jacs_set/p38/2t,8.720640012308511,data/fep/jacs_set/jacs_set_p38_2t.sdf,,data/fep/jacs_set/jacs_set_p38_protein.pdb,2t,-11.850000381469728,-10.90999984741211,0.0799999982118606,jacs_set/p38,jacs_set,140,jacs_set_p38_2t.sdf,jacs_set_p38_protein.pdb,7.8160906,7.0493436,7.485297,7.4962416,7.0895896,6.994446,7.7219934,7.881777,8.136288,7.736953,7.540802
jacs_set/p38/2g,7.84489605130416,data/fep/jacs_set/jacs_set_p38_2g.sdf,,data/fep/jacs_set/jacs_set_p38_protein.pdb,2g,-10.65999984741211,-11.029999732971191,0.0700000002980232,jacs_set/p38,jacs_set,141,jacs_set_p38_2g.sdf,jacs_set_p38_protein.pdb,7.4599075,7.662316,7.1400294,7.537609,7.2496195,6.6693964,7.704336,7.1686373,7.5478306,7.16592,7.3305597
jacs_set/p38/2l,9.022366675539129,data/fep/jacs_set/jacs_set_p38_2l.sdf,,data/fep/jacs_set/jacs_set_p38_protein.pdb,2l,-12.260000228881836,-12.09000015258789,0.0700000002980232,jacs_set/p38,jacs_set,142,jacs_set_p38_2l.sdf,jacs_set_p38_protein.pdb,8.026383,7.861279,7.4245267,6.9227395,7.039362,7.003009,7.655369,7.231412,8.2192745,7.7529125,7.513627
jacs_set/p38/2ee,9.022366675539129,data/fep/jacs_set/jacs_set_p38_2ee.sdf,,data/fep/jacs_set/jacs_set_p38_protein.pdb,2ee,-12.260000228881836,-10.65999984741211,0.0700000002980232,jacs_set/p38,jacs_set,143,jacs_set_p38_2ee.sdf,jacs_set_p38_protein.pdb,7.7308493,7.197062,7.360427,7.162252,7.1884036,7.047389,7.094142,7.326291,7.708468,7.458521,7.32738
jacs_set/p38/2aa,6.821969139554209,data/fep/jacs_set/jacs_set_p38_2aa.sdf,,data/fep/jacs_set/jacs_set_p38_protein.pdb,2aa,-9.270000457763672,-11.199999809265137,0.0799999982118606,jacs_set/p38,jacs_set,144,jacs_set_p38_2aa.sdf,jacs_set_p38_protein.pdb,7.1717505,7.460695,6.710808,7.063262,6.863235,6.6375327,7.487346,6.6232333,7.8418603,6.5765133,7.043624
jacs_set/p38/2o,7.7197897711606815,data/fep/jacs_set/jacs_set_p38_2o.sdf,,data/fep/jacs_set/jacs_set_p38_protein.pdb,2o,-10.489999771118164,-10.329999923706056,0.0700000002980232,jacs_set/p38,jacs_set,145,jacs_set_p38_2o.sdf,jacs_set_p38_protein.pdb,7.7020154,7.790944,7.5912857,7.9936824,7.1547937,7.5397305,7.541477,8.191727,7.8962007,7.7417145,7.714357
jacs_set/p38/3flw,7.859614767474929,data/fep/jacs_set/jacs_set_p38_3flw.sdf,,data/fep/jacs_set/jacs_set_p38_protein.pdb,3flw,-10.68000030517578,-11.90999984741211,0.1099999994039535,jacs_set/p38,jacs_set,146,jacs_set_p38_3flw.sdf,jacs_set_p38_protein.pdb,7.285424,7.622803,7.3277063,7.05159,6.9277906,7.080561,7.415534,6.9072886,7.946265,6.6372747,7.220224
jacs_set/p38/2u,9.022366675539129,data/fep/jacs_set/jacs_set_p38_2u.sdf,,data/fep/jacs_set/jacs_set_p38_protein.pdb,2u,-12.260000228881836,-12.050000190734863,0.0799999982118606,jacs_set/p38,jacs_set,147,jacs_set_p38_2u.sdf,jacs_set_p38_protein.pdb,7.852657,8.344725,7.2301836,8.03252,8.017502,7.4456816,7.7153974,7.8994713,7.7605424,7.712119,7.80108
jacs_set/p38/2p,8.242292264163734,data/fep/jacs_set/jacs_set_p38_2p.sdf,,data/fep/jacs_set/jacs_set_p38_protein.pdb,2p,-11.199999809265137,-10.6899995803833,0.0799999982118606,jacs_set/p38,jacs_set,148,jacs_set_p38_2p.sdf,jacs_set_p38_protein.pdb,7.8492517,7.580192,7.7057385,7.0869718,7.646903,7.740664,7.535734,7.977908,7.5461464,7.08163,7.575114
jacs_set/p38/2h,6.976511448385195,data/fep/jacs_set/jacs_set_p38_2h.sdf,,data/fep/jacs_set/jacs_set_p38_protein.pdb,2h,-9.479999542236328,-8.960000038146973,0.0700000002980232,jacs_set/p38,jacs_set,149,jacs_set_p38_2h.sdf,jacs_set_p38_protein.pdb,7.310461,7.458484,6.864104,7.41602,7.612092,6.6763124,7.346912,6.7013745,7.6404867,7.216597,7.224284
jacs_set/p38/3fmk,8.705921296137742,data/fep/jacs_set/jacs_set_p38_3fmk.sdf,,data/fep/jacs_set/jacs_set_p38_protein.pdb,3fmk,-11.829999923706056,-13.619999885559082,0.0799999982118606,jacs_set/p38,jacs_set,150,jacs_set_p38_3fmk.sdf,jacs_set_p38_protein.pdb,7.4455514,8.113603,7.6493793,7.0487556,7.6670856,6.9628334,8.02523,7.064742,8.80895,6.697058,7.5483193
jacs_set/p38/2i,7.395985735500924,data/fep/jacs_set/jacs_set_p38_2i.sdf,,data/fep/jacs_set/jacs_set_p38_protein.pdb,2i,-10.050000190734863,-9.670000076293944,0.0700000002980232,jacs_set/p38,jacs_set,151,jacs_set_p38_2i.sdf,jacs_set_p38_protein.pdb,7.7448397,7.6778264,7.815062,7.5327606,7.4963474,7.1726146,7.7745824,7.331125,7.439566,7.422517,7.5407243
jacs_set/p38/2f,6.240592483695093,data/fep/jacs_set/jacs_set_p38_2f.sdf,,data/fep/jacs_set/jacs_set_p38_protein.pdb,2f,-8.479999542236328,-9.380000114440918,0.0799999982118606,jacs_set/p38,jacs_set,152,jacs_set_p38_2f.sdf,jacs_set_p38_protein.pdb,6.8221374,8.134113,7.174813,6.896703,7.5187483,6.8134656,7.458031,7.0439215,7.545352,7.29531,7.27026
jacs_set/p38/2x,7.528450671902771,data/fep/jacs_set/jacs_set_p38_2x.sdf,,data/fep/jacs_set/jacs_set_p38_protein.pdb,2x,-10.229999542236328,-9.979999542236328,0.0799999982118606,jacs_set/p38,jacs_set,153,jacs_set_p38_2x.sdf,jacs_set_p38_protein.pdb,8.080119,7.7153563,6.9443917,7.380221,6.9127336,7.1939344,7.5739136,7.2370076,8.363302,7.8783755,7.527935
jacs_set/p38/2ff,8.418912647250876,data/fep/jacs_set/jacs_set_p38_2ff.sdf,,data/fep/jacs_set/jacs_set_p38_protein.pdb,2ff,-11.4399995803833,-10.350000381469728,0.0700000002980232,jacs_set/p38,jacs_set,154,jacs_set_p38_2ff.sdf,jacs_set_p38_protein.pdb,7.811875,7.8194633,7.721525,7.04289,7.7604403,7.4397235,7.5936084,7.199331,8.218275,7.6948905,7.6302023
jacs_set/p38/2k,7.763945217845975,data/fep/jacs_set/jacs_set_p38_2k.sdf,,data/fep/jacs_set/jacs_set_p38_protein.pdb,2k,-10.550000190734863,-10.220000267028809,0.0700000002980232,jacs_set/p38,jacs_set,155,jacs_set_p38_2k.sdf,jacs_set_p38_protein.pdb,7.605654,7.4615006,7.3585687,7.029543,7.4302473,7.0151854,7.7348433,7.236867,7.802421,7.577092,7.4251924
jacs_set/p38/2n,8.720640012308511,data/fep/jacs_set/jacs_set_p38_2n.sdf,,data/fep/jacs_set/jacs_set_p38_protein.pdb,2n,-11.850000381469728,-11.890000343322754,0.0799999982118606,jacs_set/p38,jacs_set,156,jacs_set_p38_2n.sdf,jacs_set_p38_protein.pdb,7.384928,8.040042,7.3078575,6.2062287,7.336116,7.398056,7.3350954,7.129175,7.9660125,7.269019,7.3372526
jacs_set/p38/3flq,7.307675543957352,data/fep/jacs_set/jacs_set_p38_3flq.sdf,,data/fep/jacs_set/jacs_set_p38_protein.pdb,3flq,-9.93000030517578,-9.640000343322754,0.0799999982118606,jacs_set/p38,jacs_set,157,jacs_set_p38_3flq.sdf,jacs_set_p38_protein.pdb,7.1651535,7.741518,7.4243946,7.3713055,6.555559,6.887075,6.9760017,7.914316,7.894295,7.675149,7.3604765
jacs_set/p38/3fln,8.006798420047547,data/fep/jacs_set/jacs_set_p38_3fln.sdf,,data/fep/jacs_set/jacs_set_p38_protein.pdb,3fln,-10.880000114440918,-11.119999885559082,0.0700000002980232,jacs_set/p38,jacs_set,158,jacs_set_p38_3fln.sdf,jacs_set_p38_protein.pdb,7.8930387,7.471236,7.1922755,6.987216,6.9327245,6.856136,7.764334,7.084398,8.10638,7.773549,7.406129
jacs_set/p38/2e,7.8743327818186835,data/fep/jacs_set/jacs_set_p38_2e.sdf,,data/fep/jacs_set/jacs_set_p38_protein.pdb,2e,-10.699999809265137,-9.93000030517578,0.0799999982118606,jacs_set/p38,jacs_set,159,jacs_set_p38_2e.sdf,jacs_set_p38_protein.pdb,7.25094,8.209339,7.3157916,6.3583956,7.3577957,7.3340034,7.6498303,7.1141834,7.4085617,7.422587,7.3421426
jacs_set/p38/3fmh,7.97000233144764,data/fep/jacs_set/jacs_set_p38_3fmh.sdf,,data/fep/jacs_set/jacs_set_p38_protein.pdb,3fmh,-10.829999923706056,-11.210000038146973,0.0799999982118606,jacs_set/p38,jacs_set,160,jacs_set_p38_3fmh.sdf,jacs_set_p38_protein.pdb,7.5560384,8.118742,7.392793,7.17184,7.5481324,6.9022803,7.9358625,6.9392753,8.78256,6.950336,7.529786
jacs_set/p38/2c,7.697712398731543,data/fep/jacs_set/jacs_set_p38_2c.sdf,,data/fep/jacs_set/jacs_set_p38_protein.pdb,2c,-10.460000038146973,-11.539999961853027,0.0900000035762786,jacs_set/p38,jacs_set,161,jacs_set_p38_2c.sdf,jacs_set_p38_protein.pdb,7.0836906,6.4645147,7.5484295,6.261119,6.9296904,7.6014986,7.2157445,6.6007543,7.678732,6.569468,6.9953637
jacs_set/p38/2y,7.197287278157629,data/fep/jacs_set/jacs_set_p38_2y.sdf,,data/fep/jacs_set/jacs_set_p38_protein.pdb,2y,-9.779999732971191,-9.5600004196167,0.0799999982118606,jacs_set/p38,jacs_set,162,jacs_set_p38_2y.sdf,jacs_set_p38_protein.pdb,6.99524,6.432199,6.794198,6.288949,7.0413847,6.5451064,6.8341765,6.754443,8.255208,6.994475,6.893538
jacs_set/p38/2s,8.176059445049303,data/fep/jacs_set/jacs_set_p38_2s.sdf,,data/fep/jacs_set/jacs_set_p38_protein.pdb,2s,-11.109999656677246,-11.6899995803833,0.0799999982118606,jacs_set/p38,jacs_set,163,jacs_set_p38_2s.sdf,jacs_set_p38_protein.pdb,7.2897224,7.921449,7.024055,6.249594,6.934175,7.498181,7.2795606,7.287936,8.1671915,6.991358,7.264322
jacs_set/p38/2m,8.065671881076593,data/fep/jacs_set/jacs_set_p38_2m.sdf,,data/fep/jacs_set/jacs_set_p38_protein.pdb,2m,-10.960000038146973,-12.130000114440918,0.0700000002980232,jacs_set/p38,jacs_set,164,jacs_set_p38_2m.sdf,jacs_set_p38_protein.pdb,7.4966917,8.004149,7.495554,7.2602644,7.2875123,7.31543,7.736518,7.2051463,8.060428,7.4294915,7.5291185
jacs_set/p38/2bb,6.6674261288962064,data/fep/jacs_set/jacs_set_p38_2bb.sdf,,data/fep/jacs_set/jacs_set_p38_protein.pdb,2bb,-9.0600004196167,-9.34000015258789,0.0799999982118606,jacs_set/p38,jacs_set,165,jacs_set_p38_2bb.sdf,jacs_set_p38_protein.pdb,7.1140556,7.258407,7.2602043,7.3110247,6.375908,6.783466,7.1125774,7.8218026,7.9952044,7.1723433,7.2204995
jacs_set/p38/2v,6.601193309781776,data/fep/jacs_set/jacs_set_p38_2v.sdf,,data/fep/jacs_set/jacs_set_p38_protein.pdb,2v,-8.970000267028809,-9.020000457763672,0.0700000002980232,jacs_set/p38,jacs_set,166,jacs_set_p38_2v.sdf,jacs_set_p38_protein.pdb,6.413543,7.0005665,6.8302608,6.676739,5.465227,6.7763257,7.205827,6.572463,7.567396,7.4278216,6.7936163
jacs_set/p38/2r,7.940565600933115,data/fep/jacs_set/jacs_set_p38_2r.sdf,,data/fep/jacs_set/jacs_set_p38_protein.pdb,2r,-10.789999961853027,-10.760000228881836,0.0700000002980232,jacs_set/p38,jacs_set,167,jacs_set_p38_2r.sdf,jacs_set_p38_protein.pdb,7.1781178,7.8294544,6.8985944,6.742139,6.7062016,7.1279464,7.1705728,7.5913224,8.190056,7.6714272,7.3105826
jacs_set/p38/3flz,6.98387080647058,data/fep/jacs_set/jacs_set_p38_3flz.sdf,,data/fep/jacs_set/jacs_set_p38_protein.pdb,3flz,-9.489999771118164,-10.100000381469728,0.0700000002980232,jacs_set/p38,jacs_set,168,jacs_set_p38_3flz.sdf,jacs_set_p38_protein.pdb,7.2541213,7.6626334,7.148535,7.1016207,7.3980174,7.1039042,7.6266694,7.1685457,7.4176235,6.3040047,7.218567
jacs_set/p38/2z,7.624120221531727,data/fep/jacs_set/jacs_set_p38_2z.sdf,,data/fep/jacs_set/jacs_set_p38_protein.pdb,2z,-10.359999656677246,-10.210000038146973,0.0799999982118606,jacs_set/p38,jacs_set,169,jacs_set_p38_2z.sdf,jacs_set_p38_protein.pdb,7.598226,6.882108,6.877192,7.0190334,7.0123224,6.9243245,7.130976,7.0037346,8.202918,7.3862257,7.203706
jacs_set/p38/3fly,8.404194632907119,data/fep/jacs_set/jacs_set_p38_3fly.sdf,,data/fep/jacs_set/jacs_set_p38_protein.pdb,3fly,-11.420000076293944,-10.960000038146973,0.0799999982118606,jacs_set/p38,jacs_set,170,jacs_set_p38_3fly.sdf,jacs_set_p38_protein.pdb,7.0422873,7.1040664,6.7983313,6.552622,7.020391,7.177564,6.995108,7.007803,8.272113,7.3859887,7.1356277
jacs_set/bace/CAT-13n,6.286955878171405,data/fep/jacs_set/jacs_set_bace_CAT-13n.sdf,,data/fep/jacs_set/jacs_set_bace_protein.pdb,CAT-13n,-8.543000221252441,-7.679999828338623,0.0799999982118606,jacs_set/bace,jacs_set,171,jacs_set_bace_CAT-13n.sdf,jacs_set_bace_protein.pdb,6.007954,6.8236065,5.8306737,6.7937307,5.8463855,5.9636908,6.911845,5.747087,6.195198,5.8448124,6.196498
jacs_set/bace/CAT-13e,7.331960864177512,data/fep/jacs_set/jacs_set_bace_CAT-13e.sdf,,data/fep/jacs_set/jacs_set_bace_protein.pdb,CAT-13e,-9.963000297546388,-10.520000457763672,0.0799999982118606,jacs_set/bace,jacs_set,172,jacs_set_bace_CAT-13e.sdf,jacs_set_bace_protein.pdb,6.3647394,6.5052238,5.963943,6.174346,6.0528736,6.395724,6.2659464,6.2471895,6.4026346,6.341768,6.271438
jacs_set/bace/CAT-4a,5.838045211454661,data/fep/jacs_set/jacs_set_bace_CAT-4a.sdf,,data/fep/jacs_set/jacs_set_bace_protein.pdb,CAT-4a,-7.933000087738037,-8.670000076293945,0.0900000035762786,jacs_set/bace,jacs_set,173,jacs_set_bace_CAT-4a.sdf,jacs_set_bace_protein.pdb,5.6149096,4.9557896,5.554241,5.298824,5.241144,5.0742416,5.517935,5.374232,5.823518,5.833558,5.4288397
jacs_set/bace/CAT-4m,6.735866193974641,data/fep/jacs_set/jacs_set_bace_CAT-4m.sdf,,data/fep/jacs_set/jacs_set_bace_protein.pdb,CAT-4m,-9.152999877929688,-9.050000190734863,0.0799999982118606,jacs_set/bace,jacs_set,174,jacs_set_bace_CAT-4m.sdf,jacs_set_bace_protein.pdb,5.916707,6.1597643,6.3652706,5.5796294,5.4354024,5.6132565,5.45791,6.171863,6.0878344,6.157439,5.8945074
jacs_set/bace/CAT-17b,7.376115609035788,data/fep/jacs_set/jacs_set_bace_CAT-17b.sdf,,data/fep/jacs_set/jacs_set_bace_protein.pdb,CAT-17b,-10.02299976348877,-8.819999694824219,0.0799999982118606,jacs_set/bace,jacs_set,175,jacs_set_bace_CAT-17b.sdf,jacs_set_bace_protein.pdb,6.5279474,5.822792,7.065951,6.0524526,5.8628263,5.4230747,6.3277416,6.230035,6.3516426,5.711722,6.1376185
jacs_set/bace/CAT-13j,6.4267801726586375,data/fep/jacs_set/jacs_set_bace_CAT-13j.sdf,,data/fep/jacs_set/jacs_set_bace_protein.pdb,CAT-13j,-8.732999801635742,-9.06999969482422,0.0900000035762786,jacs_set/bace,jacs_set,176,jacs_set_bace_CAT-13j.sdf,jacs_set_bace_protein.pdb,6.080915,6.605663,6.106223,6.320691,5.782799,5.665252,6.8513694,5.874405,6.0336757,6.0861835,6.1407175
jacs_set/bace/CAT-13d,7.707279002780931,data/fep/jacs_set/jacs_set_bace_CAT-13d.sdf,,data/fep/jacs_set/jacs_set_bace_protein.pdb,CAT-13d,-10.472999572753906,-10.630000114440918,0.0799999982118606,jacs_set/bace,jacs_set,177,jacs_set_bace_CAT-13d.sdf,jacs_set_bace_protein.pdb,6.32432,6.8745065,6.4119396,6.485573,6.6473894,6.779907,6.527358,6.6342688,6.8340974,6.6394405,6.6158805
jacs_set/bace/CAT-13b,6.713788821545503,data/fep/jacs_set/jacs_set_bace_CAT-13b.sdf,,data/fep/jacs_set/jacs_set_bace_protein.pdb,CAT-13b,-9.123000144958496,-9.630000114440918,0.0799999982118606,jacs_set/bace,jacs_set,178,jacs_set_bace_CAT-13b.sdf,jacs_set_bace_protein.pdb,6.4169574,6.9367623,6.4792686,6.592402,6.2874637,6.512128,6.2557864,5.8502874,6.306788,6.4621987,6.4100046
jacs_set/bace/CAT-13a,6.507731707943838,data/fep/jacs_set/jacs_set_bace_CAT-13a.sdf,,data/fep/jacs_set/jacs_set_bace_protein.pdb,CAT-13a,-8.843000411987305,-9.279999732971191,0.0799999982118606,jacs_set/bace,jacs_set,179,jacs_set_bace_CAT-13a.sdf,jacs_set_bace_protein.pdb,6.1426754,6.736943,6.424217,6.6454825,6.725531,6.495312,6.2184567,5.8644137,6.3242955,6.5780115,6.415534
jacs_set/bace/CAT-13h,7.089107661975938,data/fep/jacs_set/jacs_set_bace_CAT-13h.sdf,,data/fep/jacs_set/jacs_set_bace_protein.pdb,CAT-13h,-9.633000373840332,-9.390000343322754,0.0799999982118606,jacs_set/bace,jacs_set,180,jacs_set_bace_CAT-13h.sdf,jacs_set_bace_protein.pdb,6.7696786,6.57087,6.9749136,6.581767,6.625105,6.707242,6.6053424,6.7769527,6.7109294,6.7648816,6.7087684
jacs_set/bace/CAT-13o,6.286955878171405,data/fep/jacs_set/jacs_set_bace_CAT-13o.sdf,,data/fep/jacs_set/jacs_set_bace_protein.pdb,CAT-13o,-8.543000221252441,-9.4399995803833,0.0799999982118606,jacs_set/bace,jacs_set,181,jacs_set_bace_CAT-13o.sdf,jacs_set_bace_protein.pdb,6.1640344,6.7040772,6.8142967,6.921584,6.549991,6.2880297,7.1986656,5.9009857,6.146901,6.507964,6.5196524
jacs_set/bace/CAT-13g,6.691711449116364,data/fep/jacs_set/jacs_set_bace_CAT-13g.sdf,,data/fep/jacs_set/jacs_set_bace_protein.pdb,CAT-13g,-9.093000411987305,-9.31999969482422,0.0900000035762786,jacs_set/bace,jacs_set,182,jacs_set_bace_CAT-13g.sdf,jacs_set_bace_protein.pdb,6.1505966,5.9399414,5.4457216,5.884712,5.4262934,6.1870213,5.61659,5.904718,6.2566476,6.2277565,5.904
jacs_set/bace/CAT-4k,5.779171750425614,data/fep/jacs_set/jacs_set_bace_CAT-4k.sdf,,data/fep/jacs_set/jacs_set_bace_protein.pdb,CAT-4k,-7.853000164031982,-7.849999904632568,0.0900000035762786,jacs_set/bace,jacs_set,183,jacs_set_bace_CAT-4k.sdf,jacs_set_bace_protein.pdb,5.8005323,6.4821997,6.3812594,5.245703,5.2319818,5.318517,5.0109577,5.607649,5.6509695,5.550216,5.6279993
jacs_set/bace/CAT-17g,7.170058495434124,data/fep/jacs_set/jacs_set_bace_CAT-17g.sdf,,data/fep/jacs_set/jacs_set_bace_protein.pdb,CAT-17g,-9.743000030517578,-9.010000228881836,0.0799999982118606,jacs_set/bace,jacs_set,184,jacs_set_bace_CAT-17g.sdf,jacs_set_bace_protein.pdb,6.718611,6.848495,7.0916386,6.356105,6.263461,6.6195436,6.111329,6.691336,6.3833284,6.7300224,6.5813875
jacs_set/bace/CAT-4l,6.875691190288889,data/fep/jacs_set/jacs_set_bace_CAT-4l.sdf,,data/fep/jacs_set/jacs_set_bace_protein.pdb,CAT-4l,-9.343000411987305,-7.170000076293945,0.0900000035762786,jacs_set/bace,jacs_set,185,jacs_set_bace_CAT-4l.sdf,jacs_set_bace_protein.pdb,6.1110067,6.2708387,6.4506245,5.687138,5.806735,4.99282,5.0092087,5.5603037,5.9708877,5.937339,5.7796903
jacs_set/bace/CAT-4j,6.640196644345687,data/fep/jacs_set/jacs_set_bace_CAT-4j.sdf,,data/fep/jacs_set/jacs_set_bace_protein.pdb,CAT-4j,-9.02299976348877,-8.319999694824219,0.0799999982118606,jacs_set/bace,jacs_set,186,jacs_set_bace_CAT-4j.sdf,jacs_set_bace_protein.pdb,5.7614856,6.293393,6.325743,5.351767,5.3735585,5.421202,5.382304,5.537631,5.580683,5.696579,5.672435
jacs_set/bace/CAT-4n,6.691711449116364,data/fep/jacs_set/jacs_set_bace_CAT-4n.sdf,,data/fep/jacs_set/jacs_set_bace_protein.pdb,CAT-4n,-9.093000411987305,-9.31999969482422,0.0900000035762786,jacs_set/bace,jacs_set,187,jacs_set_bace_CAT-4n.sdf,jacs_set_bace_protein.pdb,6.1530604,7.535994,7.134133,6.45882,6.4247737,6.481229,6.0862613,6.8131247,6.0083127,6.58829,6.5684
jacs_set/bace/CAT-13i,6.824176385518212,data/fep/jacs_set/jacs_set_bace_CAT-13i.sdf,,data/fep/jacs_set/jacs_set_bace_protein.pdb,CAT-13i,-9.27299976348877,-10.760000228881836,0.0799999982118606,jacs_set/bace,jacs_set,188,jacs_set_bace_CAT-13i.sdf,jacs_set_bace_protein.pdb,6.579889,6.776248,6.6811724,6.355026,6.6166916,6.403089,6.8612013,6.678127,6.706176,6.48664,6.6144257
jacs_set/bace/CAT-17f,6.934564651317936,data/fep/jacs_set/jacs_set_bace_CAT-17f.sdf,,data/fep/jacs_set/jacs_set_bace_protein.pdb,CAT-17f,-9.42300033569336,-9.739999771118164,0.0900000035762786,jacs_set/bace,jacs_set,189,jacs_set_bace_CAT-17f.sdf,jacs_set_bace_protein.pdb,6.497751,7.039572,6.6212406,6.7942066,6.6769567,6.565933,6.591634,6.4964094,6.249788,6.664129,6.6197615
jacs_set/bace/CAT-4p,7.420271055721081,data/fep/jacs_set/jacs_set_bace_CAT-4p.sdf,,data/fep/jacs_set/jacs_set_bace_protein.pdb,CAT-4p,-10.083000183105469,-9.609999656677246,0.1000000014901161,jacs_set/bace,jacs_set,190,jacs_set_bace_CAT-4p.sdf,jacs_set_bace_protein.pdb,6.3638415,7.1498566,6.543815,6.4621673,6.322974,6.173552,6.530268,6.280836,5.924704,6.3348093,6.408683
jacs_set/bace/CAT-13c,6.86097247411812,data/fep/jacs_set/jacs_set_bace_CAT-13c.sdf,,data/fep/jacs_set/jacs_set_bace_protein.pdb,CAT-13c,-9.322999954223633,-9.630000114440918,0.0799999982118606,jacs_set/bace,jacs_set,191,jacs_set_bace_CAT-13c.sdf,jacs_set_bace_protein.pdb,6.331741,6.6965466,6.0858335,6.690242,6.417452,6.6280375,6.3477573,6.224862,6.3836665,6.2396994,6.404584
jacs_set/bace/CAT-24,8.352680529963461,data/fep/jacs_set/jacs_set_bace_CAT-24.sdf,,data/fep/jacs_set/jacs_set_bace_protein.pdb,CAT-24,-11.350000381469728,-10.789999961853027,0.0799999982118606,jacs_set/bace,jacs_set,192,jacs_set_bace_CAT-24.sdf,jacs_set_bace_protein.pdb,7.2934937,6.317199,7.413802,6.8127155,7.0012736,6.716277,7.3912463,7.1579366,7.647093,6.274857,7.002589
jacs_set/bace/CAT-4i,6.080898062742725,data/fep/jacs_set/jacs_set_bace_CAT-4i.sdf,,data/fep/jacs_set/jacs_set_bace_protein.pdb,CAT-4i,-8.262999534606934,-8.630000114440918,0.0900000035762786,jacs_set/bace,jacs_set,193,jacs_set_bace_CAT-4i.sdf,jacs_set_bace_protein.pdb,5.995029,6.5363126,6.212913,5.640477,5.511242,5.805844,5.7980905,5.969511,6.0138264,5.745062,5.922831
jacs_set/bace/CAT-4c,5.779171750425614,data/fep/jacs_set/jacs_set_bace_CAT-4c.sdf,,data/fep/jacs_set/jacs_set_bace_protein.pdb,CAT-4c,-7.853000164031982,-7.980000019073486,0.0900000035762786,jacs_set/bace,jacs_set,194,jacs_set_bace_CAT-4c.sdf,jacs_set_bace_protein.pdb,5.4142275,5.1381583,6.0138087,5.562234,5.3044314,5.0584655,5.0079565,5.447804,5.641877,5.748135,5.4337096
jacs_set/bace/CAT-17i,6.971360038090829,data/fep/jacs_set/jacs_set_bace_CAT-17i.sdf,,data/fep/jacs_set/jacs_set_bace_protein.pdb,CAT-17i,-9.472999572753906,-9.34000015258789,0.0799999982118606,jacs_set/bace,jacs_set,195,jacs_set_bace_CAT-17i.sdf,jacs_set_bace_protein.pdb,6.5266485,6.197947,6.651118,6.0412326,6.5109797,6.7458715,6.1638417,6.2212524,6.499806,6.4055953,6.396429
jacs_set/bace/CAT-13k,7.140621764919601,data/fep/jacs_set/jacs_set_bace_CAT-13k.sdf,,data/fep/jacs_set/jacs_set_bace_protein.pdb,CAT-13k,-9.70300006866455,-10.510000228881836,0.0900000035762786,jacs_set/bace,jacs_set,196,jacs_set_bace_CAT-13k.sdf,jacs_set_bace_protein.pdb,6.319554,6.09961,6.3676176,6.385979,5.7051497,6.0091844,6.462728,6.0553193,6.0107636,6.31933,6.173524
jacs_set/bace/CAT-17a,7.89861810203884,data/fep/jacs_set/jacs_set_bace_CAT-17a.sdf,,data/fep/jacs_set/jacs_set_bace_protein.pdb,CAT-17a,-10.732999801635742,-11.350000381469728,0.0799999982118606,jacs_set/bace,jacs_set,197,jacs_set_bace_CAT-17a.sdf,jacs_set_bace_protein.pdb,6.2861204,7.251243,6.764198,7.245249,7.105622,6.7512264,6.792073,6.516567,6.997047,6.6760197,6.8385363
jacs_set/bace/CAT-17c,7.258368686977694,data/fep/jacs_set/jacs_set_bace_CAT-17c.sdf,,data/fep/jacs_set/jacs_set_bace_protein.pdb,CAT-17c,-9.86299991607666,-10.029999732971191,0.0900000035762786,jacs_set/bace,jacs_set,198,jacs_set_bace_CAT-17c.sdf,jacs_set_bace_protein.pdb,6.594391,7.1609797,6.700853,6.6886115,6.546244,7.0322866,6.2634687,6.3423715,6.3014607,6.462032,6.6092706
jacs_set/bace/CAT-4o,6.905127920803413,data/fep/jacs_set/jacs_set_bace_CAT-4o.sdf,,data/fep/jacs_set/jacs_set_bace_protein.pdb,CAT-4o,-9.383000373840332,-8.6899995803833,0.0799999982118606,jacs_set/bace,jacs_set,199,jacs_set_bace_CAT-4o.sdf,jacs_set_bace_protein.pdb,6.237647,6.5121713,6.6481476,5.7207003,5.6984806,5.6899643,6.248399,5.973885,6.186792,6.026565,6.094275
jacs_set/bace/CAT-17d,6.934564651317936,data/fep/jacs_set/jacs_set_bace_CAT-17d.sdf,,data/fep/jacs_set/jacs_set_bace_protein.pdb,CAT-17d,-9.42300033569336,-8.359999656677246,0.0799999982118606,jacs_set/bace,jacs_set,200,jacs_set_bace_CAT-17d.sdf,jacs_set_bace_protein.pdb,6.3735666,5.802436,6.0508823,5.0808187,6.028477,6.092051,5.6682987,5.684649,5.1069655,5.549522,5.7437663
jacs_set/bace/CAT-4b,7.089107661975938,data/fep/jacs_set/jacs_set_bace_CAT-4b.sdf,,data/fep/jacs_set/jacs_set_bace_protein.pdb,CAT-4b,-9.633000373840332,-9.260000228881836,0.0900000035762786,jacs_set/bace,jacs_set,201,jacs_set_bace_CAT-4b.sdf,jacs_set_bace_protein.pdb,5.0745015,5.2296634,6.1271653,5.555666,5.364041,5.0341487,5.698306,5.4811444,5.635716,5.563938,5.476429
jacs_set/bace/CAT-13f,6.691711449116364,data/fep/jacs_set/jacs_set_bace_CAT-13f.sdf,,data/fep/jacs_set/jacs_set_bace_protein.pdb,CAT-13f,-9.093000411987305,-9.529999732971191,0.0799999982118606,jacs_set/bace,jacs_set,202,jacs_set_bace_CAT-13f.sdf,jacs_set_bace_protein.pdb,6.315978,5.864805,5.717792,5.9105825,5.6923056,6.1073613,5.819233,6.2248745,6.2786374,6.400352,6.033192
jacs_set/bace/CAT-4d,6.706429463460118,data/fep/jacs_set/jacs_set_bace_CAT-4d.sdf,,data/fep/jacs_set/jacs_set_bace_protein.pdb,CAT-4d,-9.11299991607666,-8.960000038146973,0.0900000035762786,jacs_set/bace,jacs_set,203,jacs_set_bace_CAT-4d.sdf,jacs_set_bace_protein.pdb,5.5918217,5.6641493,6.2617292,6.044295,5.5540614,5.220402,6.147459,5.8280277,5.8668184,5.8411074,5.8019867
jacs_set/bace/CAT-13m,6.448857545087776,data/fep/jacs_set/jacs_set_bace_CAT-13m.sdf,,data/fep/jacs_set/jacs_set_bace_protein.pdb,CAT-13m,-8.762999534606934,-10.5,0.0799999982118606,jacs_set/bace,jacs_set,204,jacs_set_bace_CAT-13m.sdf,jacs_set_bace_protein.pdb,6.322706,6.941895,6.5142293,6.887176,5.9871464,6.27608,6.572009,5.6102033,6.2498736,6.015234,6.3376555
jacs_set/bace/CAT-17h,7.604250796893607,data/fep/jacs_set/jacs_set_bace_CAT-17h.sdf,,data/fep/jacs_set/jacs_set_bace_protein.pdb,CAT-17h,-10.333000183105469,-10.260000228881836,0.0799999982118606,jacs_set/bace,jacs_set,205,jacs_set_bace_CAT-17h.sdf,jacs_set_bace_protein.pdb,6.5472813,6.740013,6.840957,6.578773,7.0962586,6.631748,6.645953,6.832983,6.6540637,7.066005,6.763404
jacs_set/bace/CAT-17e,7.376115609035788,data/fep/jacs_set/jacs_set_bace_CAT-17e.sdf,,data/fep/jacs_set/jacs_set_bace_protein.pdb,CAT-17e,-10.02299976348877,-9.119999885559082,0.0799999982118606,jacs_set/bace,jacs_set,206,jacs_set_bace_CAT-17e.sdf,jacs_set_bace_protein.pdb,6.810908,6.2573943,7.164769,5.698743,5.9642816,6.2239094,6.327222,7.3984337,6.9568353,6.1054764,6.4907975
charge_annhil/jnk1/6a,6.189078380751432,data/fep/charge_annhil/charge_annhil_jnk1_6a.sdf,,data/fep/charge_annhil/charge_annhil_jnk1_protein.pdb,6a,-8.40999984741211,-8.899999618530273,0.4099999964237213,charge_annhil/jnk1,charge_annhil,207,charge_annhil_jnk1_6a.sdf,charge_annhil_jnk1_protein.pdb,6.166151,5.711023,6.1443686,5.31526,6.6862383,5.4410195,6.7086854,6.553618,5.125829,5.7680836,5.9620275
charge_annhil/jnk1/19a_neu,5.048404196029879,data/fep/charge_annhil/charge_annhil_jnk1_19a_neu.sdf,,data/fep/charge_annhil/charge_annhil_jnk1_protein.pdb,19a_neu,-6.860000133514404,-6.03000020980835,0.4199999868869781,charge_annhil/jnk1,charge_annhil,208,charge_annhil_jnk1_19a_neu.sdf,charge_annhil_jnk1_protein.pdb,6.8878164,6.0137463,6.197727,6.5070233,7.4700637,6.499933,6.8365974,6.595602,6.165853,6.2962785,6.5470634
charge_annhil/jnk1/19b_neu,5.372208582603144,data/fep/charge_annhil/charge_annhil_jnk1_19b_neu.sdf,,data/fep/charge_annhil/charge_annhil_jnk1_protein.pdb,19b_neu,-7.300000190734863,-7.889999866485596,0.4300000071525574,charge_annhil/jnk1,charge_annhil,209,charge_annhil_jnk1_19b_neu.sdf,charge_annhil_jnk1_protein.pdb,5.463926,5.588378,6.5918355,5.103261,7.308047,6.600148,5.812737,5.3304806,6.230181,5.4173617,5.944636
charge_annhil/jnk1/19b_charg,5.372208582603144,data/fep/charge_annhil/charge_annhil_jnk1_19b_charg.sdf,,data/fep/charge_annhil/charge_annhil_jnk1_protein.pdb,19b_charg,-7.300000190734863,-7.889999866485596,0.449999988079071,charge_annhil/jnk1,charge_annhil,210,charge_annhil_jnk1_19b_charg.sdf,charge_annhil_jnk1_protein.pdb,4.8961077,5.9558144,6.6835628,5.0645075,6.611298,6.3861604,6.474651,4.570309,5.420156,5.037864,5.710043
charge_annhil/jnk1/19a_charg,5.048404196029879,data/fep/charge_annhil/charge_annhil_jnk1_19a_charg.sdf,,data/fep/charge_annhil/charge_annhil_jnk1_protein.pdb,19a_charg,-6.860000133514404,-6.03000020980835,0.4300000071525574,charge_annhil/jnk1,charge_annhil,211,charge_annhil_jnk1_19a_charg.sdf,charge_annhil_jnk1_protein.pdb,6.914232,6.1207504,6.15661,5.4778385,7.2289925,6.1194744,6.6393757,6.3157105,5.9564614,6.2451787,6.3174624
charge_annhil/egfr/21,7.270879371138204,data/fep/charge_annhil/charge_annhil_egfr_21.sdf,,data/fep/charge_annhil/charge_annhil_egfr_protein.pdb,21,-9.88,-10.79,0.18,charge_annhil/egfr,charge_annhil,212,charge_annhil_egfr_21.sdf,charge_annhil_egfr_protein.pdb,7.1488256,6.724504,7.054033,7.6059294,7.4768457,6.9816823,7.118017,7.1287713,7.1872573,7.444303,7.187017
charge_annhil/egfr/27neu,7.315034509019609,data/fep/charge_annhil/charge_annhil_egfr_27neu.sdf,,data/fep/charge_annhil/charge_annhil_egfr_protein.pdb,27neu,-9.94,-10.67,0.21,charge_annhil/egfr,charge_annhil,213,charge_annhil_egfr_27neu.sdf,charge_annhil_egfr_protein.pdb,7.059071,6.5423636,7.280117,7.7972193,7.872504,6.841979,7.8998017,7.216625,7.6252146,7.8456097,7.3980513
charge_annhil/egfr/27chargR,7.315034509019609,data/fep/charge_annhil/charge_annhil_egfr_27chargR.sdf,,data/fep/charge_annhil/charge_annhil_egfr_protein.pdb,27chargR,-9.94,-10.67,0.21,charge_annhil/egfr,charge_annhil,214,charge_annhil_egfr_27chargR.sdf,charge_annhil_egfr_protein.pdb,7.5350285,6.819197,7.532347,7.6643257,7.6618834,6.8521204,8.069487,7.0289874,7.22173,8.064568,7.444967
charge_annhil/egfr/27chargS,7.315034509019609,data/fep/charge_annhil/charge_annhil_egfr_27chargS.sdf,,data/fep/charge_annhil/charge_annhil_egfr_protein.pdb,27chargS,-9.94,-10.67,0.21,charge_annhil/egfr,charge_annhil,215,charge_annhil_egfr_27chargS.sdf,charge_annhil_egfr_protein.pdb,7.4417896,6.9179444,7.447145,7.6351714,7.6706824,6.877437,8.037811,7.0357194,7.393383,8.038467,7.4495554
charge_annhil/egfr/28neu,7.874332922184086,data/fep/charge_annhil/charge_annhil_egfr_28neu.sdf,,data/fep/charge_annhil/charge_annhil_egfr_protein.pdb,28neu,-10.7,-10.73,0.2,charge_annhil/egfr,charge_annhil,216,charge_annhil_egfr_28neu.sdf,charge_annhil_egfr_protein.pdb,7.024907,7.192721,7.076687,7.999194,7.4418654,7.438559,6.927002,7.754487,7.2622547,7.73429,7.3851967
charge_annhil/egfr/28charg,7.874332922184086,data/fep/charge_annhil/charge_annhil_egfr_28charg.sdf,,data/fep/charge_annhil/charge_annhil_egfr_protein.pdb,28charg,-10.7,-10.73,0.2,charge_annhil/egfr,charge_annhil,217,charge_annhil_egfr_28charg.sdf,charge_annhil_egfr_protein.pdb,7.491791,7.2277203,6.9542146,7.761485,7.400214,7.51704,7.8937874,7.656759,7.140018,7.9080334,7.4951067
charge_annhil/egfr/29neu,7.697712370658463,data/fep/charge_annhil/charge_annhil_egfr_29neu.sdf,,data/fep/charge_annhil/charge_annhil_egfr_protein.pdb,29neu,-10.46,-9.84,0.21,charge_annhil/egfr,charge_annhil,218,charge_annhil_egfr_29neu.sdf,charge_annhil_egfr_protein.pdb,7.3606243,7.096994,7.2064652,7.548713,7.3726206,6.7796326,6.6721992,6.906572,7.2944856,7.562735,7.1801043
charge_annhil/egfr/29charg,7.697712370658463,data/fep/charge_annhil/charge_annhil_egfr_29charg.sdf,,data/fep/charge_annhil/charge_annhil_egfr_protein.pdb,29charg,-10.46,-9.84,0.21,charge_annhil/egfr,charge_annhil,219,charge_annhil_egfr_29charg.sdf,charge_annhil_egfr_protein.pdb,7.347068,7.135887,7.434809,7.4008155,7.3267345,6.7441597,7.0635877,6.9584136,7.338927,7.766776,7.251718
charge_annhil/egfr/30neu,8.279088352763642,data/fep/charge_annhil/charge_annhil_egfr_30neu.sdf,,data/fep/charge_annhil/charge_annhil_egfr_protein.pdb,30neu,-11.25,-10.2,0.2,charge_annhil/egfr,charge_annhil,220,charge_annhil_egfr_30neu.sdf,charge_annhil_egfr_protein.pdb,7.410739,6.5770006,7.748863,8.017682,7.5835214,7.3663225,7.4642124,7.1454525,7.86582,8.059466,7.523908
charge_annhil/egfr/30charg,8.279088352763642,data/fep/charge_annhil/charge_annhil_egfr_30charg.sdf,,data/fep/charge_annhil/charge_annhil_egfr_protein.pdb,30charg,-11.25,-10.2,0.2,charge_annhil/egfr,charge_annhil,221,charge_annhil_egfr_30charg.sdf,charge_annhil_egfr_protein.pdb,7.550787,6.829367,7.320554,7.7767425,7.5228605,7.2224994,7.858316,7.3364897,7.7352114,7.941676,7.50945
charge_annhil/ptp1b/26charg,5.475237139403976,data/fep/charge_annhil/charge_annhil_ptp1b_26charg.sdf,,data/fep/charge_annhil/charge_annhil_ptp1b_protein.pdb,26charg,-7.440000057220459,-8.079999923706055,0.2599999904632568,charge_annhil/ptp1b,charge_annhil,222,charge_annhil_ptp1b_26charg.sdf,charge_annhil_ptp1b_protein.pdb,6.68574,6.3824835,7.0539103,7.146972,6.882446,7.1041365,5.8952384,7.272959,7.903401,6.380377,6.8707666
charge_annhil/ptp1b/26neu,5.475237139403976,data/fep/charge_annhil/charge_annhil_ptp1b_26neu.sdf,,data/fep/charge_annhil/charge_annhil_ptp1b_protein.pdb,26neu,-7.440000057220459,-8.069999694824219,0.2599999904632568,charge_annhil/ptp1b,charge_annhil,223,charge_annhil_ptp1b_26neu.sdf,charge_annhil_ptp1b_protein.pdb,6.3562417,6.267179,6.857438,6.459956,6.8923435,6.96302,6.3056264,7.212333,8.027036,6.034922,6.73761
charge_annhil/ptp1b/27,6.79253170721267,data/fep/charge_annhil/charge_annhil_ptp1b_27.sdf,,data/fep/charge_annhil/charge_annhil_ptp1b_protein.pdb,27,-9.229999542236328,-9.5600004196167,0.2599999904632568,charge_annhil/ptp1b,charge_annhil,224,charge_annhil_ptp1b_27.sdf,charge_annhil_ptp1b_protein.pdb,7.2132306,7.10921,8.226552,7.1329284,7.805648,7.87117,6.865698,7.630339,8.149598,7.5595207,7.556389
charge_annhil/ptp1b/32,8.485145466365307,data/fep/charge_annhil/charge_annhil_ptp1b_32.sdf,,data/fep/charge_annhil/charge_annhil_ptp1b_protein.pdb,32,-11.529999732971191,-9.93000030517578,0.2599999904632568,charge_annhil/ptp1b,charge_annhil,225,charge_annhil_ptp1b_32.sdf,charge_annhil_ptp1b_protein.pdb,7.325823,6.318893,7.62498,7.9849844,7.4269595,7.0812654,7.9724097,8.173182,7.2359495,7.2237673,7.436821
charge_annhil/irak4_s2/17charg,7.440140480359201,data/fep/charge_annhil/charge_annhil_irak4_s2_17charg.sdf,,data/fep/charge_annhil/charge_annhil_irak4_s2_protein.pdb,17charg,-10.109999656677246,-9.960000038146973,0.2599999904632568,charge_annhil/irak4_s2,charge_annhil,226,charge_annhil_irak4_s2_17charg.sdf,charge_annhil_irak4_s2_protein.pdb,6.871499,6.01255,7.3633394,7.285955,7.0087605,7.1596437,7.158331,6.673667,6.6977386,6.732388,6.8963876
charge_annhil/irak4_s2/17neu,7.440140480359201,data/fep/charge_annhil/charge_annhil_irak4_s2_17neu.sdf,,data/fep/charge_annhil/charge_annhil_irak4_s2_protein.pdb,17neu,-10.109999656677246,-9.949999809265137,0.25,charge_annhil/irak4_s2,charge_annhil,227,charge_annhil_irak4_s2_17neu.sdf,charge_annhil_irak4_s2_protein.pdb,7.6385555,6.4005113,7.7895126,7.228441,6.977371,7.1842613,7.2132792,6.6675487,7.119474,7.0644164,7.128337
charge_annhil/irak4_s2/5neu,7.07218099801415,data/fep/charge_annhil/charge_annhil_irak4_s2_5neu.sdf,,data/fep/charge_annhil/charge_annhil_irak4_s2_protein.pdb,5neu,-9.609999656677246,-10.31999969482422,0.3000000119209289,charge_annhil/irak4_s2,charge_annhil,228,charge_annhil_irak4_s2_5neu.sdf,charge_annhil_irak4_s2_protein.pdb,7.1804028,7.060461,7.4155574,7.615483,7.406312,6.905694,6.489852,7.1781025,6.8163257,6.6536045,7.072179
charge_annhil/irak4_s2/18,8.036235150562069,data/fep/charge_annhil/charge_annhil_irak4_s2_18.sdf,,data/fep/charge_annhil/charge_annhil_irak4_s2_protein.pdb,18,-10.920000076293944,-10.489999771118164,0.270000010728836,charge_annhil/irak4_s2,charge_annhil,229,charge_annhil_irak4_s2_18.sdf,charge_annhil_irak4_s2_protein.pdb,7.3068166,6.4681044,7.248363,6.699489,6.7593913,7.100961,6.552578,6.896028,7.3490696,6.7972293,6.9178023
charge_annhil/irak4_s2/6,6.262670557951248,data/fep/charge_annhil/charge_annhil_irak4_s2_6.sdf,,data/fep/charge_annhil/charge_annhil_irak4_s2_protein.pdb,6,-8.510000228881836,-7.099999904632568,0.270000010728836,charge_annhil/irak4_s2,charge_annhil,230,charge_annhil_irak4_s2_6.sdf,charge_annhil_irak4_s2_protein.pdb,6.4270144,6.667955,6.3312817,6.1847944,6.99203,6.51113,6.0285563,6.463633,6.706503,6.232992,6.45459
charge_annhil/irak4_s2/5charg,7.07218099801415,data/fep/charge_annhil/charge_annhil_irak4_s2_5charg.sdf,,data/fep/charge_annhil/charge_annhil_irak4_s2_protein.pdb,5charg,-9.609999656677246,-10.31999969482422,0.270000010728836,charge_annhil/irak4_s2,charge_annhil,231,charge_annhil_irak4_s2_5charg.sdf,charge_annhil_irak4_s2_protein.pdb,6.9003263,6.736635,7.346021,7.895385,7.212272,6.997347,6.635793,7.027989,6.5662737,6.5961375,6.991418
charge_annhil/irak4_s2/14,7.440140480359201,data/fep/charge_annhil/charge_annhil_irak4_s2_14.sdf,,data/fep/charge_annhil/charge_annhil_irak4_s2_protein.pdb,14,-10.109999656677246,-10.84000015258789,0.2399999946355819,charge_annhil/irak4_s2,charge_annhil,232,charge_annhil_irak4_s2_14.sdf,charge_annhil_irak4_s2_protein.pdb,6.831605,5.8732343,7.1503973,6.6983,6.46515,6.8034964,6.476451,6.6930203,6.7418933,6.5095105,6.6243057
charge_annhil/dlk/9,6.424572224867619,data/fep/charge_annhil/charge_annhil_dlk_9.sdf,,data/fep/charge_annhil/charge_annhil_dlk_protein.pdb,9,-8.729999542236328,-8.539999961853027,0.1800000071525573,charge_annhil/dlk,charge_annhil,233,charge_annhil_dlk_9.sdf,charge_annhil_dlk_protein.pdb,7.7190533,7.2679343,8.058281,7.491805,7.85469,7.1971407,7.592803,7.2038317,7.5373945,7.2888007,7.521174
charge_annhil/dlk/17charg,7.682993682560773,data/fep/charge_annhil/charge_annhil_dlk_17charg.sdf,,data/fep/charge_annhil/charge_annhil_dlk_protein.pdb,17charg,-10.4399995803833,-10.6899995803833,0.1899999976158142,charge_annhil/dlk,charge_annhil,234,charge_annhil_dlk_17charg.sdf,charge_annhil_dlk_protein.pdb,7.075779,7.0201755,7.601505,7.75077,7.2750964,7.149488,7.500699,7.0741596,7.2711678,6.9917397,7.271058
charge_annhil/dlk/17neu,7.682993682560773,data/fep/charge_annhil/charge_annhil_dlk_17neu.sdf,,data/fep/charge_annhil/charge_annhil_dlk_protein.pdb,17neu,-10.4399995803833,-10.699999809265137,0.1899999976158142,charge_annhil/dlk,charge_annhil,235,charge_annhil_dlk_17neu.sdf,charge_annhil_dlk_protein.pdb,6.9020367,7.2845106,7.390427,7.4201107,7.0889153,6.9921823,7.5329695,7.285386,7.3395596,6.8805513,7.211665
charge_annhil/dlk/4charg,6.866123884412487,data/fep/charge_annhil/charge_annhil_dlk_4charg.sdf,,data/fep/charge_annhil/charge_annhil_dlk_protein.pdb,4charg,-9.329999923706056,-8.9399995803833,0.1899999976158142,charge_annhil/dlk,charge_annhil,236,charge_annhil_dlk_4charg.sdf,charge_annhil_dlk_protein.pdb,6.6402187,7.217991,7.3580666,6.99747,7.1951485,6.8014865,7.3411083,6.7754908,6.5418053,6.559234,6.9428015
charge_annhil/dlk/4neu,6.866123884412487,data/fep/charge_annhil/charge_annhil_dlk_4neu.sdf,,data/fep/charge_annhil/charge_annhil_dlk_protein.pdb,4neu,-9.329999923706056,-8.9399995803833,0.2000000029802322,charge_annhil/dlk,charge_annhil,237,charge_annhil_dlk_4neu.sdf,charge_annhil_dlk_protein.pdb,7.042217,6.973136,7.6631336,6.6958747,7.5955424,6.9669714,7.4946303,6.5609326,6.937802,6.6234164,7.055365
charge_annhil/dlk/18,7.344470930730246,data/fep/charge_annhil/charge_annhil_dlk_18.sdf,,data/fep/charge_annhil/charge_annhil_dlk_protein.pdb,18,-9.979999542236328,-10.039999961853027,0.1800000071525573,charge_annhil/dlk,charge_annhil,238,charge_annhil_dlk_18.sdf,charge_annhil_dlk_protein.pdb,6.6174307,6.7901626,6.946589,7.528877,7.626979,6.5806375,7.166156,7.324356,7.1071033,6.5695004,7.0257797
charge_annhil/dlk/8,7.734508487331451,data/fep/charge_annhil/charge_annhil_dlk_8.sdf,,data/fep/charge_annhil/charge_annhil_dlk_protein.pdb,8,-10.510000228881836,-10.90999984741211,0.1899999976158142,charge_annhil/dlk,charge_annhil,239,charge_annhil_dlk_8.sdf,charge_annhil_dlk_protein.pdb,7.0263753,7.3041167,8.088926,8.101028,7.7386956,7.1170707,7.566819,7.602461,6.4562573,6.6089773,7.3610735
charge_annhil/irak4_s3/28neu,6.991230164555965,data/fep/charge_annhil/charge_annhil_irak4_s3_28neu.sdf,,data/fep/charge_annhil/charge_annhil_irak4_s3_protein.pdb,28neu,-9.5,-10.3100004196167,0.2599999904632568,charge_annhil/irak4_s3,charge_annhil,240,charge_annhil_irak4_s3_28neu.sdf,charge_annhil_irak4_s3_protein.pdb,6.955207,6.440414,6.505422,6.21856,6.9883413,6.5801883,6.268998,6.734956,6.756618,6.320843,6.576955
charge_annhil/irak4_s3/19charg,7.800741306445884,data/fep/charge_annhil/charge_annhil_irak4_s3_19charg.sdf,,data/fep/charge_annhil/charge_annhil_irak4_s3_protein.pdb,19charg,-10.600000381469728,-9.5,0.270000010728836,charge_annhil/irak4_s3,charge_annhil,241,charge_annhil_irak4_s3_19charg.sdf,charge_annhil_irak4_s3_protein.pdb,7.099621,6.429451,6.9701576,6.3473635,7.187311,7.028251,6.420135,6.7231627,7.03802,6.801132,6.804461
charge_annhil/irak4_s3/29,6.409854210523865,data/fep/charge_annhil/charge_annhil_irak4_s3_29.sdf,,data/fep/charge_annhil/charge_annhil_irak4_s3_protein.pdb,29,-8.710000038146973,-9.359999656677246,0.270000010728836,charge_annhil/irak4_s3,charge_annhil,242,charge_annhil_irak4_s3_29.sdf,charge_annhil_irak4_s3_protein.pdb,6.4339323,5.837325,6.4609146,6.191436,6.3817015,6.1237555,5.8731375,6.837393,6.6902623,5.58818,6.2418036
charge_annhil/irak4_s3/19neu,7.800741306445884,data/fep/charge_annhil/charge_annhil_irak4_s3_19neu.sdf,,data/fep/charge_annhil/charge_annhil_irak4_s3_protein.pdb,19neu,-10.600000381469728,-9.5,0.3000000119209289,charge_annhil/irak4_s3,charge_annhil,243,charge_annhil_irak4_s3_19neu.sdf,charge_annhil_irak4_s3_protein.pdb,6.947804,6.373072,6.4048634,6.019613,6.8575454,6.617855,6.2437077,6.206196,6.4561815,6.1540623,6.42809
charge_annhil/irak4_s3/28charg,6.991230164555965,data/fep/charge_annhil/charge_annhil_irak4_s3_28charg.sdf,,data/fep/charge_annhil/charge_annhil_irak4_s3_protein.pdb,28charg,-9.5,-10.3100004196167,0.3000000119209289,charge_annhil/irak4_s3,charge_annhil,244,charge_annhil_irak4_s3_28charg.sdf,charge_annhil_irak4_s3_protein.pdb,7.0905247,6.5541105,6.9119596,6.6623583,7.3159747,7.224271,6.4934916,7.145791,6.9909987,6.767156,6.9156632
charge_annhil/irak4_s3/27,6.409854210523865,data/fep/charge_annhil/charge_annhil_irak4_s3_27.sdf,,data/fep/charge_annhil/charge_annhil_irak4_s3_protein.pdb,27,-8.710000038146973,-8.640000343322754,0.25,charge_annhil/irak4_s3,charge_annhil,245,charge_annhil_irak4_s3_27.sdf,charge_annhil_irak4_s3_protein.pdb,7.185266,6.2573977,6.2977223,6.2738237,6.2442737,6.3029137,6.297991,5.8557806,6.340994,6.1623445,6.3218513
charge_annhil/ephx2/47charg,8.279088352763642,data/fep/charge_annhil/charge_annhil_ephx2_47charg.sdf,,data/fep/charge_annhil/charge_annhil_ephx2_protein.pdb,47charg,-11.25,-11.15999984741211,0.3199999928474426,charge_annhil/ephx2,charge_annhil,246,charge_annhil_ephx2_47charg.sdf,charge_annhil_ephx2_protein.pdb,8.605929,7.832752,8.169365,7.8155966,7.8424387,7.693586,7.1074405,8.022502,7.879176,7.7970276,7.8765817
charge_annhil/ephx2/19charg,6.063972100607953,data/fep/charge_annhil/charge_annhil_ephx2_19charg.sdf,,data/fep/charge_annhil/charge_annhil_ephx2_protein.pdb,19charg,-8.239999771118164,-7.420000076293945,0.3300000131130218,charge_annhil/ephx2,charge_annhil,247,charge_annhil_ephx2_19charg.sdf,charge_annhil_ephx2_protein.pdb,7.0886416,7.394068,7.6479564,6.5961185,7.9443693,7.5138707,7.675718,7.2536798,7.1974864,7.58783,7.3899736
charge_annhil/ephx2/19neu,6.063972100607953,data/fep/charge_annhil/charge_annhil_ephx2_19neu.sdf,,data/fep/charge_annhil/charge_annhil_ephx2_protein.pdb,19neu,-8.239999771118164,-7.420000076293945,0.3700000047683716,charge_annhil/ephx2,charge_annhil,248,charge_annhil_ephx2_19neu.sdf,charge_annhil_ephx2_protein.pdb,7.498737,7.634321,7.6331453,7.258439,7.19373,7.4681797,7.711484,7.2430735,6.915699,7.4592695,7.4016075
charge_annhil/ephx2/20,6.726299589925254,data/fep/charge_annhil/charge_annhil_ephx2_20.sdf,,data/fep/charge_annhil/charge_annhil_ephx2_protein.pdb,20,-9.140000343322754,-9.779999732971191,0.3300000131130218,charge_annhil/ephx2,charge_annhil,249,charge_annhil_ephx2_20.sdf,charge_annhil_ephx2_protein.pdb,7.5519986,7.3055625,7.6998234,7.8263216,7.521867,7.611836,8.095449,8.017146,7.782707,7.9846416,7.7397346
charge_annhil/ephx2/47neu,8.279088352763642,data/fep/charge_annhil/charge_annhil_ephx2_47neu.sdf,,data/fep/charge_annhil/charge_annhil_ephx2_protein.pdb,47neu,-11.25,-11.149999618530272,0.3499999940395355,charge_annhil/ephx2,charge_annhil,250,charge_annhil_ephx2_47neu.sdf,charge_annhil_ephx2_protein.pdb,8.380118,7.593241,8.440089,8.179841,7.6025844,7.5087895,7.295469,7.890567,7.854545,7.7856107,7.8530855
charge_annhil/ephx2/33,7.903769512333207,data/fep/charge_annhil/charge_annhil_ephx2_33.sdf,,data/fep/charge_annhil/charge_annhil_ephx2_protein.pdb,33,-10.739999771118164,-11.920000076293944,0.3199999928474426,charge_annhil/ephx2,charge_annhil,251,charge_annhil_ephx2_33.sdf,charge_annhil_ephx2_protein.pdb,8.340807,7.7308993,7.812641,8.001115,8.010525,7.4821525,7.942013,7.753311,8.148865,7.351056,7.857339
charge_annhil/jak1/17,7.999439061962162,data/fep/charge_annhil/charge_annhil_jak1_17.sdf,,data/fep/charge_annhil/charge_annhil_jak1_protein.pdb,17,-10.869999885559082,-10.84000015258789,0.4000000059604645,charge_annhil/jak1,charge_annhil,252,charge_annhil_jak1_17.sdf,charge_annhil_jak1_protein.pdb,7.9678116,6.9691963,7.6794696,7.4636292,7.695078,6.961398,7.0715127,7.3657184,7.172417,6.7590413,7.310528
charge_annhil/jak1/18charg,8.31588444136355,data/fep/charge_annhil/charge_annhil_jak1_18charg.sdf,,data/fep/charge_annhil/charge_annhil_jak1_protein.pdb,18charg,-11.300000190734863,-10.529999732971191,0.449999988079071,charge_annhil/jak1,charge_annhil,253,charge_annhil_jak1_18charg.sdf,charge_annhil_jak1_protein.pdb,7.892588,8.140994,8.184972,8.449251,8.138683,8.48912,8.490381,7.293562,7.807791,8.1914625,8.107882
charge_annhil/jak1/18neu,8.31588444136355,data/fep/charge_annhil/charge_annhil_jak1_18neu.sdf,,data/fep/charge_annhil/charge_annhil_jak1_protein.pdb,18neu,-11.300000190734863,-10.529999732971191,0.5299999713897705,charge_annhil/jak1,charge_annhil,254,charge_annhil_jak1_18neu.sdf,charge_annhil_jak1_protein.pdb,8.4491825,7.6940107,8.127033,8.626837,8.075719,8.399078,8.75079,7.69767,8.584908,8.623593,8.302882
charge_annhil/jak1/jmc_25,8.396835274821736,data/fep/charge_annhil/charge_annhil_jak1_jmc_25.sdf,,data/fep/charge_annhil/charge_annhil_jak1_protein.pdb,jmc_25,-11.40999984741211,-11.510000228881836,0.4199999868869781,charge_annhil/jak1,charge_annhil,255,charge_annhil_jak1_jmc_25.sdf,charge_annhil_jak1_protein.pdb,7.779188,7.76558,8.029401,8.757253,7.957302,8.230277,7.707438,8.105217,8.239092,6.7574816,7.932823
charge_annhil/jak1/jmc_34,9.618460643914984,data/fep/charge_annhil/charge_annhil_jak1_jmc_34.sdf,,data/fep/charge_annhil/charge_annhil_jak1_protein.pdb,jmc_34,-13.06999969482422,-13.25,0.449999988079071,charge_annhil/jak1,charge_annhil,256,charge_annhil_jak1_jmc_34.sdf,charge_annhil_jak1_protein.pdb,7.9534063,8.216767,7.8261967,8.337858,8.592805,8.050355,7.9628534,7.8630357,7.8155465,8.091327,8.071014
charge_annhil/jak1/16charg,7.75658585976059,data/fep/charge_annhil/charge_annhil_jak1_16charg.sdf,,data/fep/charge_annhil/charge_annhil_jak1_protein.pdb,16charg,-10.539999961853027,-10.800000190734863,0.4199999868869781,charge_annhil/jak1,charge_annhil,257,charge_annhil_jak1_16charg.sdf,charge_annhil_jak1_protein.pdb,6.2902927,6.4722705,6.5470767,6.7220054,7.214504,6.5292253,7.202689,6.037283,6.1929116,5.89595,6.510421
charge_annhil/jak1/16neu,7.75658585976059,data/fep/charge_annhil/charge_annhil_jak1_16neu.sdf,,data/fep/charge_annhil/charge_annhil_jak1_protein.pdb,16neu,-10.539999961853027,-10.800000190734863,0.4199999868869781,charge_annhil/jak1,charge_annhil,258,charge_annhil_jak1_16neu.sdf,charge_annhil_jak1_protein.pdb,7.083733,6.7788944,7.215938,7.4520445,7.9819593,6.87783,6.9233212,6.806887,7.0438275,6.966053,7.1130495
charge_annhil/jak1/jmc_22,8.352680529963461,data/fep/charge_annhil/charge_annhil_jak1_jmc_22.sdf,,data/fep/charge_annhil/charge_annhil_jak1_protein.pdb,jmc_22,-11.350000381469728,-12.119999885559082,0.4699999988079071,charge_annhil/jak1,charge_annhil,259,charge_annhil_jak1_jmc_22.sdf,charge_annhil_jak1_protein.pdb,8.224933,7.830175,8.15903,8.323628,7.9185247,7.810127,7.73655,7.913981,8.11576,6.7785487,7.8811255
charge_annhil/tyk2/ejm_47,7.204646636243013,data/fep/charge_annhil/charge_annhil_tyk2_ejm_47.sdf,,data/fep/charge_annhil/charge_annhil_tyk2_protein.pdb,ejm_47,-9.789999961853027,-10.199999809265137,0.25,charge_annhil/tyk2,charge_annhil,260,charge_annhil_tyk2_ejm_47.sdf,charge_annhil_tyk2_protein.pdb,8.05455,7.7195816,8.088375,6.7923784,7.5462685,7.2170234,7.2506914,7.319635,7.9100776,7.1554484,7.5054026
charge_annhil/tyk2/jmc_32charg,8.580815015994261,data/fep/charge_annhil/charge_annhil_tyk2_jmc_32charg.sdf,,data/fep/charge_annhil/charge_annhil_tyk2_protein.pdb,jmc_32charg,-11.65999984741211,-10.300000190734863,0.3300000131130218,charge_annhil/tyk2,charge_annhil,261,charge_annhil_tyk2_jmc_32charg.sdf,charge_annhil_tyk2_protein.pdb,7.7251525,7.8566103,7.8106136,8.153182,8.161982,7.978078,7.3101277,7.977292,8.276701,7.8298826,7.907962
charge_annhil/tyk2/jmc_31,8.036235150562069,data/fep/charge_annhil/charge_annhil_tyk2_jmc_31.sdf,,data/fep/charge_annhil/charge_annhil_tyk2_protein.pdb,jmc_31,-10.920000076293944,-11.529999732971191,0.3100000023841858,charge_annhil/tyk2,charge_annhil,262,charge_annhil_tyk2_jmc_31.sdf,charge_annhil_tyk2_protein.pdb,8.32364,8.118873,8.299565,7.827388,8.108876,8.141174,8.080322,8.632808,8.400266,7.9860187,8.191893
charge_annhil/tyk2/jmc_32neu,8.580815015994261,data/fep/charge_annhil/charge_annhil_tyk2_jmc_32neu.sdf,,data/fep/charge_annhil/charge_annhil_tyk2_protein.pdb,jmc_32neu,-11.65999984741211,-11.399999618530272,0.3300000131130218,charge_annhil/tyk2,charge_annhil,263,charge_annhil_tyk2_jmc_32neu.sdf,charge_annhil_tyk2_protein.pdb,7.9102125,7.675067,7.944593,7.9557743,8.219048,8.092754,6.9156156,7.3216815,7.8317614,7.7971797,7.766369
charge_annhil/tyk2/ejm_52neu,5.512032877090377,data/fep/charge_annhil/charge_annhil_tyk2_ejm_52neu.sdf,,data/fep/charge_annhil/charge_annhil_tyk2_protein.pdb,ejm_52neu,-7.489999771118164,-7.860000133514404,0.25,charge_annhil/tyk2,charge_annhil,264,charge_annhil_tyk2_ejm_52neu.sdf,charge_annhil_tyk2_protein.pdb,7.2453146,7.5883126,8.149609,6.7842603,7.7440343,7.728641,7.558472,7.1233964,7.8094435,6.7981424,7.4529624
charge_annhil/tyk2/ejm_52charg,5.512032877090377,data/fep/charge_annhil/charge_annhil_tyk2_ejm_52charg.sdf,,data/fep/charge_annhil/charge_annhil_tyk2_protein.pdb,ejm_52charg,-7.489999771118164,-7.860000133514404,0.25,charge_annhil/tyk2,charge_annhil,265,charge_annhil_tyk2_ejm_52charg.sdf,charge_annhil_tyk2_protein.pdb,7.302183,7.6453776,7.6994705,6.5105953,7.4659004,7.207905,7.4907994,7.3706427,7.6458454,7.2761993,7.361492
charge_annhil/tyk2/ejm_46,8.404194632907119,data/fep/charge_annhil/charge_annhil_tyk2_ejm_46.sdf,,data/fep/charge_annhil/charge_annhil_tyk2_protein.pdb,ejm_46,-11.420000076293944,-11.279999732971191,0.25,charge_annhil/tyk2,charge_annhil,266,charge_annhil_tyk2_ejm_46.sdf,charge_annhil_tyk2_protein.pdb,8.426154,8.04269,8.387536,7.58783,8.073104,8.247154,7.9931383,7.7438846,8.150957,7.9099545,8.05624
charge_annhil/itk/17,8.293807068934411,data/fep/charge_annhil/charge_annhil_itk_17.sdf,,data/fep/charge_annhil/charge_annhil_itk_protein.pdb,17,-11.270000457763672,-12.329999923706056,0.209999993443489,charge_annhil/itk,charge_annhil,267,charge_annhil_itk_17.sdf,charge_annhil_itk_protein.pdb,8.13788,7.2132454,8.545039,7.4063096,8.353724,8.2344265,8.26404,8.3440275,8.338116,7.7655315,8.060234
charge_annhil/itk/1neu,9.250501161569932,data/fep/charge_annhil/charge_annhil_itk_1neu.sdf,,data/fep/charge_annhil/charge_annhil_itk_protein.pdb,1neu,-12.56999969482422,-12.420000076293944,0.2199999988079071,charge_annhil/itk,charge_annhil,268,charge_annhil_itk_1neu.sdf,charge_annhil_itk_protein.pdb,8.128205,7.3731556,8.586578,8.268541,7.982888,8.0864935,7.8304944,7.25541,9.147786,8.29885,8.09584
charge_annhil/itk/1charg,9.250501161569932,data/fep/charge_annhil/charge_annhil_itk_1charg.sdf,,data/fep/charge_annhil/charge_annhil_itk_protein.pdb,1charg,-12.56999969482422,-12.420000076293944,0.2300000041723251,charge_annhil/itk,charge_annhil,269,charge_annhil_itk_1charg.sdf,charge_annhil_itk_protein.pdb,8.442857,8.051869,8.567338,8.626267,8.715477,8.755909,8.48864,8.102633,9.399572,8.364898,8.551546
charge_annhil/itk/18,9.397685515969563,data/fep/charge_annhil/charge_annhil_itk_18.sdf,,data/fep/charge_annhil/charge_annhil_itk_protein.pdb,18,-12.770000457763672,-12.020000457763672,0.2199999988079071,charge_annhil/itk,charge_annhil,270,charge_annhil_itk_18.sdf,charge_annhil_itk_protein.pdb,7.878693,6.46185,8.276367,7.285885,8.13997,8.016872,8.3659115,7.675332,7.990765,7.201249,7.72929
charge_annhil/itk/19,9.618460643914984,data/fep/charge_annhil/charge_annhil_itk_19.sdf,,data/fep/charge_annhil/charge_annhil_itk_protein.pdb,19,-13.06999969482422,-13.0600004196167,0.2300000041723251,charge_annhil/itk,charge_annhil,271,charge_annhil_itk_19.sdf,charge_annhil_itk_protein.pdb,8.534194,8.771179,8.622388,8.576847,8.175967,8.846502,8.728893,8.580488,8.820657,7.950274,8.560739
charge_annhil/thrombin_whole_map/11,4.297766866082515,data/fep/charge_annhil/charge_annhil_thrombin_whole_map_11.sdf,,data/fep/charge_annhil/charge_annhil_thrombin_whole_map_protein.pdb,11,-5.840000152587891,-5.260000228881836,0.3700000047683716,charge_annhil/thrombin_whole_map,charge_annhil,272,charge_annhil_thrombin_whole_map_11.sdf,charge_annhil_thrombin_whole_map_protein.pdb,5.923995,5.93952,5.84344,5.594771,6.628297,5.781488,6.1775713,6.445584,4.760396,4.609432,5.770449
charge_annhil/thrombin_whole_map/1,5.004249100258094,data/fep/charge_annhil/charge_annhil_thrombin_whole_map_1.sdf,,data/fep/charge_annhil/charge_annhil_thrombin_whole_map_protein.pdb,1,-6.800000190734863,-6.46999979019165,0.3300000131130218,charge_annhil/thrombin_whole_map,charge_annhil,273,charge_annhil_thrombin_whole_map_1.sdf,charge_annhil_thrombin_whole_map_protein.pdb,4.838568,4.7754555,6.0380983,4.225914,5.3390436,5.2919655,4.468343,5.2132587,5.7268734,4.3527956,5.0270314
charge_annhil/thrombin_whole_map/3,4.165301227853652,data/fep/charge_annhil/charge_annhil_thrombin_whole_map_3.sdf,,data/fep/charge_annhil/charge_annhil_thrombin_whole_map_protein.pdb,3,-5.659999847412109,-5.630000114440918,0.3600000143051147,charge_annhil/thrombin_whole_map,charge_annhil,274,charge_annhil_thrombin_whole_map_3.sdf,charge_annhil_thrombin_whole_map_protein.pdb,5.027294,4.855159,4.6927805,4.4566374,4.904218,5.320666,4.760414,5.287709,4.772376,4.3348217,4.841208
charge_annhil/thrombin_whole_map/jmb2009-4,8.485145466365307,data/fep/charge_annhil/charge_annhil_thrombin_whole_map_jmb2009-4.sdf,,data/fep/charge_annhil/charge_annhil_thrombin_whole_map_protein.pdb,jmb2009-4,-11.529999732971191,-13.350000381469728,0.3300000131130218,charge_annhil/thrombin_whole_map,charge_annhil,275,charge_annhil_thrombin_whole_map_jmb2009-4.sdf,charge_annhil_thrombin_whole_map_protein.pdb,8.146116,6.5769997,8.253814,7.5104113,8.919719,8.007468,7.784388,8.299124,7.4406877,7.412015,7.8350744
charge_annhil/thrombin_whole_map/10,5.64449851531924,data/fep/charge_annhil/charge_annhil_thrombin_whole_map_10.sdf,,data/fep/charge_annhil/charge_annhil_thrombin_whole_map_protein.pdb,10,-7.670000076293945,-6.480000019073486,0.3799999952316284,charge_annhil/thrombin_whole_map,charge_annhil,276,charge_annhil_thrombin_whole_map_10.sdf,charge_annhil_thrombin_whole_map_protein.pdb,6.392985,5.6796093,7.15685,5.3363514,6.442386,5.621243,5.4831986,6.4698715,5.4720936,5.605984,5.9660573
charge_annhil/thrombin_whole_map/2,4.518542344941442,data/fep/charge_annhil/charge_annhil_thrombin_whole_map_2.sdf,,data/fep/charge_annhil/charge_annhil_thrombin_whole_map_protein.pdb,2,-6.139999866485596,-6.449999809265137,0.3799999952316284,charge_annhil/thrombin_whole_map,charge_annhil,277,charge_annhil_thrombin_whole_map_2.sdf,charge_annhil_thrombin_whole_map_protein.pdb,4.4986715,4.401669,5.0437627,4.305884,4.7830286,4.7769303,4.430271,4.980042,4.7550983,4.2892604,4.626462
charge_annhil/cdk2/39neu,6.1596416502369085,data/fep/charge_annhil/charge_annhil_cdk2_39neu.sdf,,data/fep/charge_annhil/charge_annhil_cdk2_protein.pdb,39neu,-8.369999885559082,-8.220000267028809,0.2599999904632568,charge_annhil/cdk2,charge_annhil,278,charge_annhil_cdk2_39neu.sdf,charge_annhil_cdk2_protein.pdb,5.4839635,6.035583,6.679368,7.0473204,6.9475083,5.971488,5.8101554,6.765066,6.9346585,6.3944955,6.406961
charge_annhil/cdk2/39charg,6.1596416502369085,data/fep/charge_annhil/charge_annhil_cdk2_39charg.sdf,,data/fep/charge_annhil/charge_annhil_cdk2_protein.pdb,39charg,-8.369999885559082,-8.229999542236328,0.25,charge_annhil/cdk2,charge_annhil,279,charge_annhil_cdk2_39charg.sdf,charge_annhil_cdk2_protein.pdb,5.060559,5.878941,6.549985,7.044502,6.4021416,6.194269,5.9034057,6.068056,6.6974425,6.5776086,6.237691
charge_annhil/cdk2/34,7.270879455357445,data/fep/charge_annhil/charge_annhil_cdk2_34.sdf,,data/fep/charge_annhil/charge_annhil_cdk2_protein.pdb,34,-9.880000114440918,-10.229999542236328,0.25,charge_annhil/cdk2,charge_annhil,280,charge_annhil_cdk2_34.sdf,charge_annhil_cdk2_protein.pdb,5.5743904,6.368598,6.905905,7.3350453,7.0147223,6.0708,6.2627864,6.4763417,6.7452145,6.1869154,6.494071
charge_annhil/cdk2/25,7.234083366757538,data/fep/charge_annhil/charge_annhil_cdk2_25.sdf,,data/fep/charge_annhil/charge_annhil_cdk2_protein.pdb,25,-9.829999923706056,-9.770000457763672,0.2599999904632568,charge_annhil/cdk2,charge_annhil,281,charge_annhil_cdk2_25.sdf,charge_annhil_cdk2_protein.pdb,6.1367784,6.1811104,6.3585854,6.752085,6.7939177,6.5653505,6.0645013,6.3550153,7.0959735,6.0500402,6.4353356
fragments/hsp90_frag_2rings/18,6.59383395169639,data/fep/fragments/fragments_hsp90_frag_2rings_18.sdf,,data/fep/fragments/fragments_hsp90_frag_2rings_protein.pdb,18,-8.960000038146973,-10.5,0.1700000017881393,fragments/hsp90_frag_2rings,fragments,282,fragments_hsp90_frag_2rings_18.sdf,fragments_hsp90_frag_2rings_protein.pdb,6.889368,6.631031,6.5601654,7.083515,7.5230565,7.0242987,7.5554066,7.2391014,6.361342,7.3200507,7.018734
fragments/hsp90_frag_2rings/17,7.300316185871967,data/fep/fragments/fragments_hsp90_frag_2rings_17.sdf,,data/fep/fragments/fragments_hsp90_frag_2rings_protein.pdb,17,-9.920000076293944,-9.039999961853027,0.1700000017881393,fragments/hsp90_frag_2rings,fragments,283,fragments_hsp90_frag_2rings_17.sdf,fragments_hsp90_frag_2rings_protein.pdb,7.325109,7.5067935,6.993977,6.9503407,7.5961614,7.3596315,7.540732,7.5135803,7.4182982,7.515747,7.3720374
fragments/hsp90_frag_2rings/19,7.550528746158926,data/fep/fragments/fragments_hsp90_frag_2rings_19.sdf,,data/fep/fragments/fragments_hsp90_frag_2rings_protein.pdb,19,-10.260000228881836,-9.9399995803833,0.1700000017881393,fragments/hsp90_frag_2rings,fragments,284,fragments_hsp90_frag_2rings_19.sdf,fragments_hsp90_frag_2rings_protein.pdb,7.11661,7.1574717,7.230795,7.6033854,7.9793687,7.3611627,7.839324,7.3398895,7.6248846,7.2115693,7.4464464
fragments/hsp90_frag_2rings/15,7.270879455357445,data/fep/fragments/fragments_hsp90_frag_2rings_15.sdf,,data/fep/fragments/fragments_hsp90_frag_2rings_protein.pdb,15,-9.880000114440918,-9.539999961853027,0.1700000017881393,fragments/hsp90_frag_2rings,fragments,285,fragments_hsp90_frag_2rings_15.sdf,fragments_hsp90_frag_2rings_protein.pdb,6.8301964,6.7989125,6.610422,7.0640373,7.503653,6.7895555,7.06082,7.4097576,7.063155,7.1898737,7.032038
fragments/hsp90_frag_2rings/14,6.41721356860925,data/fep/fragments/fragments_hsp90_frag_2rings_14.sdf,,data/fep/fragments/fragments_hsp90_frag_2rings_protein.pdb,14,-8.720000267028809,-9.90999984741211,0.1700000017881393,fragments/hsp90_frag_2rings,fragments,286,fragments_hsp90_frag_2rings_14.sdf,fragments_hsp90_frag_2rings_protein.pdb,6.4471655,6.449635,6.4981613,6.973147,5.9234753,5.901504,6.7286215,6.3831196,5.929463,6.8998237,6.4134116
fragments/hsp90_frag_2rings/16,5.975661909064383,data/fep/fragments/fragments_hsp90_frag_2rings_16.sdf,,data/fep/fragments/fragments_hsp90_frag_2rings_protein.pdb,16,-8.119999885559082,-6.929999828338623,0.1700000017881393,fragments/hsp90_frag_2rings,fragments,287,fragments_hsp90_frag_2rings_16.sdf,fragments_hsp90_frag_2rings_protein.pdb,7.081154,7.2238407,6.8070626,6.950476,7.6230974,7.511691,7.416731,7.624951,7.4020596,7.6660676,7.330713
fragments/frag_liga_auto/12,6.660066770810822,data/fep/fragments/fragments_frag_liga_auto_12.sdf,,data/fep/fragments/fragments_frag_liga_auto_protein.pdb,12,-9.050000190734863,-9.56999969482422,0.2199999988079071,fragments/frag_liga_auto,fragments,288,fragments_frag_liga_auto_12.sdf,fragments_frag_liga_auto_protein.pdb,7.8429947,7.616024,7.226496,6.9568944,7.140947,7.3251214,6.976498,7.2002907,7.558453,7.8198614,7.3663583
fragments/frag_liga_auto/9,4.69516307894209,data/fep/fragments/fragments_frag_liga_auto_9.sdf,,data/fep/fragments/fragments_frag_liga_auto_protein.pdb,9,-6.380000114440918,-6.179999828338623,0.1800000071525573,fragments/frag_liga_auto,fragments,289,fragments_frag_liga_auto_9.sdf,fragments_frag_liga_auto_protein.pdb,5.576491,5.1823306,6.038,4.585085,4.7862754,6.246913,5.52305,5.48704,5.790697,4.926125,5.414201
fragments/frag_liga_auto/5,3.5324111708778907,data/fep/fragments/fragments_frag_liga_auto_5.sdf,,data/fep/fragments/fragments_frag_liga_auto_protein.pdb,5,-4.800000190734863,-4.679999828338623,0.1800000071525573,fragments/frag_liga_auto,fragments,290,fragments_frag_liga_auto_5.sdf,fragments_frag_liga_auto_protein.pdb,5.120611,3.8964267,4.612406,4.650923,4.233541,5.0056257,4.738326,5.252486,4.4778767,4.902841,4.689107
fragments/frag_liga_auto/6,3.900370653222941,data/fep/fragments/fragments_frag_liga_auto_6.sdf,,data/fep/fragments/fragments_frag_liga_auto_protein.pdb,6,-5.300000190734863,-5.440000057220459,0.2199999988079071,fragments/frag_liga_auto,fragments,291,fragments_frag_liga_auto_6.sdf,fragments_frag_liga_auto_protein.pdb,4.936903,4.362258,5.245191,4.505153,4.7062464,4.61586,4.595385,5.7200866,4.744639,4.0938716,4.7525597
fragments/frag_liga_auto/11,6.682144143239962,data/fep/fragments/fragments_frag_liga_auto_11.sdf,,data/fep/fragments/fragments_frag_liga_auto_protein.pdb,11,-9.079999923706056,-8.260000228881836,0.2199999988079071,fragments/frag_liga_auto,fragments,292,fragments_frag_liga_auto_11.sdf,fragments_frag_liga_auto_protein.pdb,6.2219296,6.409294,6.6711974,5.7570624,6.4154606,7.0976233,7.2323523,6.630466,6.8102717,5.795798,6.5041456
fragments/frag_liga_auto/10,4.812910001000184,data/fep/fragments/fragments_frag_liga_auto_10.sdf,,data/fep/fragments/fragments_frag_liga_auto_protein.pdb,10,-6.539999961853027,-6.510000228881836,0.1800000071525573,fragments/frag_liga_auto,fragments,293,fragments_frag_liga_auto_10.sdf,fragments_frag_liga_auto_protein.pdb,5.0303683,5.014705,4.458848,4.885824,5.3234625,5.0591245,5.3560824,4.6114435,4.752018,4.8087435,4.930062
fragments/frag_liga_auto/8,4.290407507997131,data/fep/fragments/fragments_frag_liga_auto_8.sdf,,data/fep/fragments/fragments_frag_liga_auto_protein.pdb,8,-5.829999923706055,-5.989999771118164,0.209999993443489,fragments/frag_liga_auto,fragments,294,fragments_frag_liga_auto_8.sdf,fragments_frag_liga_auto_protein.pdb,6.4270263,6.422137,7.2823977,6.5177875,6.932484,6.517126,6.8050942,6.4020233,6.4482603,6.3613257,6.611567
fragments/frag_liga_auto/3,4.437591511483256,data/fep/fragments/fragments_frag_liga_auto_3.sdf,,data/fep/fragments/fragments_frag_liga_auto_protein.pdb,3,-6.03000020980835,-5.130000114440918,0.1800000071525573,fragments/frag_liga_auto,fragments,295,fragments_frag_liga_auto_3.sdf,fragments_frag_liga_auto_protein.pdb,4.89505,4.194109,4.8214264,4.777377,4.418278,4.294736,4.461648,4.4350877,4.5706873,4.6723576,4.5540757
fragments/frag_liga_auto/7,3.863574564623033,data/fep/fragments/fragments_frag_liga_auto_7.sdf,,data/fep/fragments/fragments_frag_liga_auto_protein.pdb,7,-5.25,-5.489999771118164,0.1899999976158142,fragments/frag_liga_auto,fragments,296,fragments_frag_liga_auto_7.sdf,fragments_frag_liga_auto_protein.pdb,5.3433566,4.05904,5.0516925,4.1819177,4.7075276,5.152469,4.99508,5.3876367,4.9465175,5.0183034,4.8843546
fragments/frag_liga_auto/13,7.852255409389543,data/fep/fragments/fragments_frag_liga_auto_13.sdf,,data/fep/fragments/fragments_frag_liga_auto_protein.pdb,13,-10.670000076293944,-12.130000114440918,0.2399999946355819,fragments/frag_liga_auto,fragments,297,fragments_frag_liga_auto_13.sdf,fragments_frag_liga_auto_protein.pdb,7.2643843,6.881631,7.025868,6.4396605,7.3332353,7.0599732,7.062783,6.5536523,7.5855803,7.3877406,7.0594506
fragments/frag_liga_auto/4,4.78347327048566,data/fep/fragments/fragments_frag_liga_auto_4.sdf,,data/fep/fragments/fragments_frag_liga_auto_protein.pdb,4,-6.5,-6.050000190734863,0.2300000041723251,fragments/frag_liga_auto,fragments,298,fragments_frag_liga_auto_4.sdf,fragments_frag_liga_auto_protein.pdb,4.816178,3.9744544,4.569184,4.8290625,4.630915,4.441266,4.493622,4.968551,4.3968616,4.907118,4.602721
fragments/hsp90_frag_single_ring/10,6.115486905378631,data/fep/fragments/fragments_hsp90_frag_single_ring_10.sdf,,data/fep/fragments/fragments_hsp90_frag_single_ring_protein.pdb,10,-8.3100004196167,-9.0,0.1700000017881393,fragments/hsp90_frag_single_ring,fragments,299,fragments_hsp90_frag_single_ring_10.sdf,fragments_hsp90_frag_single_ring_protein.pdb,6.4499183,7.483759,6.7720847,7.254652,7.2990913,6.531782,7.036645,7.168265,6.5491843,7.279325,6.9824705
fragments/hsp90_frag_single_ring/3,6.115486905378631,data/fep/fragments/fragments_hsp90_frag_single_ring_3.sdf,,data/fep/fragments/fragments_hsp90_frag_single_ring_protein.pdb,3,-8.3100004196167,-8.020000457763672,0.1700000017881393,fragments/hsp90_frag_single_ring,fragments,300,fragments_hsp90_frag_single_ring_3.sdf,fragments_hsp90_frag_single_ring_protein.pdb,5.9001737,7.005384,6.868703,7.2887855,7.852795,6.9089985,6.5615287,7.1148148,6.416166,6.1408734,6.805823
fragments/hsp90_frag_single_ring/9,5.416363678374929,data/fep/fragments/fragments_hsp90_frag_single_ring_9.sdf,,data/fep/fragments/fragments_hsp90_frag_single_ring_protein.pdb,9,-7.360000133514404,-7.78000020980835,0.1599999964237213,fragments/hsp90_frag_single_ring,fragments,301,fragments_hsp90_frag_single_ring_9.sdf,fragments_hsp90_frag_single_ring_protein.pdb,5.6129727,7.1065364,6.131928,7.539399,5.7656493,5.32705,6.6834183,6.341648,6.0145984,6.351771,6.287497
fragments/hsp90_frag_single_ring/8,5.909429089949951,data/fep/fragments/fragments_hsp90_frag_single_ring_8.sdf,,data/fep/fragments/fragments_hsp90_frag_single_ring_protein.pdb,8,-8.029999732971191,-7.409999847412109,0.1599999964237213,fragments/hsp90_frag_single_ring,fragments,302,fragments_hsp90_frag_single_ring_8.sdf,fragments_hsp90_frag_single_ring_protein.pdb,5.132999,6.25811,6.222959,7.2483616,5.4164534,4.634677,5.1005573,5.7909603,6.311041,5.855244,5.7971373
fragments/hsp90_frag_single_ring/11,5.975661909064383,data/fep/fragments/fragments_hsp90_frag_single_ring_11.sdf,,data/fep/fragments/fragments_hsp90_frag_single_ring_protein.pdb,11,-8.119999885559082,-8.300000190734863,0.1700000017881393,fragments/hsp90_frag_single_ring,fragments,303,fragments_hsp90_frag_single_ring_11.sdf,fragments_hsp90_frag_single_ring_protein.pdb,5.53078,5.9108105,6.2327847,6.8886733,5.950941,5.1672745,5.4808984,6.2948756,6.436998,6.3958693,6.0289907
fragments/hsp90_frag_single_ring/12,6.321544018980295,data/fep/fragments/fragments_hsp90_frag_single_ring_12.sdf,,data/fep/fragments/fragments_hsp90_frag_single_ring_protein.pdb,12,-8.59000015258789,-8.199999809265137,0.1599999964237213,fragments/hsp90_frag_single_ring,fragments,304,fragments_hsp90_frag_single_ring_12.sdf,fragments_hsp90_frag_single_ring_protein.pdb,6.0615864,6.150595,6.5235615,6.3647895,6.1036777,5.6952786,5.784903,6.571126,6.2141905,7.1271486,6.259686
fragments/hsp90_frag_single_ring/2,5.099918298973541,data/fep/fragments/fragments_hsp90_frag_single_ring_2.sdf,,data/fep/fragments/fragments_hsp90_frag_single_ring_protein.pdb,2,-6.929999828338623,-6.940000057220459,0.1599999964237213,fragments/hsp90_frag_single_ring,fragments,305,fragments_hsp90_frag_single_ring_2.sdf,fragments_hsp90_frag_single_ring_protein.pdb,5.441848,6.948042,6.0923705,7.123276,6.1210313,5.484665,5.958994,5.983824,5.9429727,6.126001,6.1223025
fragments/jak2_set1/2_3E63,5.818919723453057,data/fep/fragments/fragments_jak2_set1_2_3E63.sdf,,data/fep/fragments/fragments_jak2_set1_protein.pdb,2_3E63,-7.90701150894165,-7.440000057220459,0.1500000059604644,fragments/jak2_set1,fragments,306,fragments_jak2_set1_2_3E63.sdf,fragments_jak2_set1_protein.pdb,5.7343254,5.7173676,6.1405706,6.453204,5.941336,5.5344954,5.825181,5.7837067,6.071938,5.70058,5.89027
fragments/jak2_set1/9,6.155139429931954,data/fep/fragments/fragments_jak2_set1_9.sdf,,data/fep/fragments/fragments_jak2_set1_protein.pdb,9,-8.363882064819336,-7.800000190734863,0.1500000059604644,fragments/jak2_set1,fragments,307,fragments_jak2_set1_9.sdf,fragments_jak2_set1_protein.pdb,6.192503,5.5685587,6.2340617,6.604665,6.903832,5.3322296,6.1251335,5.9069486,7.246755,5.7415147,6.1856203
fragments/jak2_set1/8,6.457365793997668,data/fep/fragments/fragments_jak2_set1_8.sdf,,data/fep/fragments/fragments_jak2_set1_protein.pdb,8,-8.774560928344727,-8.510000228881836,0.1700000017881393,fragments/jak2_set1,fragments,308,fragments_jak2_set1_8.sdf,fragments_jak2_set1_protein.pdb,6.470254,5.9156804,6.8198586,7.003294,6.4240417,5.7266636,6.413878,6.905602,6.7599773,6.7968297,6.523608
fragments/jak2_set1/5,5.732663428670585,data/fep/fragments/fragments_jak2_set1_5.sdf,,data/fep/fragments/fragments_jak2_set1_protein.pdb,5,-7.789802551269531,-7.099999904632568,0.1500000059604644,fragments/jak2_set1,fragments,309,fragments_jak2_set1_5.sdf,fragments_jak2_set1_protein.pdb,6.376184,5.59311,6.533484,6.419203,6.0452538,5.5820427,6.0587316,6.0482183,6.58959,5.9397807,6.11856
fragments/jak2_set1/10,5.257388279200025,data/fep/fragments/fragments_jak2_set1_10.sdf,,data/fep/fragments/fragments_jak2_set1_protein.pdb,10,-7.143977165222168,-7.559999942779541,0.1500000059604644,fragments/jak2_set1,fragments,310,fragments_jak2_set1_10.sdf,fragments_jak2_set1_protein.pdb,7.070221,5.442973,6.2562637,7.3109117,7.405177,6.3807206,7.518819,6.585874,7.1359386,5.837956,6.6944857
fragments/jak2_set1/4a,5.051518202498013,data/fep/fragments/fragments_jak2_set1_4a.sdf,,data/fep/fragments/fragments_jak2_set1_protein.pdb,4a,-6.864231586456299,-6.869999885559082,0.1599999964237213,fragments/jak2_set1,fragments,311,fragments_jak2_set1_4a.sdf,fragments_jak2_set1_protein.pdb,7.0223885,5.7848177,6.7923927,6.8818927,5.9196954,5.480468,6.6277695,6.158706,6.8692026,6.4904346,6.402777
fragments/jak2_set1/4b,5.051518202498013,data/fep/fragments/fragments_jak2_set1_4b.sdf,,data/fep/fragments/fragments_jak2_set1_protein.pdb,4b,-6.864231586456299,-6.769999980926514,0.1599999964237213,fragments/jak2_set1,fragments,312,fragments_jak2_set1_4b.sdf,fragments_jak2_set1_protein.pdb,6.4132557,5.914305,6.7707653,6.8400216,5.8546696,5.398107,6.5251784,6.09204,6.9358006,6.3653464,6.3109484
fragments/jak2_set1/6,4.561695582648484,data/fep/fragments/fragments_jak2_set1_6.sdf,,data/fep/fragments/fragments_jak2_set1_protein.pdb,6,-6.198638439178467,-7.400000095367432,0.1700000017881393,fragments/jak2_set1,fragments,313,fragments_jak2_set1_6.sdf,fragments_jak2_set1_protein.pdb,6.533206,5.824382,6.6827755,6.768985,7.372439,6.225614,7.5223594,6.018097,7.2392917,7.0412073,6.7228355
fragments/jak2_set1/3,3.852989960487545,data/fep/fragments/fragments_jak2_set1_3.sdf,,data/fep/fragments/fragments_jak2_set1_protein.pdb,3,-5.235617160797119,-6.0,0.1500000059604644,fragments/jak2_set1,fragments,314,fragments_jak2_set1_3.sdf,fragments_jak2_set1_protein.pdb,5.9824924,5.85573,6.088075,5.9466243,5.452976,5.461963,5.8703938,6.076256,5.712522,5.475152,5.792218
fragments/jak2_set1/1_3E62,4.405720844878696,data/fep/fragments/fragments_jak2_set1_1_3E62.sdf,,data/fep/fragments/fragments_jak2_set1_protein.pdb,1_3E62,-5.986692905426025,-5.699999809265137,0.1500000059604644,fragments/jak2_set1,fragments,315,fragments_jak2_set1_1_3E62.sdf,fragments_jak2_set1_protein.pdb,4.245587,4.061508,4.2740254,4.4199657,4.3297415,3.9100163,4.3308473,4.2890787,4.2582726,4.0542607,4.21733
fragments/jak2_set1/7,6.520668485322047,data/fep/fragments/fragments_jak2_set1_7.sdf,,data/fep/fragments/fragments_jak2_set1_protein.pdb,7,-8.860579490661621,-8.819999694824219,0.1700000017881393,fragments/jak2_set1,fragments,316,fragments_jak2_set1_7.sdf,fragments_jak2_set1_protein.pdb,6.375301,6.2072763,5.894039,6.4420567,6.559758,5.43626,7.299445,6.539794,6.993905,6.3882036,6.413604
fragments/frag_mup1/IBT,6.689503501325346,data/fep/fragments/fragments_frag_mup1_IBT.sdf,,data/fep/fragments/fragments_frag_mup1_protein.pdb,IBT,-9.09000015258789,-8.890000343322754,0.1500000059604644,fragments/frag_mup1,fragments,317,fragments_frag_mup1_IBT.sdf,fragments_frag_mup1_protein.pdb,4.0494356,4.258278,4.646755,3.8542354,5.1564503,3.1532047,4.7493477,4.0236797,4.2745795,3.7296102,4.1895576
fragments/frag_mup1/MT,4.150582862596391,data/fep/fragments/fragments_frag_mup1_MT.sdf,,data/fep/fragments/fragments_frag_mup1_protein.pdb,MT,-5.639999866485596,-5.510000228881836,0.1599999964237213,fragments/frag_mup1,fragments,318,fragments_frag_mup1_MT.sdf,fragments_frag_mup1_protein.pdb,3.710112,3.8418486,3.8743045,3.1463797,4.1409936,2.444822,4.2790604,2.7909095,3.5751562,3.7216675,3.5525253
fragments/frag_mup1/PT,6.03453537009343,data/fep/fragments/fragments_frag_mup1_PT.sdf,,data/fep/fragments/fragments_frag_mup1_protein.pdb,PT,-8.199999809265137,-7.960000038146973,0.1500000059604644,fragments/frag_mup1,fragments,319,fragments_frag_mup1_PT.sdf,fragments_frag_mup1_protein.pdb,3.5834277,4.132456,5.1080136,3.5780451,4.8415446,3.1644063,4.484534,3.7481117,4.0224915,3.6841033,4.0347133
fragments/frag_mup1/SBT_R,6.196437738836816,data/fep/fragments/fragments_frag_mup1_SBT_R.sdf,,data/fep/fragments/fragments_frag_mup1_protein.pdb,SBT_R,-8.420000076293945,-8.770000457763672,0.1500000059604644,fragments/frag_mup1,fragments,320,fragments_frag_mup1_SBT_R.sdf,fragments_frag_mup1_protein.pdb,4.0917616,3.988878,4.904785,3.7503364,4.8207865,3.293695,4.638325,3.9546928,4.2450843,3.8194551,4.1507797
fragments/frag_mup1/SBT_S,6.196437738836816,data/fep/fragments/fragments_frag_mup1_SBT_S.sdf,,data/fep/fragments/fragments_frag_mup1_protein.pdb,SBT_S,-8.420000076293945,-9.140000343322754,0.1500000059604644,fragments/frag_mup1,fragments,321,fragments_frag_mup1_SBT_S.sdf,fragments_frag_mup1_protein.pdb,3.941061,4.343499,5.0698314,4.238167,5.247001,3.5407264,4.58936,4.4675674,4.1643023,3.7876997,4.3389215
fragments/frag_mup1/IPT,5.776963802634596,data/fep/fragments/fragments_frag_mup1_IPT.sdf,,data/fep/fragments/fragments_frag_mup1_protein.pdb,IPT,-7.849999904632568,-7.579999923706055,0.1599999964237213,fragments/frag_mup1,fragments,322,fragments_frag_mup1_IPT.sdf,fragments_frag_mup1_protein.pdb,4.4475203,3.9857187,4.3374524,3.7512653,4.365035,2.9503372,4.515873,3.396301,4.183985,3.4407773,3.9374263
fragments/frag_mup1/ET,5.121996022316187,data/fep/fragments/fragments_frag_mup1_ET.sdf,,data/fep/fragments/fragments_frag_mup1_protein.pdb,ET,-6.960000038146973,-6.730000019073486,0.1599999964237213,fragments/frag_mup1,fragments,323,fragments_frag_mup1_ET.sdf,fragments_frag_mup1_protein.pdb,3.9277492,3.9697523,4.5105176,3.3481123,4.234506,2.942314,4.4375973,3.1430678,3.7904992,3.5862691,3.7890384
fragments/frag_p38/4,3.97396247950925,data/fep/fragments/fragments_frag_p38_4.sdf,,data/fep/fragments/fragments_frag_p38_protein.pdb,4,-5.400000095367432,-5.78000020980835,0.209999993443489,fragments/frag_p38,fragments,324,fragments_frag_p38_4.sdf,fragments_frag_p38_protein.pdb,5.5660043,4.8557787,4.970406,4.963834,4.652699,5.049988,6.5437284,4.7287517,5.2940526,5.272311,5.1897554
fragments/frag_p38/1_1W7H,2.899520762988621,data/fep/fragments/fragments_frag_p38_1_1W7H.sdf,,data/fep/fragments/fragments_frag_p38_protein.pdb,1_1W7H,-3.940000057220459,-3.799999952316284,0.209999993443489,fragments/frag_p38,fragments,325,fragments_frag_p38_1_1W7H.sdf,fragments_frag_p38_protein.pdb,4.021581,4.426435,3.67954,4.952326,5.7483206,4.272083,3.7493317,4.934911,4.5228577,4.620938,4.492832
fragments/frag_p38/6,3.709031553965031,data/fep/fragments/fragments_frag_p38_6.sdf,,data/fep/fragments/fragments_frag_p38_protein.pdb,6,-5.039999961853027,-5.510000228881836,0.2300000041723251,fragments/frag_p38,fragments,326,fragments_frag_p38_6.sdf,fragments_frag_p38_protein.pdb,5.651509,6.2748575,4.942299,5.9135985,6.370878,6.5618834,5.3987474,5.6347322,6.0587797,5.484796,5.829208
fragments/frag_p38/5_1WBW,4.371358692368824,data/fep/fragments/fragments_frag_p38_5_1WBW.sdf,,data/fep/fragments/fragments_frag_p38_protein.pdb,5_1WBW,-5.940000057220459,-5.989999771118164,0.2300000041723251,fragments/frag_p38,fragments,327,fragments_frag_p38_5_1WBW.sdf,fragments_frag_p38_protein.pdb,5.673825,5.1436763,5.337216,5.020631,5.784035,5.4092283,5.8070908,5.1736917,5.1869473,4.631763,5.31681
fragments/frag_p38/7,4.636289617913043,data/fep/fragments/fragments_frag_p38_7.sdf,,data/fep/fragments/fragments_frag_p38_protein.pdb,7,-6.300000190734863,-6.150000095367432,0.209999993443489,fragments/frag_p38,fragments,328,fragments_frag_p38_7.sdf,fragments_frag_p38_protein.pdb,5.690498,6.53253,5.8376355,6.290814,6.492213,6.862592,5.4184575,5.3312197,6.830285,6.85455,6.214079
fragments/frag_p38/3,3.009908677874838,data/fep/fragments/fragments_frag_p38_3.sdf,,data/fep/fragments/fragments_frag_p38_protein.pdb,3,-4.090000152587891,-3.4800000190734863,0.2300000041723251,fragments/frag_p38,fragments,329,fragments_frag_p38_3.sdf,fragments_frag_p38_protein.pdb,4.7767167,3.9457834,3.8441796,4.8429413,4.325963,3.5491507,3.775718,4.0465345,4.1769147,4.018674,4.1302576
fragments/t4lysozyme_uvt/meta methyl ethyl benzene,3.738468284479554,data/fep/fragments/fragments_t4lysozyme_uvt_meta_methyl_ethyl_benzene.sdf,,data/fep/fragments/fragments_t4lysozyme_uvt_protein.pdb,meta methyl ethyl benzene,-5.079999923706055,-5.119999885559082,0.1199999973177909,fragments/t4lysozyme_uvt,fragments,330,fragments_t4lysozyme_uvt_meta_methyl_ethyl_benzene.sdf,fragments_t4lysozyme_uvt_protein.pdb,5.6198244,5.281961,4.027007,4.797597,4.4530516,3.8870716,4.9921985,4.4636083,4.6950793,4.359729,4.6577125
fragments/t4lysozyme_uvt/methyl benzene,4.0328359405382965,data/fep/fragments/fragments_t4lysozyme_uvt_methyl_benzene.sdf,,data/fep/fragments/fragments_t4lysozyme_uvt_protein.pdb,methyl benzene,-5.480000019073486,-4.920000076293945,0.1299999952316284,fragments/t4lysozyme_uvt,fragments,331,fragments_t4lysozyme_uvt_methyl_benzene.sdf,fragments_t4lysozyme_uvt_protein.pdb,4.3686037,4.1752944,3.6593435,3.9844327,4.161705,3.7923896,3.9522698,3.7522135,3.4594207,3.6885924,3.8994262
fragments/t4lysozyme_uvt/ethyl benzene,4.209456323625438,data/fep/fragments/fragments_t4lysozyme_uvt_ethyl_benzene.sdf,,data/fep/fragments/fragments_t4lysozyme_uvt_protein.pdb,ethyl benzene,-5.71999979019165,-5.639999866485596,0.1199999973177909,fragments/t4lysozyme_uvt,fragments,332,fragments_t4lysozyme_uvt_ethyl_benzene.sdf,fragments_t4lysozyme_uvt_protein.pdb,5.2541423,4.4018693,4.071705,4.291092,4.8584933,3.6486325,4.6434383,3.9747424,3.647729,4.077113,4.2868958
fragments/t4lysozyme_uvt/ortho methyl ethyl benzene,3.3337130644481032,data/fep/fragments/fragments_t4lysozyme_uvt_ortho_methyl_ethyl_benzene.sdf,,data/fep/fragments/fragments_t4lysozyme_uvt_protein.pdb,ortho methyl ethyl benzene,-4.53000020980835,-5.690000057220459,0.1199999973177909,fragments/t4lysozyme_uvt,fragments,333,fragments_t4lysozyme_uvt_ortho_methyl_ethyl_benzene.sdf,fragments_t4lysozyme_uvt_protein.pdb,5.873777,4.7416644,4.0021734,4.49163,4.8490076,4.177297,4.3872113,3.8860378,4.3375945,4.1873207,4.493371
fragments/t4lysozyme_uvt/m-xylene,3.473537358935336,data/fep/fragments/fragments_t4lysozyme_uvt_m-xylene.sdf,,data/fep/fragments/fragments_t4lysozyme_uvt_protein.pdb,m-xylene,-4.71999979019165,-4.400000095367432,0.1199999973177909,fragments/t4lysozyme_uvt,fragments,334,fragments_t4lysozyme_uvt_m-xylene.sdf,fragments_t4lysozyme_uvt_protein.pdb,4.2507915,5.0754747,3.5535896,4.490699,3.882435,3.786514,4.343,4.2087274,4.2309628,4.032939,4.1855135
fragments/t4lysozyme_uvt/p-xylene,3.407304890734412,data/fep/fragments/fragments_t4lysozyme_uvt_p-xylene.sdf,,data/fep/fragments/fragments_t4lysozyme_uvt_protein.pdb,p-xylene,-4.630000114440918,-4.860000133514404,0.1299999952316284,fragments/t4lysozyme_uvt,fragments,335,fragments_t4lysozyme_uvt_p-xylene.sdf,fragments_t4lysozyme_uvt_protein.pdb,5.9632816,4.862278,3.9768655,4.8345976,5.6123004,4.0044265,4.756873,5.14592,4.550552,5.422517,4.912961
fragments/t4lysozyme_uvt/o-xylene,3.363149794962627,data/fep/fragments/fragments_t4lysozyme_uvt_o-xylene.sdf,,data/fep/fragments/fragments_t4lysozyme_uvt_protein.pdb,o-xylene,-4.570000171661377,-5.039999961853027,0.1199999973177909,fragments/t4lysozyme_uvt,fragments,336,fragments_t4lysozyme_uvt_o-xylene.sdf,fragments_t4lysozyme_uvt_protein.pdb,4.231837,4.3776197,3.659534,3.780499,4.0985003,4.1375723,3.8164287,3.8203657,3.7933831,3.6697671,3.938551
fragments/t4lysozyme_uvt/butyl benzene,4.901220192543754,data/fep/fragments/fragments_t4lysozyme_uvt_butyl_benzene.sdf,,data/fep/fragments/fragments_t4lysozyme_uvt_protein.pdb,butyl benzene,-6.659999847412109,-5.960000038146973,0.1199999973177909,fragments/t4lysozyme_uvt,fragments,337,fragments_t4lysozyme_uvt_butyl_benzene.sdf,fragments_t4lysozyme_uvt_protein.pdb,5.887134,4.8144093,4.5540757,4.8923197,5.267201,4.2506022,5.190131,4.097465,4.9052086,5.0170574,4.8875604
fragments/t4lysozyme_uvt/propyl benzene,4.790832628571045,data/fep/fragments/fragments_t4lysozyme_uvt_propyl_benzene.sdf,,data/fep/fragments/fragments_t4lysozyme_uvt_protein.pdb,propyl benzene,-6.510000228881836,-6.710000038146973,0.1199999973177909,fragments/t4lysozyme_uvt,fragments,338,fragments_t4lysozyme_uvt_propyl_benzene.sdf,fragments_t4lysozyme_uvt_protein.pdb,5.7478127,4.5925627,4.2852435,4.679518,5.20766,3.777855,5.2852306,3.7984579,4.2421107,4.561147,4.6177597
fragments/t4lysozyme_uvt/para methyl ethyl benzene,3.959244114251988,data/fep/fragments/fragments_t4lysozyme_uvt_para_methyl_ethyl_benzene.sdf,,data/fep/fragments/fragments_t4lysozyme_uvt_protein.pdb,para methyl ethyl benzene,-5.380000114440918,-6.320000171661377,0.1299999952316284,fragments/t4lysozyme_uvt,fragments,339,fragments_t4lysozyme_uvt_para_methyl_ethyl_benzene.sdf,fragments_t4lysozyme_uvt_protein.pdb,6.809912,5.0046597,4.3250456,5.499212,6.1648445,3.9864266,5.658159,5.142166,4.7231364,5.628934,5.2942495
fragments/t4lysozyme_uvt/benzene,3.797341745508602,data/fep/fragments/fragments_t4lysozyme_uvt_benzene.sdf,,data/fep/fragments/fragments_t4lysozyme_uvt_protein.pdb,benzene,-5.159999847412109,-4.309999942779541,0.1199999973177909,fragments/t4lysozyme_uvt,fragments,340,fragments_t4lysozyme_uvt_benzene.sdf,fragments_t4lysozyme_uvt_protein.pdb,3.7934225,4.03321,3.9894822,4.9059453,4.1149764,3.9203026,3.9524834,3.4016237,3.538606,3.663545,3.9313595
fragments/t4lysozyme_uvt/isobutyl benzene,4.739318174713875,data/fep/fragments/fragments_t4lysozyme_uvt_isobutyl_benzene.sdf,,data/fep/fragments/fragments_t4lysozyme_uvt_protein.pdb,isobutyl benzene,-6.440000057220459,-5.900000095367432,0.1199999973177909,fragments/t4lysozyme_uvt,fragments,341,fragments_t4lysozyme_uvt_isobutyl_benzene.sdf,fragments_t4lysozyme_uvt_protein.pdb,6.1382723,5.232234,4.4695883,4.8485374,6.0470004,5.2605753,5.9024477,4.5724974,5.94469,5.8046727,5.4220514
fragments/frag_mcl1_noweak/2,3.92244802565208,data/fep/fragments/fragments_frag_mcl1_noweak_2.sdf,,data/fep/fragments/fragments_frag_mcl1_noweak_protein.pdb,2,-5.329999923706055,-5.960000038146973,0.2300000041723251,fragments/frag_mcl1_noweak,fragments,342,fragments_frag_mcl1_noweak_2.sdf,fragments_frag_mcl1_noweak_protein.pdb,4.4758625,4.0212846,3.9107158,3.9158847,3.937235,3.9907358,4.45858,3.9415085,3.8642619,4.3173456,4.083341
fragments/frag_mcl1_noweak/3,4.702522086113967,data/fep/fragments/fragments_frag_mcl1_noweak_3.sdf,,data/fep/fragments/fragments_frag_mcl1_noweak_protein.pdb,3,-6.389999866485596,-7.909999847412109,0.2199999988079071,fragments/frag_mcl1_noweak,fragments,343,fragments_frag_mcl1_noweak_3.sdf,fragments_frag_mcl1_noweak_protein.pdb,4.333818,4.4108906,5.280794,4.217542,4.6319284,4.0417576,4.893236,3.956119,4.723808,5.0489044,4.5538797
fragments/frag_mcl1_noweak/4,4.275689142739869,data/fep/fragments/fragments_frag_mcl1_noweak_4.sdf,,data/fep/fragments/fragments_frag_mcl1_noweak_protein.pdb,4,-5.809999942779541,-6.170000076293945,0.2399999946355819,fragments/frag_mcl1_noweak,fragments,344,fragments_frag_mcl1_noweak_4.sdf,fragments_frag_mcl1_noweak_protein.pdb,5.0202646,4.8550444,5.769639,5.1895647,5.3278065,4.569273,5.0428395,4.190151,4.9221787,4.7705164,4.965728
fragments/frag_mcl1_noweak/5,4.444950518655133,data/fep/fragments/fragments_frag_mcl1_noweak_5.sdf,,data/fep/fragments/fragments_frag_mcl1_noweak_protein.pdb,5,-6.039999961853027,-5.690000057220459,0.209999993443489,fragments/frag_mcl1_noweak,fragments,345,fragments_frag_mcl1_noweak_5.sdf,fragments_frag_mcl1_noweak_protein.pdb,4.4127407,4.933364,4.1899962,5.0817947,3.8181121,4.58076,4.558331,3.899959,4.7012887,4.5504265,4.472677
fragments/frag_mcl1_noweak/7,4.327203596597039,data/fep/fragments/fragments_frag_mcl1_noweak_7.sdf,,data/fep/fragments/fragments_frag_mcl1_noweak_protein.pdb,7,-5.880000114440918,-5.099999904632568,0.2300000041723251,fragments/frag_mcl1_noweak,fragments,346,fragments_frag_mcl1_noweak_7.sdf,fragments_frag_mcl1_noweak_protein.pdb,4.64791,4.4538226,4.0473185,5.5848055,4.981688,5.561845,4.598657,3.6018887,4.248334,4.1959205,4.592219
fragments/frag_mcl1_noweak/8,4.687803720856705,data/fep/fragments/fragments_frag_mcl1_noweak_8.sdf,,data/fep/fragments/fragments_frag_mcl1_noweak_protein.pdb,8,-6.369999885559082,-5.760000228881836,0.209999993443489,fragments/frag_mcl1_noweak,fragments,347,fragments_frag_mcl1_noweak_8.sdf,fragments_frag_mcl1_noweak_protein.pdb,3.9541576,4.8559933,3.9718711,5.410841,4.3318634,5.0566983,4.7976913,4.307242,4.5155663,4.2552376,4.5457163
fragments/frag_mcl1_noweak/9,4.0328359405382965,data/fep/fragments/fragments_frag_mcl1_noweak_9.sdf,,data/fep/fragments/fragments_frag_mcl1_noweak_protein.pdb,9,-5.480000019073486,-5.449999809265137,0.2399999946355819,fragments/frag_mcl1_noweak,fragments,348,fragments_frag_mcl1_noweak_9.sdf,fragments_frag_mcl1_noweak_protein.pdb,4.0023546,4.4296136,3.8413146,3.8053267,4.1539516,3.7607985,4.0245914,4.443612,4.4273887,3.829799,4.071875
fragments/frag_mcl1_noweak/10,3.709031553965031,data/fep/fragments/fragments_frag_mcl1_noweak_10.sdf,,data/fep/fragments/fragments_frag_mcl1_noweak_protein.pdb,10,-5.039999961853027,-5.170000076293945,0.209999993443489,fragments/frag_mcl1_noweak,fragments,349,fragments_frag_mcl1_noweak_10.sdf,fragments_frag_mcl1_noweak_protein.pdb,4.650791,4.899244,4.514037,5.3421845,4.4213004,4.659803,4.6406326,4.8979287,5.7276416,5.385937,4.9139504
fragments/frag_mcl1_noweak/11,4.084350394395467,data/fep/fragments/fragments_frag_mcl1_noweak_11.sdf,,data/fep/fragments/fragments_frag_mcl1_noweak_protein.pdb,11,-5.550000190734863,-6.599999904632568,0.209999993443489,fragments/frag_mcl1_noweak,fragments,350,fragments_frag_mcl1_noweak_11.sdf,fragments_frag_mcl1_noweak_protein.pdb,5.134666,4.3438387,5.6818285,5.2372684,5.4998794,5.366933,4.639356,4.7865953,5.5714726,5.0579743,5.1319814
fragments/frag_mcl1_noweak/14,4.128505490167252,data/fep/fragments/fragments_frag_mcl1_noweak_14.sdf,,data/fep/fragments/fragments_frag_mcl1_noweak_protein.pdb,14,-5.610000133514404,-5.159999847412109,0.2300000041723251,fragments/frag_mcl1_noweak,fragments,351,fragments_frag_mcl1_noweak_14.sdf,fragments_frag_mcl1_noweak_protein.pdb,5.5588155,4.9417453,5.5977826,5.1128364,5.7392817,5.333055,5.2991247,4.0491676,4.762307,5.1273136,5.152143
fragments/frag_mcl1_noweak/15,3.907729660394818,data/fep/fragments/fragments_frag_mcl1_noweak_15.sdf,,data/fep/fragments/fragments_frag_mcl1_noweak_protein.pdb,15,-5.309999942779541,-5.730000019073486,0.2300000041723251,fragments/frag_mcl1_noweak,fragments,352,fragments_frag_mcl1_noweak_15.sdf,fragments_frag_mcl1_noweak_protein.pdb,5.5106583,5.2400365,5.4097223,5.731303,6.01394,5.5893097,6.0654902,5.6478324,5.861544,5.8351808,5.6905017
fragments/frag_mcl1_noweak/13 flipped,3.8341378341085095,data/fep/fragments/fragments_frag_mcl1_noweak_13_flipped.sdf,,data/fep/fragments/fragments_frag_mcl1_noweak_protein.pdb,13 flipped,-5.210000038146973,-3.319999933242798,0.2199999988079071,fragments/frag_mcl1_noweak,fragments,353,fragments_frag_mcl1_noweak_13_flipped.sdf,fragments_frag_mcl1_noweak_protein.pdb,3.4771667,4.4400997,3.7884884,3.7689753,4.0215807,4.285081,3.9474192,4.1101108,3.6216283,3.5873575,3.9047904
fragments/jak2_set2_extra/13_3E64,7.136160250581551,data/fep/fragments/fragments_jak2_set2_extra_13_3E64.sdf,,data/fep/fragments/fragments_jak2_set2_extra_protein.pdb,13_3E64,-9.696937561035156,-8.529999732971191,0.3000000119209289,fragments/jak2_set2_extra,fragments,354,fragments_jak2_set2_extra_13_3E64.sdf,fragments_jak2_set2_extra_protein.pdb,8.376445,7.3904605,7.867057,7.709347,7.586946,7.445156,7.2001104,7.881242,7.7005367,7.981345,7.7138643
fragments/jak2_set2_extra/21,6.137811320917254,data/fep/fragments/fragments_jak2_set2_extra_21.sdf,,data/fep/fragments/fragments_jak2_set2_extra_protein.pdb,21,-8.340335845947266,-9.25,0.3000000119209289,fragments/jak2_set2_extra,fragments,355,fragments_jak2_set2_extra_21.sdf,fragments_jak2_set2_extra_protein.pdb,8.343251,7.625282,8.047556,7.81934,7.574334,7.7778916,7.4053144,8.246747,8.291256,7.6783466,7.880932
fragments/jak2_set2_extra/20,5.937147747930331,data/fep/fragments/fragments_jak2_set2_extra_20.sdf,,data/fep/fragments/fragments_jak2_set2_extra_protein.pdb,20,-8.067665100097656,-9.68000030517578,0.3499999940395355,fragments/jak2_set2_extra,fragments,356,fragments_jak2_set2_extra_20.sdf,fragments_jak2_set2_extra_protein.pdb,8.098968,7.9649596,8.486873,8.174277,7.752128,7.3546076,7.441678,7.562293,7.2444572,7.9088955,7.7989144
fragments/jak2_set2_extra/18,6.126631216559045,data/fep/fragments/fragments_jak2_set2_extra_18.sdf,,data/fep/fragments/fragments_jak2_set2_extra_protein.pdb,18,-8.325143814086914,-8.020000457763672,0.3100000023841858,fragments/jak2_set2_extra,fragments,357,fragments_jak2_set2_extra_18.sdf,fragments_jak2_set2_extra_protein.pdb,7.509434,6.7870255,7.602051,7.1989326,8.202925,7.3559637,7.5410285,8.093548,7.4247656,7.320069,7.5035744
fragments/jak2_set2_extra/14,5.732663428670585,data/fep/fragments/fragments_jak2_set2_extra_14.sdf,,data/fep/fragments/fragments_jak2_set2_extra_protein.pdb,14,-7.789802551269531,-7.800000190734863,0.2800000011920929,fragments/jak2_set2_extra,fragments,358,fragments_jak2_set2_extra_14.sdf,fragments_jak2_set2_extra_protein.pdb,7.727634,6.9361544,7.3934054,7.508421,8.5891075,7.4139743,6.9251485,7.7341294,6.8375893,7.509404,7.4574976
fragments/jak2_set2_extra/12,5.471435342460573,data/fep/fragments/fragments_jak2_set2_extra_12.sdf,,data/fep/fragments/fragments_jak2_set2_extra_protein.pdb,12,-7.434834003448486,-6.639999866485596,0.3300000131130218,fragments/jak2_set2_extra,fragments,359,fragments_jak2_set2_extra_12.sdf,fragments_jak2_set2_extra_protein.pdb,7.7574444,7.2588725,7.5028725,6.7462983,8.028648,6.785003,7.1150875,7.7622666,7.623126,7.458735,7.4038353
fragments/jak2_set2_extra/15,5.430436713691364,data/fep/fragments/fragments_jak2_set2_extra_15.sdf,,data/fep/fragments/fragments_jak2_set2_extra_protein.pdb,15,-7.379123210906982,-7.510000228881836,0.3700000047683716,fragments/jak2_set2_extra,fragments,360,fragments_jak2_set2_extra_15.sdf,fragments_jak2_set2_extra_protein.pdb,6.66835,6.381258,6.802386,7.1093354,7.3051515,6.926643,6.4886737,7.4460135,7.0110564,7.40132,6.9540186
fragments/jak2_set2_extra/22 flip,7.438387316474279,data/fep/fragments/fragments_jak2_set2_extra_22_flip.sdf,,data/fep/fragments/fragments_jak2_set2_extra_protein.pdb,22 flip,-10.107617378234863,-9.710000038146973,0.2800000011920929,fragments/jak2_set2_extra,fragments,361,fragments_jak2_set2_extra_22_flip.sdf,fragments_jak2_set2_extra_protein.pdb,8.599759,8.203132,8.146428,7.5245748,8.142075,7.662002,7.43753,8.109166,7.252289,8.367052,7.9444
macrocycles/3RKZ_lig62to70_alpha05/lignad_63,6.858764526327103,data/fep/macrocycles/macrocycles_3RKZ_lig62to70_alpha05_lignad_63.sdf,,data/fep/macrocycles/macrocycles_3RKZ_lig62to70_alpha05_protein.pdb,lignad_63,-9.31999969482422,-9.199999809265137,0.3600000143051147,macrocycles/3RKZ_lig62to70_alpha05,macrocycles,362,macrocycles_3RKZ_lig62to70_alpha05_lignad_63.sdf,macrocycles_3RKZ_lig62to70_alpha05_protein.pdb,6.8064256,6.8108263,6.621686,6.858985,6.532247,6.7486663,6.3650074,6.385207,6.8938427,6.5571737,6.658007
macrocycles/3RKZ_lig62to70_alpha05/ligand_69,9.66997544868566,data/fep/macrocycles/macrocycles_3RKZ_lig62to70_alpha05_ligand_69.sdf,,data/fep/macrocycles/macrocycles_3RKZ_lig62to70_alpha05_protein.pdb,ligand_69,-13.140000343322754,-12.789999961853027,0.3600000143051147,macrocycles/3RKZ_lig62to70_alpha05,macrocycles,363,macrocycles_3RKZ_lig62to70_alpha05_ligand_69.sdf,macrocycles_3RKZ_lig62to70_alpha05_protein.pdb,6.862526,7.155708,7.0810103,7.210205,7.0031857,6.853588,6.7388315,7.1851535,7.0773125,7.1310782,7.02986
macrocycles/3RKZ_lig62to70_alpha05/ligand_62,4.908579550629138,data/fep/macrocycles/macrocycles_3RKZ_lig62to70_alpha05_ligand_62.sdf,,data/fep/macrocycles/macrocycles_3RKZ_lig62to70_alpha05_protein.pdb,ligand_62,-6.670000076293945,-5.929999828338623,0.5699999928474426,macrocycles/3RKZ_lig62to70_alpha05,macrocycles,364,macrocycles_3RKZ_lig62to70_alpha05_ligand_62.sdf,macrocycles_3RKZ_lig62to70_alpha05_protein.pdb,6.637849,6.471585,6.417326,6.1470504,6.404239,6.575081,6.6145816,6.6979895,6.5452995,6.472417,6.498342
macrocycles/3RKZ_lig62to70_alpha05/lignad_65,6.829327795812578,data/fep/macrocycles/macrocycles_3RKZ_lig62to70_alpha05_lignad_65.sdf,,data/fep/macrocycles/macrocycles_3RKZ_lig62to70_alpha05_protein.pdb,lignad_65,-9.279999732971191,-9.289999961853027,0.3600000143051147,macrocycles/3RKZ_lig62to70_alpha05,macrocycles,365,macrocycles_3RKZ_lig62to70_alpha05_lignad_65.sdf,macrocycles_3RKZ_lig62to70_alpha05_protein.pdb,6.8361497,6.7817907,6.6737084,6.8770566,6.7594852,6.6033278,6.500357,6.771453,6.7649884,6.7983584,6.7366676
macrocycles/3RKZ_lig62to70_alpha05/lignad_68,6.218515111265955,data/fep/macrocycles/macrocycles_3RKZ_lig62to70_alpha05_lignad_68.sdf,,data/fep/macrocycles/macrocycles_3RKZ_lig62to70_alpha05_protein.pdb,lignad_68,-8.449999809265137,-8.949999809265137,0.3600000143051147,macrocycles/3RKZ_lig62to70_alpha05,macrocycles,366,macrocycles_3RKZ_lig62to70_alpha05_lignad_68.sdf,macrocycles_3RKZ_lig62to70_alpha05_protein.pdb,6.540809,6.9968834,6.0337596,6.544482,6.6700454,6.3333197,6.695145,6.6264124,6.632763,6.59333,6.5666947
macrocycles/3RKZ_lig62to70_alpha05/ligand_64,6.5423198487527285,data/fep/macrocycles/macrocycles_3RKZ_lig62to70_alpha05_ligand_64.sdf,,data/fep/macrocycles/macrocycles_3RKZ_lig62to70_alpha05_protein.pdb,ligand_64,-8.890000343322754,-8.850000381469727,0.5699999928474426,macrocycles/3RKZ_lig62to70_alpha05,macrocycles,367,macrocycles_3RKZ_lig62to70_alpha05_ligand_64.sdf,macrocycles_3RKZ_lig62to70_alpha05_protein.pdb,6.931365,6.9183054,6.304172,6.6338634,6.7077646,6.4763184,6.2513537,6.9727874,6.4736037,6.966938,6.6636477
macrocycles/3RKZ_lig62to70_alpha05/ligand_70,9.37560744171341,data/fep/macrocycles/macrocycles_3RKZ_lig62to70_alpha05_ligand_70.sdf,,data/fep/macrocycles/macrocycles_3RKZ_lig62to70_alpha05_protein.pdb,ligand_70,-12.739999771118164,-13.479999542236328,0.3600000143051147,macrocycles/3RKZ_lig62to70_alpha05,macrocycles,368,macrocycles_3RKZ_lig62to70_alpha05_ligand_70.sdf,macrocycles_3RKZ_lig62to70_alpha05_protein.pdb,7.026955,7.464789,7.0406795,7.5649605,7.025141,7.1664095,7.069107,7.118981,7.471176,7.15884,7.210704
macrocycles/MHT1_lig3_alpha05/5AN26_ligand,5.570906689032932,data/fep/macrocycles/macrocycles_MHT1_lig3_alpha05_5AN26_ligand.sdf,,data/fep/macrocycles/macrocycles_MHT1_lig3_alpha05_protein.pdb,5AN26_ligand,-7.570000171661377,-7.139999866485596,0.3400000035762787,macrocycles/MHT1_lig3_alpha05,macrocycles,369,macrocycles_MHT1_lig3_alpha05_5AN26_ligand.sdf,macrocycles_MHT1_lig3_alpha05_protein.pdb,5.812,6.493925,6.1132774,6.2698126,6.6841207,5.5006022,6.5079546,6.715434,7.14066,5.2916546,6.252944
macrocycles/MHT1_lig3_alpha05/5ANT_A_ligand,6.292107288465771,data/fep/macrocycles/macrocycles_MHT1_lig3_alpha05_5ANT_A_ligand.sdf,,data/fep/macrocycles/macrocycles_MHT1_lig3_alpha05_protein.pdb,5ANT_A_ligand,-8.550000190734863,-8.430000305175781,0.3400000035762787,macrocycles/MHT1_lig3_alpha05,macrocycles,370,macrocycles_MHT1_lig3_alpha05_5ANT_A_ligand.sdf,macrocycles_MHT1_lig3_alpha05_protein.pdb,6.0825777,6.1917086,6.8279843,5.4225607,6.6082554,5.5961685,6.3160934,6.91443,7.6287007,5.837918,6.3426394
macrocycles/MHT1_lig3_alpha05/5ANU_ligand,9.537509810456797,data/fep/macrocycles/macrocycles_MHT1_lig3_alpha05_5ANU_ligand.sdf,,data/fep/macrocycles/macrocycles_MHT1_lig3_alpha05_protein.pdb,5ANU_ligand,-12.960000038146973,-13.5,0.3400000035762787,macrocycles/MHT1_lig3_alpha05,macrocycles,371,macrocycles_MHT1_lig3_alpha05_5ANU_ligand.sdf,macrocycles_MHT1_lig3_alpha05_protein.pdb,6.028988,5.249293,7.154723,6.9199953,6.882743,6.423834,6.3428607,5.937883,6.646051,6.7881627,6.4374533
macrocycles/2B8V_lig24and25_alpha05/ligand25_S,5.541469958518408,data/fep/macrocycles/macrocycles_2B8V_lig24and25_alpha05_ligand25_S.sdf,,data/fep/macrocycles/macrocycles_2B8V_lig24and25_alpha05_protein.pdb,ligand25_S,-7.53000020980835,-7.840000152587891,0.2899999916553497,macrocycles/2B8V_lig24and25_alpha05,macrocycles,372,macrocycles_2B8V_lig24and25_alpha05_ligand25_S.sdf,macrocycles_2B8V_lig24and25_alpha05_protein.pdb,5.7937326,5.383814,5.4054337,6.011645,6.290848,6.370496,5.8195434,5.05524,6.280567,6.7850595,5.919638
macrocycles/2B8V_lig24and25_alpha05/ligand24_S,4.003399210023773,data/fep/macrocycles/macrocycles_2B8V_lig24and25_alpha05_ligand24_S.sdf,,data/fep/macrocycles/macrocycles_2B8V_lig24and25_alpha05_protein.pdb,ligand24_S,-5.440000057220459,-5.130000114440918,0.2899999916553497,macrocycles/2B8V_lig24and25_alpha05,macrocycles,373,macrocycles_2B8V_lig24and25_alpha05_ligand24_S.sdf,macrocycles_2B8V_lig24and25_alpha05_protein.pdb,5.590927,4.7717915,5.9721465,5.2855515,5.252422,5.1652102,5.5865245,5.391042,5.8210793,5.4804673,5.431716
macrocycles/ck2_custcore_hotlys/ligand_15,7.624120221531727,data/fep/macrocycles/macrocycles_ck2_custcore_hotlys_ligand_15.sdf,,data/fep/macrocycles/macrocycles_ck2_custcore_hotlys_protein.pdb,ligand_15,-10.359999656677246,-10.989999771118164,0.3000000119209289,macrocycles/ck2_custcore_hotlys,macrocycles,374,macrocycles_ck2_custcore_hotlys_ligand_15.sdf,macrocycles_ck2_custcore_hotlys_protein.pdb,6.7203393,6.4952006,7.8026195,6.6279435,7.727718,6.43659,6.375964,7.5311604,6.90931,6.426604,6.905345
macrocycles/ck2_custcore_hotlys/ligand_14,9.596383271485845,data/fep/macrocycles/macrocycles_ck2_custcore_hotlys_ligand_14.sdf,,data/fep/macrocycles/macrocycles_ck2_custcore_hotlys_protein.pdb,ligand_14,-13.039999961853027,-12.40999984741211,0.3000000119209289,macrocycles/ck2_custcore_hotlys,macrocycles,375,macrocycles_ck2_custcore_hotlys_ligand_14.sdf,macrocycles_ck2_custcore_hotlys_protein.pdb,7.9351845,7.5267234,8.390408,7.999546,8.076602,7.865004,7.8910394,7.894004,7.821292,7.538617,7.893842
macrocycles/2E9P_lig4to7_alpha05/ligand_5,8.227574249819979,data/fep/macrocycles/macrocycles_2E9P_lig4to7_alpha05_ligand_5.sdf,,data/fep/macrocycles/macrocycles_2E9P_lig4to7_alpha05_protein.pdb,ligand_5,-11.18000030517578,-11.34000015258789,0.2000000029802322,macrocycles/2E9P_lig4to7_alpha05,macrocycles,376,macrocycles_2E9P_lig4to7_alpha05_ligand_5.sdf,macrocycles_2E9P_lig4to7_alpha05_protein.pdb,8.534448,8.233836,8.147357,7.863451,8.380578,8.440649,8.244654,8.028354,8.050925,8.480937,8.240519
macrocycles/2E9P_lig4to7_alpha05/ligand_7,7.55788810424431,data/fep/macrocycles/macrocycles_2E9P_lig4to7_alpha05_ligand_7.sdf,,data/fep/macrocycles/macrocycles_2E9P_lig4to7_alpha05_protein.pdb,ligand_7,-10.270000457763672,-11.199999809265137,0.209999993443489,macrocycles/2E9P_lig4to7_alpha05,macrocycles,377,macrocycles_2E9P_lig4to7_alpha05_ligand_7.sdf,macrocycles_2E9P_lig4to7_alpha05_protein.pdb,7.630343,8.096637,7.7275305,8.143378,8.142427,7.5589333,7.6579127,8.218156,7.442099,8.02557,7.864299
macrocycles/2E9P_lig4to7_alpha05/ligand_4,8.006798420047547,data/fep/macrocycles/macrocycles_2E9P_lig4to7_alpha05_ligand_4.sdf,,data/fep/macrocycles/macrocycles_2E9P_lig4to7_alpha05_protein.pdb,ligand_4,-10.880000114440918,-9.729999542236328,0.209999993443489,macrocycles/2E9P_lig4to7_alpha05,macrocycles,378,macrocycles_2E9P_lig4to7_alpha05_ligand_4.sdf,macrocycles_2E9P_lig4to7_alpha05_protein.pdb,7.6333427,7.650682,8.354128,8.0803,7.589221,7.543436,7.435471,8.109857,7.6656947,7.0913053,7.7153444
macrocycles/2E9P_lig4to7_alpha05/ligand_6,8.161341430705548,data/fep/macrocycles/macrocycles_2E9P_lig4to7_alpha05_ligand_6.sdf,,data/fep/macrocycles/macrocycles_2E9P_lig4to7_alpha05_protein.pdb,ligand_6,-11.09000015258789,-11.149999618530272,0.2000000029802322,macrocycles/2E9P_lig4to7_alpha05,macrocycles,379,macrocycles_2E9P_lig4to7_alpha05_ligand_6.sdf,macrocycles_2E9P_lig4to7_alpha05_protein.pdb,8.126291,8.549519,8.287601,8.230458,8.097672,8.18971,8.114862,8.31162,7.942833,8.483797,8.233437
macrocycles/2Q15_lig17to21_alpha05/ligand_20_S,7.513732657559017,data/fep/macrocycles/macrocycles_2Q15_lig17to21_alpha05_ligand_20_S.sdf,,data/fep/macrocycles/macrocycles_2Q15_lig17to21_alpha05_protein.pdb,ligand_20_S,-10.210000038146973,-10.949999809265137,0.6200000047683716,macrocycles/2Q15_lig17to21_alpha05,macrocycles,380,macrocycles_2Q15_lig17to21_alpha05_ligand_20_S.sdf,macrocycles_2Q15_lig17to21_alpha05_protein.pdb,6.785124,6.0732937,7.961165,6.9296975,7.28291,6.867232,7.123548,7.3654747,7.3848734,6.579032,7.035235
macrocycles/2Q15_lig17to21_alpha05/ligand_21,7.7786632321897295,data/fep/macrocycles/macrocycles_2Q15_lig17to21_alpha05_ligand_21.sdf,,data/fep/macrocycles/macrocycles_2Q15_lig17to21_alpha05_protein.pdb,ligand_21,-10.56999969482422,-10.739999771118164,0.7599999904632568,macrocycles/2Q15_lig17to21_alpha05,macrocycles,381,macrocycles_2Q15_lig17to21_alpha05_ligand_21.sdf,macrocycles_2Q15_lig17to21_alpha05_protein.pdb,6.676628,6.481742,7.955186,7.221102,7.7966,6.920151,7.1589584,7.4251585,7.352206,6.906002,7.189374
macrocycles/2Q15_lig17to21_alpha05/ligand_18,7.962642973362255,data/fep/macrocycles/macrocycles_2Q15_lig17to21_alpha05_ligand_18.sdf,,data/fep/macrocycles/macrocycles_2Q15_lig17to21_alpha05_protein.pdb,ligand_18,-10.81999969482422,-10.829999923706056,0.6700000166893005,macrocycles/2Q15_lig17to21_alpha05,macrocycles,382,macrocycles_2Q15_lig17to21_alpha05_ligand_18.sdf,macrocycles_2Q15_lig17to21_alpha05_protein.pdb,7.0387726,7.137495,7.650077,8.289596,7.7162313,7.1904125,7.86341,8.229925,8.168776,7.254471,7.653917
macrocycles/2Q15_lig17to21_alpha05/ligand_17_enu,7.226724008672154,data/fep/macrocycles/macrocycles_2Q15_lig17to21_alpha05_ligand_17_enu.sdf,,data/fep/macrocycles/macrocycles_2Q15_lig17to21_alpha05_protein.pdb,ligand_17_enu,-9.81999969482422,-8.829999923706055,0.8600000143051147,macrocycles/2Q15_lig17to21_alpha05,macrocycles,383,macrocycles_2Q15_lig17to21_alpha05_ligand_17_enu.sdf,macrocycles_2Q15_lig17to21_alpha05_protein.pdb,6.714038,6.159718,8.42178,6.3996305,7.1475677,6.149055,6.3042836,6.4991317,7.1713657,6.3361645,6.7302732
macrocycles/2Q15_lig17to21_alpha05/ligand_19,8.308525083278166,data/fep/macrocycles/macrocycles_2Q15_lig17to21_alpha05_ligand_19.sdf,,data/fep/macrocycles/macrocycles_2Q15_lig17to21_alpha05_protein.pdb,ligand_19,-11.289999961853027,-11.369999885559082,0.6899999976158142,macrocycles/2Q15_lig17to21_alpha05,macrocycles,384,macrocycles_2Q15_lig17to21_alpha05_ligand_19.sdf,macrocycles_2Q15_lig17to21_alpha05_protein.pdb,6.810962,6.0990915,7.950033,6.926308,7.406996,6.87079,7.22964,7.4209,7.4353976,6.6845894,7.0834703
macrocycles/hsp90_3hvd_custcore/lig_3B27,5.180869483345234,data/fep/macrocycles/macrocycles_hsp90_3hvd_custcore_lig_3B27.sdf,,data/fep/macrocycles/macrocycles_hsp90_3hvd_custcore_protein.pdb,lig_3B27,-7.039999961853027,-7.409999847412109,0.2899999916553497,macrocycles/hsp90_3hvd_custcore,macrocycles,385,macrocycles_hsp90_3hvd_custcore_lig_3B27.sdf,macrocycles_hsp90_3hvd_custcore_protein.pdb,4.737956,4.1841197,5.0108957,5.0511084,5.9529834,5.0325565,4.817793,4.7533054,5.333394,5.022224,4.9896336
macrocycles/hsp90_3hvd_custcore/18 minimized,9.697425306919072,data/fep/macrocycles/macrocycles_hsp90_3hvd_custcore_18_minimized.sdf,,data/fep/macrocycles/macrocycles_hsp90_3hvd_custcore_protein.pdb,18 minimized,-13.177300453186035,-11.630000114440918,0.2599999904632568,macrocycles/hsp90_3hvd_custcore,macrocycles,386,macrocycles_hsp90_3hvd_custcore_18_minimized.sdf,macrocycles_hsp90_3hvd_custcore_protein.pdb,8.381826,8.196525,8.244533,8.585144,8.758896,8.380887,7.9003716,8.631153,8.487827,8.507247,8.40744
"macrocycles/hsp90_3hvd_custcore/8, 3VHA",7.471409681211407,"data/fep/macrocycles/macrocycles_hsp90_3hvd_custcore_8,_3VHA.sdf",,data/fep/macrocycles/macrocycles_hsp90_3hvd_custcore_protein.pdb,"8, 3VHA",-10.15248966217041,-11.210000038146973,0.25,macrocycles/hsp90_3hvd_custcore,macrocycles,387,"macrocycles_hsp90_3hvd_custcore_8,_3VHA.sdf",macrocycles_hsp90_3hvd_custcore_protein.pdb,6.7667456,6.5185103,7.5177264,7.417482,7.009314,6.722119,6.724483,7.139852,6.1656833,7.661292,6.96432
macrocycles/hsp90_3hvd_custcore/13,8.289126584567502,data/fep/macrocycles/macrocycles_hsp90_3hvd_custcore_13.sdf,,data/fep/macrocycles/macrocycles_hsp90_3hvd_custcore_protein.pdb,13,-11.26364040374756,-11.949999809265137,0.2399999946355819,macrocycles/hsp90_3hvd_custcore,macrocycles,388,macrocycles_hsp90_3hvd_custcore_13.sdf,macrocycles_hsp90_3hvd_custcore_protein.pdb,6.840344,6.933205,7.7302427,8.266914,8.144071,7.2052503,7.28793,7.6479464,7.450487,7.662689,7.5169077
macrocycles/hsp90_3hvd_custcore/9,7.1459942507238745,data/fep/macrocycles/macrocycles_hsp90_3hvd_custcore_9.sdf,,data/fep/macrocycles/macrocycles_hsp90_3hvd_custcore_protein.pdb,9,-9.71030044555664,-10.850000381469728,0.2300000041723251,macrocycles/hsp90_3hvd_custcore,macrocycles,389,macrocycles_hsp90_3hvd_custcore_9.sdf,macrocycles_hsp90_3hvd_custcore_protein.pdb,6.9648848,6.362462,7.69281,7.453715,7.277463,6.5939097,6.6214128,6.967204,6.7035255,7.450068,7.0087457
"macrocycles/hsp90_3hvd_custcore/16, 3VHD",9.376203994676654,"data/fep/macrocycles/macrocycles_hsp90_3hvd_custcore_16,_3VHD.sdf",,data/fep/macrocycles/macrocycles_hsp90_3hvd_custcore_protein.pdb,"16, 3VHD",-12.74081039428711,-10.850000381469728,0.2300000041723251,macrocycles/hsp90_3hvd_custcore,macrocycles,390,"macrocycles_hsp90_3hvd_custcore_16,_3VHD.sdf",macrocycles_hsp90_3hvd_custcore_protein.pdb,9.033868,8.450809,8.924544,9.236255,9.055756,8.996239,8.741561,9.095688,8.913782,9.178067,8.962657
"macrocycles/hsp90_3hvd_custcore/11, 3VHC",8.974311176128252,"data/fep/macrocycles/macrocycles_hsp90_3hvd_custcore_11,_3VHC.sdf",,data/fep/macrocycles/macrocycles_hsp90_3hvd_custcore_protein.pdb,"11, 3VHC",-12.194700241088867,-12.390000343322754,0.2199999988079071,macrocycles/hsp90_3hvd_custcore,macrocycles,391,"macrocycles_hsp90_3hvd_custcore_11,_3VHC.sdf",macrocycles_hsp90_3hvd_custcore_protein.pdb,7.2798934,7.3280287,8.064983,8.173771,7.8497286,6.7154346,7.7589097,8.026583,7.5058703,7.785118,7.648832
macrocycles/hsp90_3hvd_custcore/12,8.211516447703481,data/fep/macrocycles/macrocycles_hsp90_3hvd_custcore_12.sdf,,data/fep/macrocycles/macrocycles_hsp90_3hvd_custcore_protein.pdb,12,-11.158180236816406,-12.3100004196167,0.25,macrocycles/hsp90_3hvd_custcore,macrocycles,392,macrocycles_hsp90_3hvd_custcore_12.sdf,macrocycles_hsp90_3hvd_custcore_protein.pdb,7.0165877,6.979809,7.9006968,8.599834,7.9209175,6.8587756,7.2096353,7.847658,7.1149755,7.6492615,7.509815
macrocycles/hsp90_3hvd_custcore/7,6.989552797988725,data/fep/macrocycles/macrocycles_hsp90_3hvd_custcore_7.sdf,,data/fep/macrocycles/macrocycles_hsp90_3hvd_custcore_protein.pdb,7,-9.497720718383787,-10.779999732971191,0.25,macrocycles/hsp90_3hvd_custcore,macrocycles,393,macrocycles_hsp90_3hvd_custcore_7.sdf,macrocycles_hsp90_3hvd_custcore_protein.pdb,7.2593203,6.7542906,7.1931005,7.460037,7.00527,6.4860616,6.897074,7.2920847,6.19629,7.7791457,7.0322676
"macrocycles/hsp90_3hvd_custcore/17, top conformer",9.513776126270889,"data/fep/macrocycles/macrocycles_hsp90_3hvd_custcore_17,_top_conformer.sdf",,data/fep/macrocycles/macrocycles_hsp90_3hvd_custcore_protein.pdb,"17, top conformer",-12.927749633789062,-10.479999542236328,0.2800000011920929,macrocycles/hsp90_3hvd_custcore,macrocycles,394,"macrocycles_hsp90_3hvd_custcore_17,_top_conformer.sdf",macrocycles_hsp90_3hvd_custcore_protein.pdb,8.530378,8.387542,8.770126,9.02284,8.929848,8.745785,8.370097,8.937791,8.411436,9.036108,8.714195
scaffold_hopping/Fxa_2ei8/Edoxaban,9.265219877740702,data/fep/scaffold_hopping/scaffold_hopping_Fxa_2ei8_Edoxaban.sdf,,data/fep/scaffold_hopping/scaffold_hopping_Fxa_2ei8_protein.pdb,Edoxaban,-12.59000015258789,-11.579999923706056,0.3000000119209289,scaffold_hopping/Fxa_2ei8,scaffold_hopping,395,scaffold_hopping_Fxa_2ei8_Edoxaban.sdf,scaffold_hopping_Fxa_2ei8_protein.pdb,8.333925,6.4890776,7.4318814,8.233707,7.90392,6.818321,6.7580233,7.6302505,7.9454494,7.534745,7.50793
scaffold_hopping/Fxa_2ei8/4d,8.624970462679554,data/fep/scaffold_hopping/scaffold_hopping_Fxa_2ei8_4d.sdf,,data/fep/scaffold_hopping/scaffold_hopping_Fxa_2ei8_protein.pdb,4d,-11.720000267028809,-12.369999885559082,0.3000000119209289,scaffold_hopping/Fxa_2ei8,scaffold_hopping,396,scaffold_hopping_Fxa_2ei8_4d.sdf,scaffold_hopping_Fxa_2ei8_protein.pdb,8.467778,8.590224,8.419012,8.267601,8.355856,8.333889,7.9167767,8.277315,8.148486,8.466039,8.324297
scaffold_hopping/Fxa_2ei8/4c,8.676484565623216,data/fep/scaffold_hopping/scaffold_hopping_Fxa_2ei8_4c.sdf,,data/fep/scaffold_hopping/scaffold_hopping_Fxa_2ei8_protein.pdb,4c,-11.789999961853027,-12.149999618530272,0.3000000119209289,scaffold_hopping/Fxa_2ei8,scaffold_hopping,397,scaffold_hopping_Fxa_2ei8_4c.sdf,scaffold_hopping_Fxa_2ei8_protein.pdb,8.328866,8.409715,8.322108,8.091656,8.188969,8.312796,7.6609874,8.195242,8.102436,8.275042,8.188782
scaffold_hopping/TPSB2_3v7t/1,7.697712398731543,data/fep/scaffold_hopping/scaffold_hopping_TPSB2_3v7t_1.sdf,,data/fep/scaffold_hopping/scaffold_hopping_TPSB2_3v7t_protein.pdb,1,-10.460000038146973,-10.779999732971191,0.2800000011920929,scaffold_hopping/TPSB2_3v7t,scaffold_hopping,398,scaffold_hopping_TPSB2_3v7t_1.sdf,scaffold_hopping_TPSB2_3v7t_protein.pdb,6.6535244,5.945201,7.0910497,6.5894074,7.367168,6.709531,6.088271,6.1880975,7.492122,6.6058655,6.673024
scaffold_hopping/TPSB2_3v7t/2,7.241442724842922,data/fep/scaffold_hopping/scaffold_hopping_TPSB2_3v7t_2.sdf,,data/fep/scaffold_hopping/scaffold_hopping_TPSB2_3v7t_protein.pdb,2,-9.84000015258789,-9.520000457763672,0.2800000011920929,scaffold_hopping/TPSB2_3v7t,scaffold_hopping,399,scaffold_hopping_TPSB2_3v7t_2.sdf,scaffold_hopping_TPSB2_3v7t_protein.pdb,6.774249,5.945289,7.153276,6.8317533,7.7021174,6.8216825,6.209672,6.65073,7.902171,6.4968357,6.848778
scaffold_hopping/Bace1_4zsp/31,6.1449236358931545,data/fep/scaffold_hopping/scaffold_hopping_Bace1_4zsp_31.sdf,,data/fep/scaffold_hopping/scaffold_hopping_Bace1_4zsp_protein.pdb,31,-8.350000381469727,-8.8100004196167,0.2300000041723251,scaffold_hopping/Bace1_4zsp,scaffold_hopping,400,scaffold_hopping_Bace1_4zsp_31.sdf,scaffold_hopping_Bace1_4zsp_protein.pdb,5.637219,5.391217,6.032389,5.8373604,5.891827,5.6326475,5.387529,5.940133,5.401492,6.1091413,5.7260957
scaffold_hopping/Bace1_4zsp/7,5.673935245833763,data/fep/scaffold_hopping/scaffold_hopping_Bace1_4zsp_7.sdf,,data/fep/scaffold_hopping/scaffold_hopping_Bace1_4zsp_protein.pdb,7,-7.710000038146973,-7.190000057220459,0.2300000041723251,scaffold_hopping/Bace1_4zsp,scaffold_hopping,401,scaffold_hopping_Bace1_4zsp_7.sdf,scaffold_hopping_Bace1_4zsp_protein.pdb,5.3396482,5.084843,5.015971,5.1524105,5.7013655,5.4091725,5.2458997,5.336182,5.083896,5.5813107,5.2950697
scaffold_hopping/Bace1_4zsp/6,5.7622454373773335,data/fep/scaffold_hopping/scaffold_hopping_Bace1_4zsp_6.sdf,,data/fep/scaffold_hopping/scaffold_hopping_Bace1_4zsp_protein.pdb,6,-7.829999923706055,-7.889999866485596,0.2300000041723251,scaffold_hopping/Bace1_4zsp,scaffold_hopping,402,scaffold_hopping_Bace1_4zsp_6.sdf,scaffold_hopping_Bace1_4zsp_protein.pdb,5.673014,5.5359416,5.2299423,5.872158,6.375833,5.617655,5.622661,6.0560064,5.626024,5.840415,5.744965
scaffold_hopping/EZH2_5ij7_corehop/22,7.131054459043197,data/fep/scaffold_hopping/scaffold_hopping_EZH2_5ij7_corehop_22.sdf,,data/fep/scaffold_hopping/scaffold_hopping_EZH2_5ij7_corehop_protein.pdb,22,-9.6899995803833,-9.529999732971191,0.270000010728836,scaffold_hopping/EZH2_5ij7_corehop,scaffold_hopping,403,scaffold_hopping_EZH2_5ij7_corehop_22.sdf,scaffold_hopping_EZH2_5ij7_corehop_protein.pdb,7.622407,6.8577056,7.2306924,6.165464,7.275156,6.7012353,7.155226,7.0707316,7.4194164,6.745891,7.0243926
scaffold_hopping/EZH2_5ij7_corehop/31,7.55788810424431,data/fep/scaffold_hopping/scaffold_hopping_EZH2_5ij7_corehop_31.sdf,,data/fep/scaffold_hopping/scaffold_hopping_EZH2_5ij7_corehop_protein.pdb,31,-10.270000457763672,-10.43000030517578,0.270000010728836,scaffold_hopping/EZH2_5ij7_corehop,scaffold_hopping,404,scaffold_hopping_EZH2_5ij7_corehop_31.sdf,scaffold_hopping_EZH2_5ij7_corehop_protein.pdb,7.0784206,6.3747473,6.8068314,5.9665804,6.464599,6.548484,7.2366014,6.2701807,7.7785735,6.844998,6.737002
scaffold_hopping/EZH2_5ij7_corehop/29,7.55788810424431,data/fep/scaffold_hopping/scaffold_hopping_EZH2_5ij7_corehop_29.sdf,,data/fep/scaffold_hopping/scaffold_hopping_EZH2_5ij7_corehop_protein.pdb,29,-10.270000457763672,-10.229999542236328,0.3000000119209289,scaffold_hopping/EZH2_5ij7_corehop,scaffold_hopping,405,scaffold_hopping_EZH2_5ij7_corehop_29.sdf,scaffold_hopping_EZH2_5ij7_corehop_protein.pdb,7.225748,6.604918,7.2997026,7.15147,6.913093,6.691894,7.6258764,6.78428,7.098677,6.882332,7.027799
scaffold_hopping/EZH2_5ij7_corehop/27,6.1596416502369085,data/fep/scaffold_hopping/scaffold_hopping_EZH2_5ij7_corehop_27.sdf,,data/fep/scaffold_hopping/scaffold_hopping_EZH2_5ij7_corehop_protein.pdb,27,-8.369999885559082,-8.40999984741211,0.3000000119209289,scaffold_hopping/EZH2_5ij7_corehop,scaffold_hopping,406,scaffold_hopping_EZH2_5ij7_corehop_27.sdf,scaffold_hopping_EZH2_5ij7_corehop_protein.pdb,7.530019,7.0465636,7.6920466,7.0992594,6.944665,6.916882,7.6432276,6.7353625,7.8131804,7.3837314,7.2804933
scaffold_hopping/CHK1_3u9n_corehop/17,7.150188368968988,data/fep/scaffold_hopping/scaffold_hopping_CHK1_3u9n_corehop_17.sdf,,data/fep/scaffold_hopping/scaffold_hopping_CHK1_3u9n_corehop_protein.pdb,17,-9.715999603271484,-9.010000228881836,0.2000000029802322,scaffold_hopping/CHK1_3u9n_corehop,scaffold_hopping,407,scaffold_hopping_CHK1_3u9n_corehop_17.sdf,scaffold_hopping_CHK1_3u9n_corehop_protein.pdb,6.5806265,6.038044,6.4713755,7.0860295,6.523114,6.2012334,6.47689,6.403359,6.685814,6.6188965,6.5085382
scaffold_hopping/CHK1_3u9n_corehop/1,7.138413817128582,data/fep/scaffold_hopping/scaffold_hopping_CHK1_3u9n_corehop_1.sdf,,data/fep/scaffold_hopping/scaffold_hopping_CHK1_3u9n_corehop_protein.pdb,1,-9.699999809265137,-9.920000076293944,0.2000000029802322,scaffold_hopping/CHK1_3u9n_corehop,scaffold_hopping,408,scaffold_hopping_CHK1_3u9n_corehop_1.sdf,scaffold_hopping_CHK1_3u9n_corehop_protein.pdb,7.0238833,6.464676,6.4011497,6.976528,6.81454,6.611211,6.5222898,6.5476604,6.8780813,7.072569,6.7312593
scaffold_hopping/CHK1_3u9n_corehop/21,6.727771321176927,data/fep/scaffold_hopping/scaffold_hopping_CHK1_3u9n_corehop_21.sdf,,data/fep/scaffold_hopping/scaffold_hopping_CHK1_3u9n_corehop_protein.pdb,21,-9.142000198364258,-8.720000267028809,0.2000000029802322,scaffold_hopping/CHK1_3u9n_corehop,scaffold_hopping,409,scaffold_hopping_CHK1_3u9n_corehop_21.sdf,scaffold_hopping_CHK1_3u9n_corehop_protein.pdb,6.2311068,6.0400066,6.1992416,5.863844,6.756237,6.3137712,5.7018695,6.7213526,6.277537,6.3940873,6.2499056
scaffold_hopping/CHK1_3u9n_corehop/20,6.776341961617242,data/fep/scaffold_hopping/scaffold_hopping_CHK1_3u9n_corehop_20.sdf,,data/fep/scaffold_hopping/scaffold_hopping_CHK1_3u9n_corehop_protein.pdb,20,-9.208000183105469,-9.699999809265137,0.2000000029802322,scaffold_hopping/CHK1_3u9n_corehop,scaffold_hopping,410,scaffold_hopping_CHK1_3u9n_corehop_20.sdf,scaffold_hopping_CHK1_3u9n_corehop_protein.pdb,7.0353703,6.4251738,7.1248984,6.08631,6.7518334,6.6900835,6.7355022,6.3042903,6.9652,6.9261293,6.704479
scaffold_hopping/CHK1_3u9n_corehop/19,6.290635557214098,data/fep/scaffold_hopping/scaffold_hopping_CHK1_3u9n_corehop_19.sdf,,data/fep/scaffold_hopping/scaffold_hopping_CHK1_3u9n_corehop_protein.pdb,19,-8.54800033569336,-8.970000267028809,0.2000000029802322,scaffold_hopping/CHK1_3u9n_corehop,scaffold_hopping,411,scaffold_hopping_CHK1_3u9n_corehop_19.sdf,scaffold_hopping_CHK1_3u9n_corehop_protein.pdb,6.4457397,5.290909,6.3301454,6.562371,6.156312,5.9570103,5.762912,6.3803244,6.1744614,6.1296744,6.1189857
gpcrs/a2a_hip278/4g,8.142238401168441,data/fep/gpcrs/gpcrs_a2a_hip278_4g.sdf,,data/fep/gpcrs/gpcrs_a2a_hip278_protein.pdb,4g,-11.064042091369627,-11.829999923706056,0.1000000014901161,gpcrs/a2a_hip278,gpcrs,412,gpcrs_a2a_hip278_4g.sdf,gpcrs_a2a_hip278_protein.pdb,6.8215723,6.6763387,7.2920256,6.3156314,6.0276685,6.9127913,6.206837,6.99747,6.428914,6.2099767,6.588923
gpcrs/a2a_hip278/4h,7.841045828296681,data/fep/gpcrs/gpcrs_a2a_hip278_4h.sdf,,data/fep/gpcrs/gpcrs_a2a_hip278_protein.pdb,4h,-10.654767990112305,-11.130000114440918,0.1000000014901161,gpcrs/a2a_hip278,gpcrs,413,gpcrs_a2a_hip278_4h.sdf,gpcrs_a2a_hip278_protein.pdb,7.4162416,7.12023,7.0963726,6.528567,6.8497653,6.8842254,6.111768,7.4053774,7.006048,6.6883163,6.9106913
gpcrs/a2a_hip278/4jS,8.01172173656185,data/fep/gpcrs/gpcrs_a2a_hip278_4jS.sdf,,data/fep/gpcrs/gpcrs_a2a_hip278_protein.pdb,4jS,-10.886690139770508,-11.539999961853027,0.1000000014901161,gpcrs/a2a_hip278,gpcrs,414,gpcrs_a2a_hip278_4jS.sdf,gpcrs_a2a_hip278_protein.pdb,7.30693,6.5860014,7.2146716,6.611622,7.073098,6.800945,6.8539705,7.381354,7.1370616,6.5409884,6.9506645
gpcrs/a2a_hip278/4kU,8.49362985315667,data/fep/gpcrs/gpcrs_a2a_hip278_4kU.sdf,,data/fep/gpcrs/gpcrs_a2a_hip278_protein.pdb,4kU,-11.541528701782228,-12.0,0.1000000014901161,gpcrs/a2a_hip278,gpcrs,415,gpcrs_a2a_hip278_4kU.sdf,gpcrs_a2a_hip278_protein.pdb,7.0498962,6.7863746,6.7369933,6.928315,6.6277375,6.8630958,6.633103,7.523298,7.106058,6.817808,6.9072676
gpcrs/a2a_hip278/4lD,8.373152824007963,data/fep/gpcrs/gpcrs_a2a_hip278_4lD.sdf,,data/fep/gpcrs/gpcrs_a2a_hip278_protein.pdb,4lD,-11.377819061279297,-11.31999969482422,0.1000000014901161,gpcrs/a2a_hip278,gpcrs,416,gpcrs_a2a_hip278_4lD.sdf,gpcrs_a2a_hip278_protein.pdb,6.5836554,7.0253553,6.451168,6.40248,6.713614,7.238778,5.9584274,7.045779,6.8888583,5.973716,6.628183
gpcrs/a2a_hip278/4i,7.5900521345413825,data/fep/gpcrs/gpcrs_a2a_hip278_4i.sdf,,data/fep/gpcrs/gpcrs_a2a_hip278_protein.pdb,4i,-10.313706398010254,-10.970000267028809,0.1000000014901161,gpcrs/a2a_hip278,gpcrs,417,gpcrs_a2a_hip278_4i.sdf,gpcrs_a2a_hip278_protein.pdb,7.678976,6.635053,6.907908,6.610347,7.538541,7.1062436,7.0792856,7.6444845,7.143966,6.7100763,7.105488
gpcrs/a2a_hip278/4a,6.927428474223507,data/fep/gpcrs/gpcrs_a2a_hip278_4a.sdf,,data/fep/gpcrs/gpcrs_a2a_hip278_protein.pdb,4a,-9.41330337524414,-7.150000095367432,0.1000000014901161,gpcrs/a2a_hip278,gpcrs,418,gpcrs_a2a_hip278_4a.sdf,gpcrs_a2a_hip278_protein.pdb,5.897811,5.892802,7.257748,5.536738,4.945926,5.90955,5.4021955,5.8077016,4.983402,5.037916,5.667179
gpcrs/a2a_hip278/4b D,7.329018805328194,data/fep/gpcrs/gpcrs_a2a_hip278_4b_D.sdf,,data/fep/gpcrs/gpcrs_a2a_hip278_protein.pdb,4b D,-9.959002494812012,-10.0600004196167,0.1000000014901161,gpcrs/a2a_hip278,gpcrs,419,gpcrs_a2a_hip278_4b_D.sdf,gpcrs_a2a_hip278_protein.pdb,5.6197233,6.6288905,7.4474735,5.6933846,6.4131217,6.654432,6.6632447,6.495265,6.09214,5.917908,6.3625584
gpcrs/a2a_hip278/4c,8.433391338582316,data/fep/gpcrs/gpcrs_a2a_hip278_4c.sdf,,data/fep/gpcrs/gpcrs_a2a_hip278_protein.pdb,4c,-11.459673881530762,-12.09000015258789,0.1000000014901161,gpcrs/a2a_hip278,gpcrs,420,gpcrs_a2a_hip278_4c.sdf,gpcrs_a2a_hip278_protein.pdb,5.935357,6.8509045,7.1543775,6.655518,6.522425,7.047759,6.8078713,7.3179307,6.7958946,6.3234663,6.741151
gpcrs/a2a_hip278/4d,7.730609136432883,data/fep/gpcrs/gpcrs_a2a_hip278_4d.sdf,,data/fep/gpcrs/gpcrs_a2a_hip278_protein.pdb,4d,-10.504701614379885,-9.979999542236328,0.1000000014901161,gpcrs/a2a_hip278,gpcrs,421,gpcrs_a2a_hip278_4d.sdf,gpcrs_a2a_hip278_protein.pdb,6.653902,7.091152,6.8188114,6.1185575,6.059431,7.1142592,6.5939407,6.8593354,6.478732,6.135631,6.5923753
gpcrs/a2a_hip278/4o,8.35759121359148,data/fep/gpcrs/gpcrs_a2a_hip278_4o.sdf,,data/fep/gpcrs/gpcrs_a2a_hip278_protein.pdb,4o,-11.35667324066162,-9.4399995803833,0.1000000014901161,gpcrs/a2a_hip278,gpcrs,422,gpcrs_a2a_hip278_4o.sdf,gpcrs_a2a_hip278_protein.pdb,6.16425,6.527451,6.817596,6.141375,5.9972787,6.0732665,6.3691363,5.915309,5.4654803,5.993211,6.1464353
gpcrs/a2a_hip278/4f,8.423351703124426,data/fep/gpcrs/gpcrs_a2a_hip278_4f.sdf,,data/fep/gpcrs/gpcrs_a2a_hip278_protein.pdb,4f,-11.44603157043457,-11.720000267028809,0.1099999994039535,gpcrs/a2a_hip278,gpcrs,423,gpcrs_a2a_hip278_4f.sdf,gpcrs_a2a_hip278_protein.pdb,6.893801,6.7730613,6.503737,6.1395626,6.1235,6.634251,6.473074,6.697817,7.0228696,6.625898,6.5887566
gpcrs/a2a_hip278/4e D,8.885180548803467,data/fep/gpcrs/gpcrs_a2a_hip278_4e_D.sdf,,data/fep/gpcrs/gpcrs_a2a_hip278_protein.pdb,4e D,-12.073585510253906,-11.010000228881836,0.1000000014901161,gpcrs/a2a_hip278,gpcrs,424,gpcrs_a2a_hip278_4e_D.sdf,gpcrs_a2a_hip278_protein.pdb,6.018178,7.2307415,6.6769485,6.504589,6.521981,6.4301686,6.874669,6.79079,6.5180707,5.85327,6.54194
gpcrs/a2a_hip278/4m D,7.764242090673565,data/fep/gpcrs/gpcrs_a2a_hip278_4m_D.sdf,,data/fep/gpcrs/gpcrs_a2a_hip278_protein.pdb,4m D,-10.550403594970703,-11.710000038146973,0.1000000014901161,gpcrs/a2a_hip278,gpcrs,425,gpcrs_a2a_hip278_4m_D.sdf,gpcrs_a2a_hip278_protein.pdb,5.869853,6.3204284,7.559997,6.118249,6.6314907,6.471191,6.478166,6.5406995,6.7300754,6.1675577,6.4887705
gpcrs/a2a_hip278/4q,6.539894334586879,data/fep/gpcrs/gpcrs_a2a_hip278_4q.sdf,,data/fep/gpcrs/gpcrs_a2a_hip278_protein.pdb,4q,-8.886704444885254,-8.960000038146973,0.1000000014901161,gpcrs/a2a_hip278,gpcrs,426,gpcrs_a2a_hip278_4q.sdf,gpcrs_a2a_hip278_protein.pdb,5.8980474,5.291977,7.1443067,5.0813994,5.251962,5.3705673,4.765307,6.009446,5.114575,6.000003,5.592759
gpcrs/a2a_hip278/4n,8.500155440747543,data/fep/gpcrs/gpcrs_a2a_hip278_4n.sdf,,data/fep/gpcrs/gpcrs_a2a_hip278_protein.pdb,4n,-11.550395965576172,-13.93000030517578,0.1000000014901161,gpcrs/a2a_hip278,gpcrs,427,gpcrs_a2a_hip278_4n.sdf,gpcrs_a2a_hip278_protein.pdb,6.33071,6.7137957,7.2134233,6.955584,6.940216,6.7535,6.5408163,7.4845295,7.063425,6.3488927,6.834489
gpcrs/a2a_hip278/4r U,8.435098181884209,data/fep/gpcrs/gpcrs_a2a_hip278_4r_U.sdf,,data/fep/gpcrs/gpcrs_a2a_hip278_protein.pdb,4r U,-11.461993217468262,-12.3100004196167,0.1000000014901161,gpcrs/a2a_hip278,gpcrs,428,gpcrs_a2a_hip278_4r_U.sdf,gpcrs_a2a_hip278_protein.pdb,7.320851,6.688334,7.5494523,6.949544,7.1590385,6.983501,7.0148196,6.237761,7.544577,6.18036,6.9628243
gpcrs/a2a_hip278/4o deprotonated,8.35759121359148,data/fep/gpcrs/gpcrs_a2a_hip278_4o_deprotonated.sdf,,data/fep/gpcrs/gpcrs_a2a_hip278_protein.pdb,4o deprotonated,-11.35667324066162,-9.4399995803833,0.1299999952316284,gpcrs/a2a_hip278,gpcrs,429,gpcrs_a2a_hip278_4o_deprotonated.sdf,gpcrs_a2a_hip278_protein.pdb,5.6502337,5.7772613,6.94359,6.106217,6.017432,6.184058,6.230433,6.294784,5.8195,6.223593,6.124711
gpcrs/a2a_hip278/4eD deprotonated,8.885180548803467,data/fep/gpcrs/gpcrs_a2a_hip278_4eD_deprotonated.sdf,,data/fep/gpcrs/gpcrs_a2a_hip278_protein.pdb,4eD deprotonated,-12.073585510253906,-11.010000228881836,0.1099999994039535,gpcrs/a2a_hip278,gpcrs,430,gpcrs_a2a_hip278_4eD_deprotonated.sdf,gpcrs_a2a_hip278_protein.pdb,5.7061696,6.911663,6.724885,6.651072,6.5795984,6.597813,6.8682036,7.011349,6.78748,5.883973,6.572221
gpcrs/a2a_hip278/4f deprotonated,8.423351703124426,data/fep/gpcrs/gpcrs_a2a_hip278_4f_deprotonated.sdf,,data/fep/gpcrs/gpcrs_a2a_hip278_protein.pdb,4f deprotonated,-11.44603157043457,-11.720000267028809,0.1400000005960464,gpcrs/a2a_hip278,gpcrs,431,gpcrs_a2a_hip278_4f_deprotonated.sdf,gpcrs_a2a_hip278_protein.pdb,6.6704764,6.457601,6.987372,6.4445815,6.3220205,6.5365047,6.6170006,6.37975,6.586215,6.534692,6.553622
gpcrs/ox2_hip_custcore/set 1: 1,8.079088708133462,data/fep/gpcrs/gpcrs_ox2_hip_custcore_set_1:_1.sdf,,data/fep/gpcrs/gpcrs_ox2_hip_custcore_protein.pdb,set 1: 1,-10.978231430053713,-10.960000038146973,0.0599999986588954,gpcrs/ox2_hip_custcore,gpcrs,432,gpcrs_ox2_hip_custcore_set_1:_1.sdf,gpcrs_ox2_hip_custcore_protein.pdb,6.8899436,7.062285,7.1635265,7.516481,6.8408375,7.0713835,7.1204996,7.506978,6.964728,6.6959534,7.083262
gpcrs/ox2_hip_custcore/set 1: 2,7.3957829074934205,data/fep/gpcrs/gpcrs_ox2_hip_custcore_set_1:_2.sdf,,data/fep/gpcrs/gpcrs_ox2_hip_custcore_protein.pdb,set 1: 2,-10.049724578857422,-9.25,0.0700000002980232,gpcrs/ox2_hip_custcore,gpcrs,433,gpcrs_ox2_hip_custcore_set_1:_2.sdf,gpcrs_ox2_hip_custcore_protein.pdb,6.4678936,7.1942596,7.280045,6.6612,6.4133434,7.747179,6.267243,7.1979413,7.1637797,5.7220755,6.8114953
gpcrs/ox2_hip_custcore/set 1: 3,6.32604764293928,data/fep/gpcrs/gpcrs_ox2_hip_custcore_set_1:_3.sdf,,data/fep/gpcrs/gpcrs_ox2_hip_custcore_protein.pdb,set 1: 3,-8.59611988067627,-10.140000343322754,0.0700000002980232,gpcrs/ox2_hip_custcore,gpcrs,434,gpcrs_ox2_hip_custcore_set_1:_3.sdf,gpcrs_ox2_hip_custcore_protein.pdb,5.4650903,5.996344,6.979064,6.8173304,5.143848,5.549501,6.2913084,7.008721,6.6055074,6.1978097,6.2054524
gpcrs/ox2_hip_custcore/set 1: 4,7.80349738113607,data/fep/gpcrs/gpcrs_ox2_hip_custcore_set_1:_4.sdf,,data/fep/gpcrs/gpcrs_ox2_hip_custcore_protein.pdb,set 1: 4,-10.603745460510254,-10.770000457763672,0.0700000002980232,gpcrs/ox2_hip_custcore,gpcrs,435,gpcrs_ox2_hip_custcore_set_1:_4.sdf,gpcrs_ox2_hip_custcore_protein.pdb,8.07867,7.8721004,7.729963,7.264196,7.031752,7.159379,7.330934,6.916153,7.8079433,6.7278256,7.3918915
gpcrs/ox2_hip_custcore/set 1: 5,8.01101920771925,data/fep/gpcrs/gpcrs_ox2_hip_custcore_set_1:_5.sdf,,data/fep/gpcrs/gpcrs_ox2_hip_custcore_protein.pdb,set 1: 5,-10.885735511779783,-10.6899995803833,0.0700000002980232,gpcrs/ox2_hip_custcore,gpcrs,436,gpcrs_ox2_hip_custcore_set_1:_5.sdf,gpcrs_ox2_hip_custcore_protein.pdb,6.1234426,7.3779993,7.101846,7.1542983,7.585386,6.893796,7.126035,7.456936,7.3663554,6.329858,7.0515947
gpcrs/ox2_hip_custcore/set 1: 6,7.368775902106838,data/fep/gpcrs/gpcrs_ox2_hip_custcore_set_1:_6.sdf,,data/fep/gpcrs/gpcrs_ox2_hip_custcore_protein.pdb,set 1: 6,-10.013026237487791,-9.15999984741211,0.0700000002980232,gpcrs/ox2_hip_custcore,gpcrs,437,gpcrs_ox2_hip_custcore_set_1:_6.sdf,gpcrs_ox2_hip_custcore_protein.pdb,6.560952,7.128443,7.4420905,6.8690515,6.3925247,7.7248435,6.5917034,7.105394,7.2765365,6.0943894,6.918592
gpcrs/ox2_hip_custcore/set 1: 7,8.520235413490338,data/fep/gpcrs/gpcrs_ox2_hip_custcore_set_1:_7.sdf,,data/fep/gpcrs/gpcrs_ox2_hip_custcore_protein.pdb,set 1: 7,-11.577681541442873,-12.25,0.0700000002980232,gpcrs/ox2_hip_custcore,gpcrs,438,gpcrs_ox2_hip_custcore_set_1:_7.sdf,gpcrs_ox2_hip_custcore_protein.pdb,7.5371,7.6071763,7.4999275,7.2726808,7.9377556,7.005167,7.294857,7.660508,7.6690216,7.2606344,7.4744825
gpcrs/ox2_hip_custcore/set 1: 8,7.470579419851974,data/fep/gpcrs/gpcrs_ox2_hip_custcore_set_1:_8.sdf,,data/fep/gpcrs/gpcrs_ox2_hip_custcore_protein.pdb,set 1: 8,-10.151361465454102,-11.729999542236328,0.0799999982118606,gpcrs/ox2_hip_custcore,gpcrs,439,gpcrs_ox2_hip_custcore_set_1:_8.sdf,gpcrs_ox2_hip_custcore_protein.pdb,7.3133297,6.9129305,6.9965334,7.961275,7.148762,7.299865,7.1766257,7.895079,7.1190934,6.5836177,7.240711
gpcrs/ox2_hip_custcore/set 1: 9,6.346628720171199,data/fep/gpcrs/gpcrs_ox2_hip_custcore_set_1:_9.sdf,,data/fep/gpcrs/gpcrs_ox2_hip_custcore_protein.pdb,set 1: 9,-8.624086380004883,-9.890000343322754,0.0599999986588954,gpcrs/ox2_hip_custcore,gpcrs,440,gpcrs_ox2_hip_custcore_set_1:_9.sdf,gpcrs_ox2_hip_custcore_protein.pdb,5.2553177,7.4445767,6.5696282,6.011274,6.347024,7.022807,5.512687,6.3566294,6.7063737,6.7038126,6.393013
gpcrs/ox2_hip_custcore/set 1: 10,7.592160422896188,data/fep/gpcrs/gpcrs_ox2_hip_custcore_set_1:_10.sdf,,data/fep/gpcrs/gpcrs_ox2_hip_custcore_protein.pdb,set 1: 10,-10.316571235656738,-10.079999923706056,0.0700000002980232,gpcrs/ox2_hip_custcore,gpcrs,441,gpcrs_ox2_hip_custcore_set_1:_10.sdf,gpcrs_ox2_hip_custcore_protein.pdb,6.9941254,7.054627,7.1403966,7.1688666,7.1093817,7.016212,7.2487283,7.4995613,6.5380354,6.621683,7.0391617
gpcrs/ox2_hip_custcore/set 1: 11,8.18741781346947,data/fep/gpcrs/gpcrs_ox2_hip_custcore_set_1:_11.sdf,,data/fep/gpcrs/gpcrs_ox2_hip_custcore_protein.pdb,set 1: 11,-11.125433921813965,-11.380000114440918,0.0599999986588954,gpcrs/ox2_hip_custcore,gpcrs,442,gpcrs_ox2_hip_custcore_set_1:_11.sdf,gpcrs_ox2_hip_custcore_protein.pdb,7.6149287,7.5719614,8.009161,7.4581714,6.902185,6.8359313,6.962552,6.9670215,7.5298676,7.3608203,7.3212595
gpcrs/ox2_hip_custcore/set 1: 12,7.757515078729219,data/fep/gpcrs/gpcrs_ox2_hip_custcore_set_1:_12.sdf,,data/fep/gpcrs/gpcrs_ox2_hip_custcore_protein.pdb,set 1: 12,-10.54126262664795,-9.380000114440918,0.0700000002980232,gpcrs/ox2_hip_custcore,gpcrs,443,gpcrs_ox2_hip_custcore_set_1:_12.sdf,gpcrs_ox2_hip_custcore_protein.pdb,5.83352,7.2245545,7.483665,7.1170216,7.304245,6.963403,6.683227,7.2349987,7.049222,5.9344954,6.8828354
gpcrs/ox2_hip_custcore/set 1: 13,6.602943666358635,data/fep/gpcrs/gpcrs_ox2_hip_custcore_set_1:_13.sdf,,data/fep/gpcrs/gpcrs_ox2_hip_custcore_protein.pdb,set 1: 13,-8.972378730773926,-9.890000343322754,0.0700000002980232,gpcrs/ox2_hip_custcore,gpcrs,444,gpcrs_ox2_hip_custcore_set_1:_13.sdf,gpcrs_ox2_hip_custcore_protein.pdb,6.886956,7.055789,7.56175,7.7560716,6.8160224,6.5220256,6.4827957,7.6220617,6.804479,6.5124393,7.0020385
gpcrs/ox2_hip_custcore/set 1: 14,8.2198457307244,data/fep/gpcrs/gpcrs_ox2_hip_custcore_set_1:_14.sdf,,data/fep/gpcrs/gpcrs_ox2_hip_custcore_protein.pdb,set 1: 14,-11.169498443603516,-10.619999885559082,0.0700000002980232,gpcrs/ox2_hip_custcore,gpcrs,445,gpcrs_ox2_hip_custcore_set_1:_14.sdf,gpcrs_ox2_hip_custcore_protein.pdb,6.8397155,7.5126495,7.348924,7.086012,7.158685,6.410443,6.595577,7.683052,7.499538,6.3918924,7.052649
gpcrs/ox2_hip_custcore/set 1: 15,5.019875980587026,data/fep/gpcrs/gpcrs_ox2_hip_custcore_set_1:_15.sdf,,data/fep/gpcrs/gpcrs_ox2_hip_custcore_protein.pdb,set 1: 15,-6.821234703063965,-8.800000190734863,0.0700000002980232,gpcrs/ox2_hip_custcore,gpcrs,446,gpcrs_ox2_hip_custcore_set_1:_15.sdf,gpcrs_ox2_hip_custcore_protein.pdb,6.313015,6.7193766,6.760675,7.3394303,6.5847464,6.3073044,5.6483607,6.9465456,6.768978,7.1939197,6.658235
gpcrs/ox2_hip_custcore/set 1: 16,8.05870765160098,data/fep/gpcrs/gpcrs_ox2_hip_custcore_set_1:_16.sdf,,data/fep/gpcrs/gpcrs_ox2_hip_custcore_protein.pdb,set 1: 16,-10.950536727905272,-9.829999923706056,0.0700000002980232,gpcrs/ox2_hip_custcore,gpcrs,447,gpcrs_ox2_hip_custcore_set_1:_16.sdf,gpcrs_ox2_hip_custcore_protein.pdb,6.637648,7.271133,7.476702,6.806478,6.468647,7.3850145,6.4784427,7.1430445,7.0744977,5.8430924,6.8584695
gpcrs/ox2_hip_custcore/set 1: 17,5.065857932080369,data/fep/gpcrs/gpcrs_ox2_hip_custcore_set_1:_17.sdf,,data/fep/gpcrs/gpcrs_ox2_hip_custcore_protein.pdb,set 1: 17,-6.883717060089111,-9.0600004196167,0.0700000002980232,gpcrs/ox2_hip_custcore,gpcrs,448,gpcrs_ox2_hip_custcore_set_1:_17.sdf,gpcrs_ox2_hip_custcore_protein.pdb,6.119811,6.869234,7.1241837,7.0852084,7.0157156,7.1792493,6.365691,7.5828857,6.425739,6.3438706,6.8111587
gpcrs/ox2_hip_custcore/set 1: 18,6.090615559600463,data/fep/gpcrs/gpcrs_ox2_hip_custcore_set_1:_18.sdf,,data/fep/gpcrs/gpcrs_ox2_hip_custcore_protein.pdb,set 1: 18,-8.276204109191895,-10.529999732971191,0.0700000002980232,gpcrs/ox2_hip_custcore,gpcrs,449,gpcrs_ox2_hip_custcore_set_1:_18.sdf,gpcrs_ox2_hip_custcore_protein.pdb,7.1210914,7.4170966,7.6763906,6.531169,7.0490794,7.2766337,6.9182234,6.8483377,7.8365154,6.951004,7.1625543
gpcrs/ox2_hip_custcore/set 1: 19,5.530497594956811,data/fep/gpcrs/gpcrs_ox2_hip_custcore_set_1:_19.sdf,,data/fep/gpcrs/gpcrs_ox2_hip_custcore_protein.pdb,set 1: 19,-7.515090465545654,-10.369999885559082,0.0700000002980232,gpcrs/ox2_hip_custcore,gpcrs,450,gpcrs_ox2_hip_custcore_set_1:_19.sdf,gpcrs_ox2_hip_custcore_protein.pdb,6.8657956,7.122577,6.878171,6.9646144,6.4798193,7.0786786,6.689951,7.117015,7.6163473,6.406259,6.921923
gpcrs/ox2_hip_custcore/set 1: 20,7.653503613193067,data/fep/gpcrs/gpcrs_ox2_hip_custcore_set_1:_20.sdf,,data/fep/gpcrs/gpcrs_ox2_hip_custcore_protein.pdb,set 1: 20,-10.399927139282228,-9.859999656677246,0.0599999986588954,gpcrs/ox2_hip_custcore,gpcrs,451,gpcrs_ox2_hip_custcore_set_1:_20.sdf,gpcrs_ox2_hip_custcore_protein.pdb,6.093786,7.246842,7.554535,7.268669,7.188856,6.986503,6.4648294,7.6154704,6.872052,6.377024,6.9668565
gpcrs/ox2_hip_custcore/set 1: 21,6.393916420827031,data/fep/gpcrs/gpcrs_ox2_hip_custcore_set_1:_21.sdf,,data/fep/gpcrs/gpcrs_ox2_hip_custcore_protein.pdb,set 1: 21,-8.688343048095703,-7.71999979019165,0.0700000002980232,gpcrs/ox2_hip_custcore,gpcrs,452,gpcrs_ox2_hip_custcore_set_1:_21.sdf,gpcrs_ox2_hip_custcore_protein.pdb,5.8267407,7.1196322,6.776887,5.9179177,6.600436,6.8990755,6.21495,6.970081,6.6172376,5.736355,6.467931
gpcrs/ox2_hip_custcore/set 1: 22,7.668663778556636,data/fep/gpcrs/gpcrs_ox2_hip_custcore_set_1:_22.sdf,,data/fep/gpcrs/gpcrs_ox2_hip_custcore_protein.pdb,set 1: 22,-10.420527458190918,-10.68000030517578,0.0599999986588954,gpcrs/ox2_hip_custcore,gpcrs,453,gpcrs_ox2_hip_custcore_set_1:_22.sdf,gpcrs_ox2_hip_custcore_protein.pdb,5.1164985,6.6552277,7.2194843,7.143712,6.562877,6.748274,6.710709,6.7990847,6.85017,5.9892855,6.5795326
gpcrs/ox2_hip_custcore/set 1: 23,7.4187740586968465,data/fep/gpcrs/gpcrs_ox2_hip_custcore_set_1:_23.sdf,,data/fep/gpcrs/gpcrs_ox2_hip_custcore_protein.pdb,set 1: 23,-10.080965995788574,-11.6899995803833,0.0700000002980232,gpcrs/ox2_hip_custcore,gpcrs,454,gpcrs_ox2_hip_custcore_set_1:_23.sdf,gpcrs_ox2_hip_custcore_protein.pdb,7.040602,6.4655747,6.12572,6.2049823,6.106299,6.304817,5.7675877,6.520684,5.6218076,6.1494617,6.2307534
gpcrs/ox2_hip_custcore/set 1: 24,7.685429724131857,data/fep/gpcrs/gpcrs_ox2_hip_custcore_set_1:_24.sdf,,data/fep/gpcrs/gpcrs_ox2_hip_custcore_protein.pdb,set 1: 24,-10.443309783935549,-10.850000381469728,0.0700000002980232,gpcrs/ox2_hip_custcore,gpcrs,455,gpcrs_ox2_hip_custcore_set_1:_24.sdf,gpcrs_ox2_hip_custcore_protein.pdb,7.03938,7.1770096,7.4290657,7.838994,7.060902,7.5562315,7.23111,7.8266263,6.9594793,6.747468,7.2866263
gpcrs/ox2_hip_custcore/set 1: 25,8.166735673147304,data/fep/gpcrs/gpcrs_ox2_hip_custcore_set_1:_25.sdf,,data/fep/gpcrs/gpcrs_ox2_hip_custcore_protein.pdb,set 1: 25,-11.097330093383787,-12.59000015258789,0.0599999986588954,gpcrs/ox2_hip_custcore,gpcrs,456,gpcrs_ox2_hip_custcore_set_1:_25.sdf,gpcrs_ox2_hip_custcore_protein.pdb,7.4749036,7.394324,7.357463,7.919646,7.319561,7.6010556,7.078838,7.618763,7.300212,6.7393284,7.3804092
gpcrs/ox2_hip_custcore/set 1: 26,8.380080558478767,data/fep/gpcrs/gpcrs_ox2_hip_custcore_set_1:_26.sdf,,data/fep/gpcrs/gpcrs_ox2_hip_custcore_protein.pdb,set 1: 26,-11.387232780456545,-11.34000015258789,0.0700000002980232,gpcrs/ox2_hip_custcore,gpcrs,457,gpcrs_ox2_hip_custcore_set_1:_26.sdf,gpcrs_ox2_hip_custcore_protein.pdb,7.0586686,7.4612474,7.56494,7.7401896,7.3185053,6.717335,6.782942,7.963299,7.194741,6.9142647,7.271614
gpcrs/ox2_hip_custcore/set 1: 27,8.063125652664064,data/fep/gpcrs/gpcrs_ox2_hip_custcore_set_1:_27.sdf,,data/fep/gpcrs/gpcrs_ox2_hip_custcore_protein.pdb,set 1: 27,-10.95654010772705,-9.920000076293944,0.0700000002980232,gpcrs/ox2_hip_custcore,gpcrs,458,gpcrs_ox2_hip_custcore_set_1:_27.sdf,gpcrs_ox2_hip_custcore_protein.pdb,6.917744,7.292062,7.767083,7.0859413,7.0387974,6.9998,6.850119,7.737781,7.37936,6.5178003,7.1586494
gpcrs/ox2_hip_custcore/set 2: 1,6.92732811296028,data/fep/gpcrs/gpcrs_ox2_hip_custcore_set_2:_1.sdf,,data/fep/gpcrs/gpcrs_ox2_hip_custcore_protein.pdb,set 2: 1,-9.413166999816896,-9.630000114440918,0.0599999986588954,gpcrs/ox2_hip_custcore,gpcrs,459,gpcrs_ox2_hip_custcore_set_2:_1.sdf,gpcrs_ox2_hip_custcore_protein.pdb,6.7925353,7.1472993,7.4436874,7.2577577,7.0582733,6.7918396,6.096893,7.3068256,7.4529,6.2407804,6.958879
gpcrs/ox2_hip_custcore/set 2: 2,6.337593399172606,data/fep/gpcrs/gpcrs_ox2_hip_custcore_set_2:_2.sdf,,data/fep/gpcrs/gpcrs_ox2_hip_custcore_protein.pdb,set 2: 2,-8.611808776855469,-6.840000152587891,0.0700000002980232,gpcrs/ox2_hip_custcore,gpcrs,460,gpcrs_ox2_hip_custcore_set_2:_2.sdf,gpcrs_ox2_hip_custcore_protein.pdb,5.725632,7.2729716,6.7378287,6.842951,6.5943904,7.066636,5.3968434,7.7338967,7.0901723,5.8045406,6.626586
gpcrs/ox2_hip_custcore/set 2: 3,6.969093838657518,data/fep/gpcrs/gpcrs_ox2_hip_custcore_set_2:_3.sdf,,data/fep/gpcrs/gpcrs_ox2_hip_custcore_protein.pdb,set 2: 3,-9.46992015838623,-8.510000228881836,0.0599999986588954,gpcrs/ox2_hip_custcore,gpcrs,461,gpcrs_ox2_hip_custcore_set_2:_3.sdf,gpcrs_ox2_hip_custcore_protein.pdb,6.7318497,6.982968,7.429348,6.9819975,6.1853075,6.895224,6.3667197,7.2482347,7.0552173,5.645975,6.752284
gpcrs/ox2_hip_custcore/set 2: 4,7.150311188696715,data/fep/gpcrs/gpcrs_ox2_hip_custcore_set_2:_4.sdf,,data/fep/gpcrs/gpcrs_ox2_hip_custcore_protein.pdb,set 2: 4,-9.716166496276855,-10.449999809265137,0.0700000002980232,gpcrs/ox2_hip_custcore,gpcrs,462,gpcrs_ox2_hip_custcore_set_2:_4.sdf,gpcrs_ox2_hip_custcore_protein.pdb,7.051158,7.0815406,7.1887302,7.37337,7.1146975,7.181348,6.178348,7.7012563,7.5575557,6.9585576,7.1386557
gpcrs/ox2_hip_custcore/set 2: 5 adjust,7.986923380793302,data/fep/gpcrs/gpcrs_ox2_hip_custcore_set_2:_5_adjust.sdf,,data/fep/gpcrs/gpcrs_ox2_hip_custcore_protein.pdb,set 2: 5 adjust,-10.85299301147461,-8.510000228881836,0.0700000002980232,gpcrs/ox2_hip_custcore,gpcrs,463,gpcrs_ox2_hip_custcore_set_2:_5_adjust.sdf,gpcrs_ox2_hip_custcore_protein.pdb,6.771594,7.3652916,6.8628235,7.485687,6.535457,7.051642,6.181299,7.4869895,7.49829,6.1140947,6.935317
gpcrs/ox2_hip_custcore/set 2: 6,7.719966631568608,data/fep/gpcrs/gpcrs_ox2_hip_custcore_set_2:_6.sdf,,data/fep/gpcrs/gpcrs_ox2_hip_custcore_protein.pdb,set 2: 6,-10.490240097045898,-11.220000267028809,0.0700000002980232,gpcrs/ox2_hip_custcore,gpcrs,464,gpcrs_ox2_hip_custcore_set_2:_6.sdf,gpcrs_ox2_hip_custcore_protein.pdb,7.319276,6.7684493,7.3797417,6.9922,7.5811806,6.2093897,6.4460735,7.2785854,7.137612,6.853232,6.9965744
gpcrs/ox2_hip_custcore/set 2: 7,5.847051055718599,data/fep/gpcrs/gpcrs_ox2_hip_custcore_set_2:_7.sdf,,data/fep/gpcrs/gpcrs_ox2_hip_custcore_protein.pdb,set 2: 7,-7.945237636566162,-7.21999979019165,0.0700000002980232,gpcrs/ox2_hip_custcore,gpcrs,465,gpcrs_ox2_hip_custcore_set_2:_7.sdf,gpcrs_ox2_hip_custcore_protein.pdb,5.84733,7.33639,6.916265,7.222227,5.9167824,6.910322,6.2138324,7.388453,7.103691,5.972193,6.6827483
gpcrs/ox2_hip_custcore/set 2: 8,8.063125652664064,data/fep/gpcrs/gpcrs_ox2_hip_custcore_set_2:_8.sdf,,data/fep/gpcrs/gpcrs_ox2_hip_custcore_protein.pdb,set 2: 8,-10.95654010772705,-10.4399995803833,0.0700000002980232,gpcrs/ox2_hip_custcore,gpcrs,466,gpcrs_ox2_hip_custcore_set_2:_8.sdf,gpcrs_ox2_hip_custcore_protein.pdb,6.7490044,7.453387,7.6543903,7.074217,6.952886,6.8348036,6.271991,7.5773597,7.541894,6.1419287,7.025186
gpcrs/ox2_hip_custcore/set 2: 9,7.367069058804945,data/fep/gpcrs/gpcrs_ox2_hip_custcore_set_2:_9.sdf,,data/fep/gpcrs/gpcrs_ox2_hip_custcore_protein.pdb,set 2: 9,-10.010706901550291,-10.109999656677246,0.0700000002980232,gpcrs/ox2_hip_custcore,gpcrs,467,gpcrs_ox2_hip_custcore_set_2:_9.sdf,gpcrs_ox2_hip_custcore_protein.pdb,6.9311085,6.902993,7.4114256,7.748184,6.7990046,7.1580887,6.290368,7.5021152,7.603133,6.0933604,7.043978
gpcrs/ox2_hip_custcore/set 2: 10,5.042866780876943,data/fep/gpcrs/gpcrs_ox2_hip_custcore_set_2:_10.sdf,,data/fep/gpcrs/gpcrs_ox2_hip_custcore_protein.pdb,set 2: 10,-6.852475643157959,-7.75,0.0599999986588954,gpcrs/ox2_hip_custcore,gpcrs,468,gpcrs_ox2_hip_custcore_set_2:_10.sdf,gpcrs_ox2_hip_custcore_protein.pdb,6.8891625,6.8997335,7.322762,7.6588306,7.0604362,6.926495,6.5546703,6.8852324,7.531981,6.328316,7.0057616
gpcrs/ox2_hip_custcore/set 2: 11,6.970700320696182,data/fep/gpcrs/gpcrs_ox2_hip_custcore_set_2:_11.sdf,,data/fep/gpcrs/gpcrs_ox2_hip_custcore_protein.pdb,set 2: 11,-9.472103118896484,-9.279999732971191,0.0700000002980232,gpcrs/ox2_hip_custcore,gpcrs,469,gpcrs_ox2_hip_custcore_set_2:_11.sdf,gpcrs_ox2_hip_custcore_protein.pdb,6.3853874,6.9532723,7.41531,7.0859385,6.325604,6.5661926,6.5989337,7.3368464,7.012739,5.4595304,6.7139754
gpcrs/ox2_hip_custcore/set 2: 12,7.352511762847762,data/fep/gpcrs/gpcrs_ox2_hip_custcore_set_2:_12.sdf,,data/fep/gpcrs/gpcrs_ox2_hip_custcore_protein.pdb,set 2: 12,-9.990925788879396,-10.260000228881836,0.0700000002980232,gpcrs/ox2_hip_custcore,gpcrs,470,gpcrs_ox2_hip_custcore_set_2:_12.sdf,gpcrs_ox2_hip_custcore_protein.pdb,6.6357865,6.9653125,7.405199,7.325337,6.4680705,7.179458,5.9198384,7.464331,7.3696384,6.1685066,6.890147
gpcrs/ox2_hip_custcore/set 2: 13,7.959213846564124,data/fep/gpcrs/gpcrs_ox2_hip_custcore_set_2:_13.sdf,,data/fep/gpcrs/gpcrs_ox2_hip_custcore_protein.pdb,set 2: 13,-10.815340042114258,-10.31999969482422,0.0599999986588954,gpcrs/ox2_hip_custcore,gpcrs,471,gpcrs_ox2_hip_custcore_set_2:_13.sdf,gpcrs_ox2_hip_custcore_protein.pdb,6.993838,7.4301667,7.5926056,7.194803,6.33484,6.8831367,6.147753,7.613945,7.2397556,5.812625,6.924346
gpcrs/ox2_hip_custcore/set 2: 14,7.91373405230043,data/fep/gpcrs/gpcrs_ox2_hip_custcore_set_2:_14.sdf,,data/fep/gpcrs/gpcrs_ox2_hip_custcore_protein.pdb,set 2: 14,-10.7535400390625,-9.43000030517578,0.0599999986588954,gpcrs/ox2_hip_custcore,gpcrs,472,gpcrs_ox2_hip_custcore_set_2:_14.sdf,gpcrs_ox2_hip_custcore_protein.pdb,6.1769905,7.15562,7.00351,6.7189546,6.3307467,6.460916,6.494022,7.311702,6.9955225,6.029418,6.66774
gpcrs/ox2_hip_custcore/set 2: 15,7.095092842764815,data/fep/gpcrs/gpcrs_ox2_hip_custcore_set_2:_15.sdf,,data/fep/gpcrs/gpcrs_ox2_hip_custcore_protein.pdb,set 2: 15,-9.641133308410645,-8.279999732971191,0.0700000002980232,gpcrs/ox2_hip_custcore,gpcrs,473,gpcrs_ox2_hip_custcore_set_2:_15.sdf,gpcrs_ox2_hip_custcore_protein.pdb,5.3909435,7.204767,6.680739,7.114537,6.7294965,7.681487,5.2818236,7.7668705,6.5898046,6.41872,6.6859183
gpcrs/ox2_hip_custcore/set 2: 16,7.11968977417989,data/fep/gpcrs/gpcrs_ox2_hip_custcore_set_2:_16.sdf,,data/fep/gpcrs/gpcrs_ox2_hip_custcore_protein.pdb,set 2: 16,-9.674556732177734,-7.679999828338623,0.0700000002980232,gpcrs/ox2_hip_custcore,gpcrs,474,gpcrs_ox2_hip_custcore_set_2:_16.sdf,gpcrs_ox2_hip_custcore_protein.pdb,6.507366,7.964081,6.798443,6.869242,6.0722246,6.479221,5.462289,7.5930867,7.668027,6.1123524,6.752633
gpcrs/ox2_hip_custcore/set 2: 17,7.347893741085234,data/fep/gpcrs/gpcrs_ox2_hip_custcore_set_2:_17.sdf,,data/fep/gpcrs/gpcrs_ox2_hip_custcore_protein.pdb,set 2: 17,-9.98465061187744,-10.09000015258789,0.0700000002980232,gpcrs/ox2_hip_custcore,gpcrs,475,gpcrs_ox2_hip_custcore_set_2:_17.sdf,gpcrs_ox2_hip_custcore_protein.pdb,6.708263,6.1735616,6.981435,8.005187,6.980621,7.061225,6.5318646,7.0673966,6.419089,6.4097295,6.833838
gpcrs/ox2_hip_custcore/set 2: 18,6.923613342566807,data/fep/gpcrs/gpcrs_ox2_hip_custcore_set_2:_18.sdf,,data/fep/gpcrs/gpcrs_ox2_hip_custcore_protein.pdb,set 2: 18,-9.408119201660156,-8.489999771118164,0.0700000002980232,gpcrs/ox2_hip_custcore,gpcrs,476,gpcrs_ox2_hip_custcore_set_2:_18.sdf,gpcrs_ox2_hip_custcore_protein.pdb,6.462583,6.9734616,6.8633986,7.247885,6.586314,6.0163307,5.913445,6.7237043,7.0903316,6.5231357,6.640059
gpcrs/ox2_hip_custcore/set 2: 19,6.640593176609491,data/fep/gpcrs/gpcrs_ox2_hip_custcore_set_2:_19.sdf,,data/fep/gpcrs/gpcrs_ox2_hip_custcore_protein.pdb,set 2: 19,-9.02353858947754,-8.039999961853027,0.0599999986588954,gpcrs/ox2_hip_custcore,gpcrs,477,gpcrs_ox2_hip_custcore_set_2:_19.sdf,gpcrs_ox2_hip_custcore_protein.pdb,6.4943876,7.0150948,7.4295464,6.9878707,6.3164816,6.7064466,6.0939493,7.4599085,6.7986255,5.673133,6.697544
gpcrs/ox2_hip_custcore/set 2: 20,8.128283272790627,data/fep/gpcrs/gpcrs_ox2_hip_custcore_set_2:_20.sdf,,data/fep/gpcrs/gpcrs_ox2_hip_custcore_protein.pdb,set 2: 20,-11.045079231262209,-10.65999984741211,0.0700000002980232,gpcrs/ox2_hip_custcore,gpcrs,478,gpcrs_ox2_hip_custcore_set_2:_20.sdf,gpcrs_ox2_hip_custcore_protein.pdb,7.4406457,7.165802,7.771392,7.2117248,6.51825,7.297044,6.3357434,7.4728303,7.0780253,6.160865,7.0452323
gpcrs/ox2_hip_custcore/set 2: 21,7.775486763117207,data/fep/gpcrs/gpcrs_ox2_hip_custcore_set_2:_21.sdf,,data/fep/gpcrs/gpcrs_ox2_hip_custcore_protein.pdb,set 2: 21,-10.565683364868164,-10.210000038146973,0.0700000002980232,gpcrs/ox2_hip_custcore,gpcrs,479,gpcrs_ox2_hip_custcore_set_2:_21.sdf,gpcrs_ox2_hip_custcore_protein.pdb,6.848252,7.4074793,6.824184,7.068146,6.4078245,6.9215884,6.1293645,7.5187316,7.5286393,6.2314057,6.8885612
gpcrs/ox2_hip_custcore/set 2: 22,6.278258135967307,data/fep/gpcrs/gpcrs_ox2_hip_custcore_set_2:_22.sdf,,data/fep/gpcrs/gpcrs_ox2_hip_custcore_protein.pdb,set 2: 22,-8.531181335449219,-9.3100004196167,0.0700000002980232,gpcrs/ox2_hip_custcore,gpcrs,480,gpcrs_ox2_hip_custcore_set_2:_22.sdf,gpcrs_ox2_hip_custcore_protein.pdb,6.235639,7.242672,6.752643,7.266009,6.5881243,7.5884085,5.733982,7.714988,7.4953585,6.0084934,6.862632
gpcrs/ox2_hip_custcore/set 2: 23,7.744664626073927,data/fep/gpcrs/gpcrs_ox2_hip_custcore_set_2:_23.sdf,,data/fep/gpcrs/gpcrs_ox2_hip_custcore_protein.pdb,set 2: 23,-10.52380084991455,-9.9399995803833,0.0700000002980232,gpcrs/ox2_hip_custcore,gpcrs,481,gpcrs_ox2_hip_custcore_set_2:_23.sdf,gpcrs_ox2_hip_custcore_protein.pdb,6.34567,7.096657,7.001489,6.851342,6.438056,6.238762,5.936972,7.1296344,7.2050214,5.9382205,6.618182
gpcrs/ox2_hip_custcore/set 2: 24,7.016983005065703,data/fep/gpcrs/gpcrs_ox2_hip_custcore_set_2:_24.sdf,,data/fep/gpcrs/gpcrs_ox2_hip_custcore_protein.pdb,set 2: 24,-9.534994125366213,-8.729999542236328,0.0700000002980232,gpcrs/ox2_hip_custcore,gpcrs,482,gpcrs_ox2_hip_custcore_set_2:_24.sdf,gpcrs_ox2_hip_custcore_protein.pdb,6.2098837,7.146858,6.9727354,6.9413304,6.0738997,6.364099,6.7913218,6.909537,7.546791,6.5122776,6.7468734
gpcrs/p2y1_meta_sub/16,8.254531425488453,data/fep/gpcrs/gpcrs_p2y1_meta_sub_16.sdf,,data/fep/gpcrs/gpcrs_p2y1_meta_sub_protein.pdb,16,-11.216630935668944,-12.25,0.0900000035762786,gpcrs/p2y1_meta_sub,gpcrs,483,gpcrs_p2y1_meta_sub_16.sdf,gpcrs_p2y1_meta_sub_protein.pdb,5.8491397,6.507534,7.038066,7.0954022,6.706535,6.875287,6.178235,6.7359867,6.503588,5.641404,6.513118
gpcrs/p2y1_meta_sub/11a,5.721624040629,data/fep/gpcrs/gpcrs_p2y1_meta_sub_11a.sdf,,data/fep/gpcrs/gpcrs_p2y1_meta_sub_protein.pdb,11a,-7.774801731109619,-7.059999942779541,0.0799999982118606,gpcrs/p2y1_meta_sub,gpcrs,484,gpcrs_p2y1_meta_sub_11a.sdf,gpcrs_p2y1_meta_sub_protein.pdb,6.4254804,5.4182405,6.177429,6.9119368,6.470158,6.724775,5.3898215,6.3081985,5.8677907,5.5583353,6.125216
gpcrs/p2y1_meta_sub/6e,6.920189830384803,data/fep/gpcrs/gpcrs_p2y1_meta_sub_6e.sdf,,data/fep/gpcrs/gpcrs_p2y1_meta_sub_protein.pdb,6e,-9.403467178344728,-10.1899995803833,0.0900000035762786,gpcrs/p2y1_meta_sub,gpcrs,485,gpcrs_p2y1_meta_sub_6e.sdf,gpcrs_p2y1_meta_sub_protein.pdb,5.7282114,5.60238,4.960604,6.381178,6.4915423,6.2061014,4.5720487,5.7597504,5.9489517,5.804539,5.7455306
gpcrs/p2y1_meta_sub/11c,7.511225731459361,data/fep/gpcrs/gpcrs_p2y1_meta_sub_11c.sdf,,data/fep/gpcrs/gpcrs_p2y1_meta_sub_protein.pdb,11c,-10.20659351348877,-9.239999771118164,0.1099999994039535,gpcrs/p2y1_meta_sub,gpcrs,486,gpcrs_p2y1_meta_sub_11c.sdf,gpcrs_p2y1_meta_sub_protein.pdb,6.2691,6.306828,7.2195783,7.3960557,6.886841,6.397913,5.684117,7.0943303,6.0321546,6.3398137,6.5626726
gpcrs/p2y1_meta_sub/6b,7.357031528828103,data/fep/gpcrs/gpcrs_p2y1_meta_sub_6b.sdf,,data/fep/gpcrs/gpcrs_p2y1_meta_sub_protein.pdb,6b,-9.99706745147705,-8.210000038146973,0.0900000035762786,gpcrs/p2y1_meta_sub,gpcrs,487,gpcrs_p2y1_meta_sub_6b.sdf,gpcrs_p2y1_meta_sub_protein.pdb,6.454179,5.977996,5.2416153,6.4828215,6.54936,6.0957026,5.6448402,6.561314,6.1045938,5.818912,6.0931334
gpcrs/p2y1_meta_sub/1,7.153260967643204,data/fep/gpcrs/gpcrs_p2y1_meta_sub_1.sdf,,data/fep/gpcrs/gpcrs_p2y1_meta_sub_protein.pdb,1,-9.720174789428713,-8.859999656677246,0.0900000035762786,gpcrs/p2y1_meta_sub,gpcrs,488,gpcrs_p2y1_meta_sub_1.sdf,gpcrs_p2y1_meta_sub_protein.pdb,6.7125387,6.8821597,5.6948423,6.29639,6.7510295,6.1231885,5.5954843,6.5650477,6.5122013,6.152841,6.3285723
gpcrs/p2y1_meta_sub/6a,6.793903779028131,data/fep/gpcrs/gpcrs_p2y1_meta_sub_6a.sdf,,data/fep/gpcrs/gpcrs_p2y1_meta_sub_protein.pdb,6a,-9.231863975524902,-8.25,0.0900000035762786,gpcrs/p2y1_meta_sub,gpcrs,489,gpcrs_p2y1_meta_sub_6a.sdf,gpcrs_p2y1_meta_sub_protein.pdb,5.619205,5.5718303,5.1816483,6.412054,6.2501807,6.1556115,5.823368,6.447424,5.606103,5.681068,5.87485
gpcrs/p2y1_meta_sub/6f,6.865816484179661,data/fep/gpcrs/gpcrs_p2y1_meta_sub_6f.sdf,,data/fep/gpcrs/gpcrs_p2y1_meta_sub_protein.pdb,6f,-9.329582214355469,-9.0,0.0900000035762786,gpcrs/p2y1_meta_sub,gpcrs,490,gpcrs_p2y1_meta_sub_6f.sdf,gpcrs_p2y1_meta_sub_protein.pdb,5.9042993,6.3936615,5.4130774,6.4123197,6.1278267,6.290291,5.5336847,6.797888,5.944795,6.206866,6.102471
gpcrs/p2y1_meta_sub/6h,7.3478516314643,data/fep/gpcrs/gpcrs_p2y1_meta_sub_6h.sdf,,data/fep/gpcrs/gpcrs_p2y1_meta_sub_protein.pdb,6h,-9.984593391418455,-9.1899995803833,0.0900000035762786,gpcrs/p2y1_meta_sub,gpcrs,491,gpcrs_p2y1_meta_sub_6h.sdf,gpcrs_p2y1_meta_sub_protein.pdb,5.9188023,5.632219,6.1642585,6.866904,6.201755,6.4664655,6.118128,6.881252,5.9639688,5.8511796,6.2064934
gpcrs/p2y1_meta_sub/6d,6.24152380814477,data/fep/gpcrs/gpcrs_p2y1_meta_sub_6d.sdf,,data/fep/gpcrs/gpcrs_p2y1_meta_sub_protein.pdb,6d,-8.4812650680542,-9.119999885559082,0.0900000035762786,gpcrs/p2y1_meta_sub,gpcrs,492,gpcrs_p2y1_meta_sub_6d.sdf,gpcrs_p2y1_meta_sub_protein.pdb,6.361047,6.3617477,5.418223,6.4866753,6.4237723,6.234266,5.5439315,6.8071356,6.031722,6.120063,6.1788588
gpcrs/p2y1_meta_sub/6i,7.538486096398566,data/fep/gpcrs/gpcrs_p2y1_meta_sub_6i.sdf,,data/fep/gpcrs/gpcrs_p2y1_meta_sub_protein.pdb,6i,-10.24363613128662,-10.539999961853027,0.0900000035762786,gpcrs/p2y1_meta_sub,gpcrs,493,gpcrs_p2y1_meta_sub_6i.sdf,gpcrs_p2y1_meta_sub_protein.pdb,6.3065553,6.347595,6.6076956,7.459029,7.1845174,6.7958484,6.795136,7.1556277,6.215895,6.423201,6.72911
gpcrs/p2y1_meta_sub/6g,7.189617010704342,data/fep/gpcrs/gpcrs_p2y1_meta_sub_6g.sdf,,data/fep/gpcrs/gpcrs_p2y1_meta_sub_protein.pdb,6g,-9.769577026367188,-9.84000015258789,0.0900000035762786,gpcrs/p2y1_meta_sub,gpcrs,494,gpcrs_p2y1_meta_sub_6g.sdf,gpcrs_p2y1_meta_sub_protein.pdb,5.6987004,5.6418314,5.1959553,6.2888684,6.152476,6.322214,5.040594,5.878159,5.9563456,5.945245,5.8120384
gpcrs/p2y1_meta_sub/6n,6.268182005504607,data/fep/gpcrs/gpcrs_p2y1_meta_sub_6n.sdf,,data/fep/gpcrs/gpcrs_p2y1_meta_sub_protein.pdb,6n,-8.517489433288574,-7.769999980926514,0.0900000035762786,gpcrs/p2y1_meta_sub,gpcrs,495,gpcrs_p2y1_meta_sub_6n.sdf,gpcrs_p2y1_meta_sub_protein.pdb,6.0326233,6.436069,6.1106176,6.6458483,6.1541095,5.9284854,5.7984915,6.317914,6.3564687,6.633867,6.2414494
gpcrs/p2y1_meta_sub/6m,6.320876581488477,data/fep/gpcrs/gpcrs_p2y1_meta_sub_6m.sdf,,data/fep/gpcrs/gpcrs_p2y1_meta_sub_protein.pdb,6m,-8.589093208312988,-8.0600004196167,0.0900000035762786,gpcrs/p2y1_meta_sub,gpcrs,496,gpcrs_p2y1_meta_sub_6m.sdf,gpcrs_p2y1_meta_sub_protein.pdb,5.8745723,6.0413294,6.5225134,7.247976,6.5560675,6.0016365,5.2869663,6.868125,5.973433,6.283577,6.2656198
gpcrs/p2y1_meta_sub/6p,7.103847432957175,data/fep/gpcrs/gpcrs_p2y1_meta_sub_6p.sdf,,data/fep/gpcrs/gpcrs_p2y1_meta_sub_protein.pdb,6p,-9.653029441833496,-10.989999771118164,0.0900000035762786,gpcrs/p2y1_meta_sub,gpcrs,497,gpcrs_p2y1_meta_sub_6p.sdf,gpcrs_p2y1_meta_sub_protein.pdb,5.8289294,6.1730165,5.3300233,6.222595,6.327866,5.8618784,5.8715653,5.8122473,6.5385623,6.2903457,6.025703
gpcrs/p2y1_meta_sub/6k,7.582865425901831,data/fep/gpcrs/gpcrs_p2y1_meta_sub_6k.sdf,,data/fep/gpcrs/gpcrs_p2y1_meta_sub_protein.pdb,6k,-10.303940773010254,-10.850000381469728,0.0900000035762786,gpcrs/p2y1_meta_sub,gpcrs,498,gpcrs_p2y1_meta_sub_6k.sdf,gpcrs_p2y1_meta_sub_protein.pdb,6.487408,6.773401,6.123162,7.0360208,5.980792,6.600707,5.9505997,6.897448,6.818971,5.774644,6.4443154
gpcrs/p2y1_meta_sub/6o,6.215724647052004,data/fep/gpcrs/gpcrs_p2y1_meta_sub_6o.sdf,,data/fep/gpcrs/gpcrs_p2y1_meta_sub_protein.pdb,6o,-8.446208000183105,-9.399999618530272,0.0900000035762786,gpcrs/p2y1_meta_sub,gpcrs,499,gpcrs_p2y1_meta_sub_6o.sdf,gpcrs_p2y1_meta_sub_protein.pdb,6.4366083,6.712614,6.3730392,6.30149,7.165598,6.140242,6.5492706,6.5554767,6.023852,6.7483287,6.5006523
gpcrs/p2y1_meta_sub/6q,6.799033432685015,data/fep/gpcrs/gpcrs_p2y1_meta_sub_6q.sdf,,data/fep/gpcrs/gpcrs_p2y1_meta_sub_protein.pdb,6q,-9.238834381103516,-10.609999656677246,0.0900000035762786,gpcrs/p2y1_meta_sub,gpcrs,500,gpcrs_p2y1_meta_sub_6q.sdf,gpcrs_p2y1_meta_sub_protein.pdb,5.6628914,6.651529,5.2987776,6.565362,6.339462,5.8849883,5.8520756,5.884921,6.5676417,6.2639174,6.097156
gpcrs/p2y1_meta_sub/6l,7.708300862915617,data/fep/gpcrs/gpcrs_p2y1_meta_sub_6l.sdf,,data/fep/gpcrs/gpcrs_p2y1_meta_sub_protein.pdb,6l,-10.474388122558594,-8.550000190734863,0.0900000035762786,gpcrs/p2y1_meta_sub,gpcrs,501,gpcrs_p2y1_meta_sub_6l.sdf,gpcrs_p2y1_meta_sub_protein.pdb,6.3734975,5.883298,6.3459706,6.434807,6.8363447,6.3673882,6.180344,6.565402,6.1727276,6.3410277,6.350081
gpcrs/p2y1_meta_sub/6j,6.530311588516134,data/fep/gpcrs/gpcrs_p2y1_meta_sub_6j.sdf,,data/fep/gpcrs/gpcrs_p2y1_meta_sub_protein.pdb,6j,-8.873682975769043,-10.609999656677246,0.0900000035762786,gpcrs/p2y1_meta_sub,gpcrs,502,gpcrs_p2y1_meta_sub_6j.sdf,gpcrs_p2y1_meta_sub_protein.pdb,5.899662,6.0604634,5.807712,6.161111,6.608446,5.8105264,5.09587,6.585344,5.7240047,6.645418,6.039855
gpcrs/p2y1_ortho_sub/16,8.254531425488453,data/fep/gpcrs/gpcrs_p2y1_ortho_sub_16.sdf,,data/fep/gpcrs/gpcrs_p2y1_ortho_sub_protein.pdb,16,-11.216630935668944,-12.25,0.0900000035762786,gpcrs/p2y1_ortho_sub,gpcrs,503,gpcrs_p2y1_ortho_sub_16.sdf,gpcrs_p2y1_ortho_sub_protein.pdb,6.224942,5.8551598,6.520113,6.792792,6.6438823,7.0375795,6.1099052,6.496164,6.806333,6.3815837,6.4868445
gpcrs/p2y1_ortho_sub/11b,7.7755134325438,data/fep/gpcrs/gpcrs_p2y1_ortho_sub_11b.sdf,,data/fep/gpcrs/gpcrs_p2y1_ortho_sub_protein.pdb,11b,-10.565719604492188,-10.329999923706056,0.0900000035762786,gpcrs/p2y1_ortho_sub,gpcrs,504,gpcrs_p2y1_ortho_sub_11b.sdf,gpcrs_p2y1_ortho_sub_protein.pdb,6.569125,5.9229326,6.901844,7.239942,7.311977,7.086742,5.599556,7.553187,6.2885175,6.2018657,6.667569
gpcrs/p2y1_ortho_sub/17,8.129095988474667,data/fep/gpcrs/gpcrs_p2y1_ortho_sub_17.sdf,,data/fep/gpcrs/gpcrs_p2y1_ortho_sub_protein.pdb,17,-11.046183586120604,-12.199999809265137,0.0900000035762786,gpcrs/p2y1_ortho_sub,gpcrs,505,gpcrs_p2y1_ortho_sub_17.sdf,gpcrs_p2y1_ortho_sub_protein.pdb,6.2908,5.8401165,7.164323,6.795103,6.1845756,7.4866514,6.5765834,6.976398,5.812913,6.4336524,6.556112
gpcrs/p2y1_ortho_sub/14,6.783821332122291,data/fep/gpcrs/gpcrs_p2y1_ortho_sub_14.sdf,,data/fep/gpcrs/gpcrs_p2y1_ortho_sub_protein.pdb,14,-9.21816349029541,-9.65999984741211,0.0900000035762786,gpcrs/p2y1_ortho_sub,gpcrs,506,gpcrs_p2y1_ortho_sub_14.sdf,gpcrs_p2y1_ortho_sub_protein.pdb,5.714434,4.7151575,7.007406,6.2530417,6.3070784,5.428187,5.311813,6.23786,5.773916,6.3292403,5.9078135
gpcrs/p2y1_ortho_sub/11e,7.14178609593845,data/fep/gpcrs/gpcrs_p2y1_ortho_sub_11e.sdf,,data/fep/gpcrs/gpcrs_p2y1_ortho_sub_protein.pdb,11e,-9.704582214355469,-8.4399995803833,0.0900000035762786,gpcrs/p2y1_ortho_sub,gpcrs,507,gpcrs_p2y1_ortho_sub_11e.sdf,gpcrs_p2y1_ortho_sub_protein.pdb,6.3842278,5.507796,6.985694,6.323796,6.7594514,6.7731266,5.584503,7.2239966,5.283264,5.8877187,6.271357
gpcrs/p2y1_ortho_sub/11d,7.582865425901831,data/fep/gpcrs/gpcrs_p2y1_ortho_sub_11d.sdf,,data/fep/gpcrs/gpcrs_p2y1_ortho_sub_protein.pdb,11d,-10.303940773010254,-9.5600004196167,0.0900000035762786,gpcrs/p2y1_ortho_sub,gpcrs,508,gpcrs_p2y1_ortho_sub_11d.sdf,gpcrs_p2y1_ortho_sub_protein.pdb,6.595928,5.547089,6.897159,6.872631,6.9082217,6.796416,5.6199703,7.446442,5.613841,5.9862466,6.4283953
gpcrs/p2y1_ortho_sub/11f,6.79136105975068,data/fep/gpcrs/gpcrs_p2y1_ortho_sub_11f.sdf,,data/fep/gpcrs/gpcrs_p2y1_ortho_sub_protein.pdb,11f,-9.228408813476562,-8.380000114440918,0.0900000035762786,gpcrs/p2y1_ortho_sub,gpcrs,509,gpcrs_p2y1_ortho_sub_11f.sdf,gpcrs_p2y1_ortho_sub_protein.pdb,6.3328395,6.192577,7.181039,5.6376653,5.9375486,6.4347277,5.807164,5.943743,6.237761,5.58173,6.1286798
gpcrs/p2y1_ortho_sub/18,8.187318855860273,data/fep/gpcrs/gpcrs_p2y1_ortho_sub_18.sdf,,data/fep/gpcrs/gpcrs_p2y1_ortho_sub_protein.pdb,18,-11.125299453735352,-11.489999771118164,0.0900000035762786,gpcrs/p2y1_ortho_sub,gpcrs,510,gpcrs_p2y1_ortho_sub_18.sdf,gpcrs_p2y1_ortho_sub_protein.pdb,6.136982,5.7658014,7.372165,7.0566688,6.4970236,6.8175483,6.4595084,7.0761905,6.0953407,6.514365,6.579159
gpcrs/p2y1_ortho_sub/12,8.187318855860273,data/fep/gpcrs/gpcrs_p2y1_ortho_sub_12.sdf,,data/fep/gpcrs/gpcrs_p2y1_ortho_sub_protein.pdb,12,-11.125299453735352,-10.90999984741211,0.0900000035762786,gpcrs/p2y1_ortho_sub,gpcrs,511,gpcrs_p2y1_ortho_sub_12.sdf,gpcrs_p2y1_ortho_sub_protein.pdb,6.194378,5.919479,7.0832314,6.2215743,7.0120564,7.4829826,5.8913946,7.071048,6.0835624,6.8324666,6.5792174
gpcrs/p2y1_ortho_sub/11a,5.721624040629,data/fep/gpcrs/gpcrs_p2y1_ortho_sub_11a.sdf,,data/fep/gpcrs/gpcrs_p2y1_ortho_sub_protein.pdb,11a,-7.774801731109619,-7.059999942779541,0.0799999982118606,gpcrs/p2y1_ortho_sub,gpcrs,512,gpcrs_p2y1_ortho_sub_11a.sdf,gpcrs_p2y1_ortho_sub_protein.pdb,5.8307195,5.166312,6.0423546,6.3384523,6.4782166,6.5517573,5.41055,6.3235106,5.8019724,5.1126437,5.905648
gpcrs/p2y1_ortho_sub/19,7.826869624408958,data/fep/gpcrs/gpcrs_p2y1_ortho_sub_19.sdf,,data/fep/gpcrs/gpcrs_p2y1_ortho_sub_protein.pdb,19,-10.635504722595217,-11.449999809265137,0.0900000035762786,gpcrs/p2y1_ortho_sub,gpcrs,513,gpcrs_p2y1_ortho_sub_19.sdf,gpcrs_p2y1_ortho_sub_protein.pdb,6.4934573,5.9083543,6.709378,6.2172155,6.510291,6.7861342,5.8818407,6.1855307,6.051581,6.2109485,6.295473
gpcrs/p2y1_ortho_sub/13,7.729574643411915,data/fep/gpcrs/gpcrs_p2y1_ortho_sub_13.sdf,,data/fep/gpcrs/gpcrs_p2y1_ortho_sub_protein.pdb,13,-10.5032958984375,-11.890000343322754,0.0900000035762786,gpcrs/p2y1_ortho_sub,gpcrs,514,gpcrs_p2y1_ortho_sub_13.sdf,gpcrs_p2y1_ortho_sub_protein.pdb,5.8898067,5.2368436,5.806933,6.375379,5.8701115,5.647539,5.19061,6.202588,5.980619,6.046329,5.8246756
janssen_bace/bace_keranen_p2/29,7.351830288815631,data/fep/janssen_bace/janssen_bace_bace_keranen_p2_29.sdf,,data/fep/janssen_bace/janssen_bace_bace_keranen_p2_protein.pdb,29,-9.989999771118164,-9.979999542236328,0.1299999952316284,janssen_bace/bace_keranen_p2,janssen_bace,515,janssen_bace_bace_keranen_p2_29.sdf,janssen_bace_bace_keranen_p2_protein.pdb,6.9152064,6.4464493,6.901351,6.784487,6.4834037,5.970533,6.421172,6.585757,6.6408777,6.747066,6.58963
janssen_bace/bace_keranen_p2/30,7.624120221531727,data/fep/janssen_bace/janssen_bace_bace_keranen_p2_30.sdf,,data/fep/janssen_bace/janssen_bace_bace_keranen_p2_protein.pdb,30,-10.359999656677246,-10.0600004196167,0.1299999952316284,janssen_bace/bace_keranen_p2,janssen_bace,516,janssen_bace_bace_keranen_p2_30.sdf,janssen_bace_bace_keranen_p2_protein.pdb,7.5539436,6.3885117,7.015925,6.547569,6.2854624,6.2605076,6.3006654,6.288327,6.5103827,6.9440455,6.609534
janssen_bace/bace_keranen_p2/31,7.624120221531727,data/fep/janssen_bace/janssen_bace_bace_keranen_p2_31.sdf,,data/fep/janssen_bace/janssen_bace_bace_keranen_p2_protein.pdb,31,-10.359999656677246,-9.93000030517578,0.1299999952316284,janssen_bace/bace_keranen_p2,janssen_bace,517,janssen_bace_bace_keranen_p2_31.sdf,janssen_bace_bace_keranen_p2_protein.pdb,7.253946,6.3818116,7.0252233,6.427212,6.349986,6.601579,6.0796494,6.4647284,6.3806124,7.402085,6.6366835
janssen_bace/bace_keranen_p2/32,7.624120221531727,data/fep/janssen_bace/janssen_bace_bace_keranen_p2_32.sdf,,data/fep/janssen_bace/janssen_bace_bace_keranen_p2_protein.pdb,32,-10.359999656677246,-9.8100004196167,0.1299999952316284,janssen_bace/bace_keranen_p2,janssen_bace,518,janssen_bace_bace_keranen_p2_32.sdf,janssen_bace_bace_keranen_p2_protein.pdb,7.35883,6.3969707,6.952304,6.654141,6.8179345,6.4261284,6.775862,6.314153,6.5086174,6.7484107,6.6953354
janssen_bace/bace_keranen_p2/33,7.5358100299881565,data/fep/janssen_bace/janssen_bace_bace_keranen_p2_33.sdf,,data/fep/janssen_bace/janssen_bace_bace_keranen_p2_protein.pdb,33,-10.239999771118164,-10.220000267028809,0.1299999952316284,janssen_bace/bace_keranen_p2,janssen_bace,519,janssen_bace_bace_keranen_p2_33.sdf,janssen_bace_bace_keranen_p2_protein.pdb,7.082273,6.369442,6.8635464,7.2433767,6.115933,6.428408,6.345127,6.7062855,6.5442805,7.111093,6.680977
janssen_bace/bace_keranen_p2/34,7.469577210873723,data/fep/janssen_bace/janssen_bace_bace_keranen_p2_34.sdf,,data/fep/janssen_bace/janssen_bace_bace_keranen_p2_protein.pdb,34,-10.149999618530272,-10.1899995803833,0.1299999952316284,janssen_bace/bace_keranen_p2,janssen_bace,520,janssen_bace_bace_keranen_p2_34.sdf,janssen_bace_bace_keranen_p2_protein.pdb,7.2146726,6.6335826,7.106551,6.1503663,6.818312,6.366699,6.7970023,6.2386837,6.9398403,6.6356387,6.6901345
janssen_bace/bace_keranen_p2/35,7.219365352413783,data/fep/janssen_bace/janssen_bace_bace_keranen_p2_35.sdf,,data/fep/janssen_bace/janssen_bace_bace_keranen_p2_protein.pdb,35,-9.8100004196167,-9.890000343322754,0.1299999952316284,janssen_bace/bace_keranen_p2,janssen_bace,521,janssen_bace_bace_keranen_p2_35.sdf,janssen_bace_bace_keranen_p2_protein.pdb,7.079123,7.2443013,7.217742,6.4054456,6.868802,6.6027613,6.7876387,5.9023957,6.319503,6.878621,6.7306337
janssen_bace/bace_keranen_p2/36 out,7.624120221531727,data/fep/janssen_bace/janssen_bace_bace_keranen_p2_36_out.sdf,,data/fep/janssen_bace/janssen_bace_bace_keranen_p2_protein.pdb,36 out,-10.359999656677246,-10.010000228881836,0.1299999952316284,janssen_bace/bace_keranen_p2,janssen_bace,522,janssen_bace_bace_keranen_p2_36_out.sdf,janssen_bace_bace_keranen_p2_protein.pdb,6.940865,7.041466,7.222514,7.32332,6.9929166,6.3103237,7.2206645,6.503728,6.8925705,6.833331,6.92817
janssen_bace/bace_keranen_p2/37 out,7.771304575931359,data/fep/janssen_bace/janssen_bace_bace_keranen_p2_37_out.sdf,,data/fep/janssen_bace/janssen_bace_bace_keranen_p2_protein.pdb,37 out,-10.5600004196167,-10.899999618530272,0.1299999952316284,janssen_bace/bace_keranen_p2,janssen_bace,523,janssen_bace_bace_keranen_p2_37_out.sdf,janssen_bace_bace_keranen_p2_protein.pdb,6.77913,6.514803,7.1366787,7.200419,7.291239,6.7358656,7.0161223,6.6645465,6.98072,7.4100904,6.9729614
janssen_bace/bace_keranen_p2/39 out,7.123695802784827,data/fep/janssen_bace/janssen_bace_bace_keranen_p2_39_out.sdf,,data/fep/janssen_bace/janssen_bace_bace_keranen_p2_protein.pdb,39 out,-9.68000030517578,-10.550000190734863,0.1299999952316284,janssen_bace/bace_keranen_p2,janssen_bace,524,janssen_bace_bace_keranen_p2_39_out.sdf,janssen_bace_bace_keranen_p2_protein.pdb,6.5227203,6.5664496,7.6849065,6.521884,6.609734,6.482108,6.808064,6.8061857,6.811747,6.6770906,6.7490892
janssen_bace/bace_keranen_p2/38 out,7.7197897711606815,data/fep/janssen_bace/janssen_bace_bace_keranen_p2_38_out.sdf,,data/fep/janssen_bace/janssen_bace_bace_keranen_p2_protein.pdb,38 out,-10.489999771118164,-11.010000228881836,0.1299999952316284,janssen_bace/bace_keranen_p2,janssen_bace,525,janssen_bace_bace_keranen_p2_38_out.sdf,janssen_bace_bace_keranen_p2_protein.pdb,7.608266,6.755668,6.649213,7.5578866,6.647727,6.7577467,7.852949,6.286923,6.8829713,7.341527,7.034087
janssen_bace/bace_keranen_p2/28 out,7.7197897711606815,data/fep/janssen_bace/janssen_bace_bace_keranen_p2_28_out.sdf,,data/fep/janssen_bace/janssen_bace_bace_keranen_p2_protein.pdb,28 out,-10.489999771118164,-10.239999771118164,0.1299999952316284,janssen_bace/bace_keranen_p2,janssen_bace,526,janssen_bace_bace_keranen_p2_28_out.sdf,janssen_bace_bace_keranen_p2_protein.pdb,6.9598675,6.7622566,7.193225,7.472812,6.5945406,6.962428,6.4409537,6.613138,6.852453,7.1968384,6.9048514
janssen_bace/bace_ciordia_retro/1a,4.477832868902652,data/fep/janssen_bace/janssen_bace_bace_ciordia_retro_1a.sdf,,data/fep/janssen_bace/janssen_bace_bace_ciordia_retro_protein.pdb,1a,-6.084681987762451,-6.610000133514404,0.0799999982118606,janssen_bace/bace_ciordia_retro,janssen_bace,527,janssen_bace_bace_ciordia_retro_1a.sdf,janssen_bace_bace_ciordia_retro_protein.pdb,5.108218,4.796736,4.3960977,4.7093368,4.8910127,4.5965595,5.0090036,4.696629,4.7853365,4.8883033,4.787723
janssen_bace/bace_ciordia_retro/11,6.404974407284529,data/fep/janssen_bace/janssen_bace_bace_ciordia_retro_11.sdf,,data/fep/janssen_bace/janssen_bace_bace_ciordia_retro_protein.pdb,11,-8.703369140625,-9.130000114440918,0.0799999982118606,janssen_bace/bace_ciordia_retro,janssen_bace,528,janssen_bace_bace_ciordia_retro_11.sdf,janssen_bace_bace_ciordia_retro_protein.pdb,6.2461953,5.923571,6.2217197,6.32159,6.0979867,5.6569123,6.367159,6.578652,6.60703,6.6192293,6.2640047
janssen_bace/bace_ciordia_retro/12,7.695465148627652,data/fep/janssen_bace/janssen_bace_bace_ciordia_retro_12.sdf,,data/fep/janssen_bace/janssen_bace_bace_ciordia_retro_protein.pdb,12,-10.45694637298584,-9.640000343322754,0.0799999982118606,janssen_bace/bace_ciordia_retro,janssen_bace,529,janssen_bace_bace_ciordia_retro_12.sdf,janssen_bace_bace_ciordia_retro_protein.pdb,7.439737,7.0799894,7.381208,7.1493998,7.162921,6.7536826,7.138954,7.2766466,7.3826327,7.7725973,7.2537766
janssen_bace/bace_ciordia_retro/13,7.096660022490608,data/fep/janssen_bace/janssen_bace_bace_ciordia_retro_13.sdf,,data/fep/janssen_bace/janssen_bace_bace_ciordia_retro_protein.pdb,13,-9.64326286315918,-9.619999885559082,0.0799999982118606,janssen_bace/bace_ciordia_retro,janssen_bace,530,janssen_bace_bace_ciordia_retro_13.sdf,janssen_bace_bace_ciordia_retro_protein.pdb,6.9015737,6.8687153,6.9869995,7.047566,7.1786127,6.9359593,6.8758516,6.9223924,6.9644117,6.7202682,6.940235
janssen_bace/bace_ciordia_retro/14,7.238675420920485,data/fep/janssen_bace/janssen_bace_bace_ciordia_retro_14.sdf,,data/fep/janssen_bace/janssen_bace_bace_ciordia_retro_protein.pdb,14,-9.8362398147583,-9.130000114440918,0.0799999982118606,janssen_bace/bace_ciordia_retro,janssen_bace,531,janssen_bace_bace_ciordia_retro_14.sdf,janssen_bace_bace_ciordia_retro_protein.pdb,6.7188954,6.871524,6.970428,6.304017,6.052616,6.314629,6.998263,7.3422637,6.800435,6.7945185,6.7167587
janssen_bace/bace_ciordia_retro/15,5.8265938509549295,data/fep/janssen_bace/janssen_bace_bace_ciordia_retro_15.sdf,,data/fep/janssen_bace/janssen_bace_bace_ciordia_retro_protein.pdb,15,-7.917439460754394,-9.109999656677246,0.0799999982118606,janssen_bace/bace_ciordia_retro,janssen_bace,532,janssen_bace_bace_ciordia_retro_15.sdf,janssen_bace_bace_ciordia_retro_protein.pdb,6.0990977,6.331257,6.2387333,6.494566,6.389605,6.1952753,5.9058943,6.384038,6.637858,6.193191,6.286952
janssen_bace/bace_ciordia_retro/16,5.193924869489076,data/fep/janssen_bace/janssen_bace_bace_ciordia_retro_16.sdf,,data/fep/janssen_bace/janssen_bace_bace_ciordia_retro_protein.pdb,16,-7.057740211486816,-9.119999885559082,0.0799999982118606,janssen_bace/bace_ciordia_retro,janssen_bace,533,janssen_bace_bace_ciordia_retro_16.sdf,janssen_bace_bace_ciordia_retro_protein.pdb,6.6179533,6.3303323,6.9241333,5.741231,6.7780166,6.084219,5.753996,5.205538,6.8377476,6.905876,6.317904
janssen_bace/bace_ciordia_retro/17,7.627853239427604,data/fep/janssen_bace/janssen_bace_bace_ciordia_retro_17.sdf,,data/fep/janssen_bace/janssen_bace_bace_ciordia_retro_protein.pdb,17,-10.365072250366213,-10.460000038146973,0.0799999982118606,janssen_bace/bace_ciordia_retro,janssen_bace,534,janssen_bace_bace_ciordia_retro_17.sdf,janssen_bace_bace_ciordia_retro_protein.pdb,7.5134916,7.582174,7.444342,7.5118437,7.448518,7.3266673,7.0282083,7.603802,6.977946,7.54823,7.3985224
janssen_bace/bace_ciordia_retro/18,7.28632315883531,data/fep/janssen_bace/janssen_bace_bace_ciordia_retro_18.sdf,,data/fep/janssen_bace/janssen_bace_bace_ciordia_retro_protein.pdb,18,-9.900985717773438,-8.970000267028809,0.0799999982118606,janssen_bace/bace_ciordia_retro,janssen_bace,535,janssen_bace_bace_ciordia_retro_18.sdf,janssen_bace_bace_ciordia_retro_protein.pdb,7.4563904,6.795242,7.012086,6.5095935,6.393593,6.854667,7.2168074,6.9447317,7.175609,6.9782887,6.9337015
janssen_bace/bace_ciordia_retro/19,7.293573031906265,data/fep/janssen_bace/janssen_bace_bace_ciordia_retro_19.sdf,,data/fep/janssen_bace/janssen_bace_bace_ciordia_retro_protein.pdb,19,-9.910837173461914,-9.039999961853027,0.0799999982118606,janssen_bace/bace_ciordia_retro,janssen_bace,536,janssen_bace_bace_ciordia_retro_19.sdf,janssen_bace_bace_ciordia_retro_protein.pdb,7.5987387,6.746436,6.956397,6.742404,6.2504816,6.8137364,7.2851315,7.1243553,7.3689504,7.024673,6.99113
janssen_bace/bace_ciordia_retro/20,7.482517497387011,data/fep/janssen_bace/janssen_bace_bace_ciordia_retro_20.sdf,,data/fep/janssen_bace/janssen_bace_bace_ciordia_retro_protein.pdb,20,-10.167583465576172,-10.039999961853027,0.0799999982118606,janssen_bace/bace_ciordia_retro,janssen_bace,537,janssen_bace_bace_ciordia_retro_20.sdf,janssen_bace_bace_ciordia_retro_protein.pdb,7.7360187,7.3957667,7.3390613,7.407051,7.5283756,7.481534,7.267429,7.453061,7.1340084,7.662184,7.4404488
janssen_bace/bace_ciordia_retro/21,7.517624990187431,data/fep/janssen_bace/janssen_bace_bace_ciordia_retro_21.sdf,,data/fep/janssen_bace/janssen_bace_bace_ciordia_retro_protein.pdb,21,-10.215289115905762,-9.649999618530272,0.0799999982118606,janssen_bace/bace_ciordia_retro,janssen_bace,538,janssen_bace_bace_ciordia_retro_21.sdf,janssen_bace_bace_ciordia_retro_protein.pdb,7.599816,7.4511757,7.442635,7.1503773,7.408425,7.1825027,7.3595824,7.5838375,7.3990407,7.580829,7.415822
janssen_bace/bace_ciordia_retro/22,5.598077921941159,data/fep/janssen_bace/janssen_bace_bace_ciordia_retro_22.sdf,,data/fep/janssen_bace/janssen_bace_bace_ciordia_retro_protein.pdb,22,-7.606921672821045,-8.829999923706055,0.0799999982118606,janssen_bace/bace_ciordia_retro,janssen_bace,539,janssen_bace_bace_ciordia_retro_22.sdf,janssen_bace_bace_ciordia_retro_protein.pdb,6.6640577,6.2078085,6.6566753,6.281717,6.671339,6.513621,6.403221,6.4932437,6.340861,6.391107,6.4623656
janssen_bace/bace_ciordia_retro/23,7.225961122706214,data/fep/janssen_bace/janssen_bace_bace_ciordia_retro_23.sdf,,data/fep/janssen_bace/janssen_bace_bace_ciordia_retro_protein.pdb,23,-9.818963050842283,-9.0600004196167,0.0799999982118606,janssen_bace/bace_ciordia_retro,janssen_bace,540,janssen_bace_bace_ciordia_retro_23.sdf,janssen_bace_bace_ciordia_retro_protein.pdb,6.4626546,6.430803,6.457283,5.9831195,5.9743924,6.347442,6.60385,7.399187,6.759678,6.4235168,6.484193
janssen_bace/bace_ciordia_retro/24,7.201588074109109,data/fep/janssen_bace/janssen_bace_bace_ciordia_retro_24.sdf,,data/fep/janssen_bace/janssen_bace_bace_ciordia_retro_protein.pdb,24,-9.785843849182127,-8.850000381469727,0.0799999982118606,janssen_bace/bace_ciordia_retro,janssen_bace,541,janssen_bace_bace_ciordia_retro_24.sdf,janssen_bace_bace_ciordia_retro_protein.pdb,7.9085083,7.359591,7.4287267,7.3948894,7.3882227,6.9490337,7.302005,7.285249,6.9996567,7.0507836,7.3066664
janssen_bace/bace_ciordia_retro/25,6.527633416624676,data/fep/janssen_bace/janssen_bace_bace_ciordia_retro_25.sdf,,data/fep/janssen_bace/janssen_bace_bace_ciordia_retro_protein.pdb,25,-8.870043754577637,-9.25,0.0799999982118606,janssen_bace/bace_ciordia_retro,janssen_bace,542,janssen_bace_bace_ciordia_retro_25.sdf,janssen_bace_bace_ciordia_retro_protein.pdb,6.5790806,6.9112945,6.9649415,6.264341,6.5338426,6.4247055,6.848209,6.6659465,6.518728,6.636341,6.6347427
janssen_bace/bace_ciordia_retro/26,7.627853239427604,data/fep/janssen_bace/janssen_bace_bace_ciordia_retro_26.sdf,,data/fep/janssen_bace/janssen_bace_bace_ciordia_retro_protein.pdb,26,-10.365072250366213,-9.31999969482422,0.0799999982118606,janssen_bace/bace_ciordia_retro,janssen_bace,543,janssen_bace_bace_ciordia_retro_26.sdf,janssen_bace_bace_ciordia_retro_protein.pdb,7.7276773,6.632728,7.1470547,6.846927,6.937679,6.9671764,7.141777,7.0102444,6.7096877,6.789094,6.991004
janssen_bace/bace_ciordia_retro/27,7.073929249109964,data/fep/janssen_bace/janssen_bace_bace_ciordia_retro_27.sdf,,data/fep/janssen_bace/janssen_bace_bace_ciordia_retro_protein.pdb,27,-9.612375259399414,-9.460000038146973,0.0799999982118606,janssen_bace/bace_ciordia_retro,janssen_bace,544,janssen_bace_bace_ciordia_retro_27.sdf,janssen_bace_bace_ciordia_retro_protein.pdb,7.5933695,6.723133,7.154065,6.6765685,6.9428067,6.566575,6.8995275,7.166592,7.1716003,7.5895805,7.048382
janssen_bace/bace_ciordia_retro/28,6.621066243554973,data/fep/janssen_bace/janssen_bace_bace_ciordia_retro_28.sdf,,data/fep/janssen_bace/janssen_bace_bace_ciordia_retro_protein.pdb,28,-8.997004508972168,-9.0600004196167,0.0799999982118606,janssen_bace/bace_ciordia_retro,janssen_bace,545,janssen_bace_bace_ciordia_retro_28.sdf,janssen_bace_bace_ciordia_retro_protein.pdb,6.90233,6.3030257,7.125036,6.793772,5.8040657,6.2482367,6.5892954,5.8141017,6.635033,6.3857327,6.460063
janssen_bace/bace_ciordia_retro/29,6.428742480994202,data/fep/janssen_bace/janssen_bace_bace_ciordia_retro_29.sdf,,data/fep/janssen_bace/janssen_bace_bace_ciordia_retro_protein.pdb,29,-8.735666275024414,-8.069999694824219,0.0799999982118606,janssen_bace/bace_ciordia_retro,janssen_bace,546,janssen_bace_bace_ciordia_retro_29.sdf,janssen_bace_bace_ciordia_retro_protein.pdb,6.3841534,6.0983543,6.14298,6.478741,6.9011526,6.319616,6.7770195,6.236516,6.2451377,6.14917,6.373284
janssen_bace/bace_ciordia_retro/30,5.112709798159524,data/fep/janssen_bace/janssen_bace_bace_ciordia_retro_30.sdf,,data/fep/janssen_bace/janssen_bace_bace_ciordia_retro_protein.pdb,30,-6.947381496429443,-8.100000381469727,0.0799999982118606,janssen_bace/bace_ciordia_retro,janssen_bace,547,janssen_bace_bace_ciordia_retro_30.sdf,janssen_bace_bace_ciordia_retro_protein.pdb,6.9116273,5.575685,6.6084723,5.9665403,5.8103585,5.5369816,5.466166,5.0086083,6.460399,5.9449472,5.928979
janssen_bace/bace_ciordia_retro/31,7.015915526175002,data/fep/janssen_bace/janssen_bace_bace_ciordia_retro_31.sdf,,data/fep/janssen_bace/janssen_bace_bace_ciordia_retro_protein.pdb,31,-9.533543586730955,-9.170000076293944,0.0799999982118606,janssen_bace/bace_ciordia_retro,janssen_bace,548,janssen_bace_bace_ciordia_retro_31.sdf,janssen_bace_bace_ciordia_retro_protein.pdb,6.282592,5.877758,6.609126,6.253194,6.3996034,5.9309154,6.142497,6.967709,6.141193,6.9735975,6.3578186
janssen_bace/bace_ciordia_retro/32,5.682416474403555,data/fep/janssen_bace/janssen_bace_bace_ciordia_retro_32.sdf,,data/fep/janssen_bace/janssen_bace_bace_ciordia_retro_protein.pdb,32,-7.721524715423584,-8.40999984741211,0.0799999982118606,janssen_bace/bace_ciordia_retro,janssen_bace,549,janssen_bace_bace_ciordia_retro_32.sdf,janssen_bace_bace_ciordia_retro_protein.pdb,6.501097,5.8811827,6.4743257,6.103283,6.3561697,5.802587,6.2886233,7.0142183,6.049311,6.957793,6.3428593
janssen_bace/bace_ciordia_retro/33,5.254403759816265,data/fep/janssen_bace/janssen_bace_bace_ciordia_retro_33.sdf,,data/fep/janssen_bace/janssen_bace_bace_ciordia_retro_protein.pdb,33,-7.13992166519165,-8.75,0.0799999982118606,janssen_bace/bace_ciordia_retro,janssen_bace,550,janssen_bace_bace_ciordia_retro_33.sdf,janssen_bace_bace_ciordia_retro_protein.pdb,6.327237,5.937335,6.6858582,6.316865,6.4735317,6.043938,5.9564433,6.8234563,6.3644342,7.0390506,6.3968153
janssen_bace/bace_ciordia_retro/34,7.542694953011008,data/fep/janssen_bace/janssen_bace_bace_ciordia_retro_34.sdf,,data/fep/janssen_bace/janssen_bace_bace_ciordia_retro_protein.pdb,34,-10.24935531616211,-9.59000015258789,0.0799999982118606,janssen_bace/bace_ciordia_retro,janssen_bace,551,janssen_bace_bace_ciordia_retro_34.sdf,janssen_bace_bace_ciordia_retro_protein.pdb,7.5765796,7.135359,7.192104,6.957941,7.466276,6.8847156,7.1258535,7.3989835,7.2550607,7.8182483,7.2811117
janssen_bace/bace_ciordia_retro/35,7.272172922547162,data/fep/janssen_bace/janssen_bace_bace_ciordia_retro_35.sdf,,data/fep/janssen_bace/janssen_bace_bace_ciordia_retro_protein.pdb,35,-9.881757736206056,-9.06999969482422,0.0799999982118606,janssen_bace/bace_ciordia_retro,janssen_bace,552,janssen_bace_bace_ciordia_retro_35.sdf,janssen_bace_bace_ciordia_retro_protein.pdb,8.12013,7.693074,7.707512,7.31015,7.3749185,6.9680977,7.244087,7.1684012,6.987016,7.0035443,7.3576937
janssen_bace/bace_ciordia_retro/36,8.079452254527531,data/fep/janssen_bace/janssen_bace_bace_ciordia_retro_36.sdf,,data/fep/janssen_bace/janssen_bace_bace_ciordia_retro_protein.pdb,36,-10.97872543334961,-10.949999809265137,0.0799999982118606,janssen_bace/bace_ciordia_retro,janssen_bace,553,janssen_bace_bace_ciordia_retro_36.sdf,janssen_bace_bace_ciordia_retro_protein.pdb,7.5488396,7.0912294,7.780768,7.107413,7.305099,7.1899304,7.181396,7.3896294,7.576136,7.4670777,7.363752
janssen_bace/bace_ciordia_retro/37,6.954446007015322,data/fep/janssen_bace/janssen_bace_bace_ciordia_retro_37.sdf,,data/fep/janssen_bace/janssen_bace_bace_ciordia_retro_protein.pdb,37,-9.450016021728516,-9.100000381469728,0.0799999982118606,janssen_bace/bace_ciordia_retro,janssen_bace,554,janssen_bace_bace_ciordia_retro_37.sdf,janssen_bace_bace_ciordia_retro_protein.pdb,7.217438,6.659042,7.2972584,6.816771,6.9073935,6.268569,6.713173,6.8246236,6.904127,7.2771583,6.888556
janssen_bace/bace_ciordia_retro/38,6.906550524163996,data/fep/janssen_bace/janssen_bace_bace_ciordia_retro_38.sdf,,data/fep/janssen_bace/janssen_bace_bace_ciordia_retro_protein.pdb,38,-9.384933471679688,-9.220000267028809,0.0799999982118606,janssen_bace/bace_ciordia_retro,janssen_bace,555,janssen_bace_bace_ciordia_retro_38.sdf,janssen_bace_bace_ciordia_retro_protein.pdb,7.6309915,6.6353803,7.517674,6.798649,6.955765,6.522949,6.8645997,7.112739,7.097709,7.638345,7.0774803
janssen_bace/bace_ciordia_retro/39,6.888766227589167,data/fep/janssen_bace/janssen_bace_bace_ciordia_retro_39.sdf,,data/fep/janssen_bace/janssen_bace_bace_ciordia_retro_protein.pdb,39,-9.360767364501951,-8.529999732971191,0.0799999982118606,janssen_bace/bace_ciordia_retro,janssen_bace,556,janssen_bace_bace_ciordia_retro_39.sdf,janssen_bace_bace_ciordia_retro_protein.pdb,7.1311316,6.496924,7.1732426,6.566973,6.6440682,6.496419,6.275677,6.371049,6.5174527,7.195107,6.6868043
janssen_bace/bace_ciordia_retro/40,6.3627328428707255,data/fep/janssen_bace/janssen_bace_bace_ciordia_retro_40.sdf,,data/fep/janssen_bace/janssen_bace_bace_ciordia_retro_protein.pdb,40,-8.64596939086914,-8.800000190734863,0.0799999982118606,janssen_bace/bace_ciordia_retro,janssen_bace,557,janssen_bace_bace_ciordia_retro_40.sdf,janssen_bace_bace_ciordia_retro_protein.pdb,6.762156,6.1691446,5.944323,6.2337837,6.6109047,5.8156414,5.888473,5.895846,6.0821815,6.675535,6.207799
janssen_bace/bace_ciordia_retro/41,6.704200460858632,data/fep/janssen_bace/janssen_bace_bace_ciordia_retro_41.sdf,,data/fep/janssen_bace/janssen_bace_bace_ciordia_retro_protein.pdb,41,-9.109971046447754,-9.1899995803833,0.0799999982118606,janssen_bace/bace_ciordia_retro,janssen_bace,558,janssen_bace_bace_ciordia_retro_41.sdf,janssen_bace_bace_ciordia_retro_protein.pdb,6.55674,6.4601245,7.001919,7.212722,6.7730875,6.5884256,7.432828,6.5735726,6.979891,6.116873,6.769618
janssen_bace/bace_ciordia_retro/30_protonated,5.112709798159524,data/fep/janssen_bace/janssen_bace_bace_ciordia_retro_30_protonated.sdf,,data/fep/janssen_bace/janssen_bace_bace_ciordia_retro_protein.pdb,30_protonated,-6.947381496429443,-8.100000381469727,0.1199999973177909,janssen_bace/bace_ciordia_retro,janssen_bace,559,janssen_bace_bace_ciordia_retro_30_protonated.sdf,janssen_bace_bace_ciordia_retro_protein.pdb,6.8783045,5.7622724,6.535079,6.557618,5.7446103,5.9429655,6.121813,4.9535465,6.390309,6.5100284,6.1396546
janssen_bace/bace_p3_arg368_in/8a,5.73269922184838,data/fep/janssen_bace/janssen_bace_bace_p3_arg368_in_8a.sdf,,data/fep/janssen_bace/janssen_bace_bace_p3_arg368_in_protein.pdb,8a,-7.789851188659668,-6.289999961853027,0.1299999952316284,janssen_bace/bace_p3_arg368_in,janssen_bace,560,janssen_bace_bace_p3_arg368_in_8a.sdf,janssen_bace_bace_p3_arg368_in_protein.pdb,6.790256,6.9773226,7.5601945,7.0448656,7.247112,7.6847286,7.2245607,6.9772816,7.347037,7.3717403,7.2225103
janssen_bace/bace_p3_arg368_in/8b,6.264804813905631,data/fep/janssen_bace/janssen_bace_bace_p3_arg368_in_8b.sdf,,data/fep/janssen_bace/janssen_bace_bace_p3_arg368_in_protein.pdb,8b,-8.512900352478027,-8.270000457763672,0.1400000005960464,janssen_bace/bace_p3_arg368_in,janssen_bace,561,janssen_bace_bace_p3_arg368_in_8b.sdf,janssen_bace_bace_p3_arg368_in_protein.pdb,7.3169007,7.190132,7.7766705,7.7758017,7.6392865,6.828413,6.8813643,6.8996897,7.5015483,7.2967224,7.3106527
janssen_bace/bace_p3_arg368_in/8c,6.114208878383257,data/fep/janssen_bace/janssen_bace_bace_p3_arg368_in_8c.sdf,,data/fep/janssen_bace/janssen_bace_bace_p3_arg368_in_protein.pdb,8c,-8.308263778686523,-7.670000076293945,0.1299999952316284,janssen_bace/bace_p3_arg368_in,janssen_bace,562,janssen_bace_bace_p3_arg368_in_8c.sdf,janssen_bace_bace_p3_arg368_in_protein.pdb,7.2600408,7.182928,7.698403,7.7326665,7.9335165,7.1405673,7.136021,7.2481704,7.470473,8.151082,7.4953866
janssen_bace/bace_p3_arg368_in/8d,6.144327784756926,data/fep/janssen_bace/janssen_bace_bace_p3_arg368_in_8d.sdf,,data/fep/janssen_bace/janssen_bace_bace_p3_arg368_in_protein.pdb,8d,-8.349190711975098,-8.470000267028809,0.1299999952316284,janssen_bace/bace_p3_arg368_in,janssen_bace,563,janssen_bace_bace_p3_arg368_in_8d.sdf,janssen_bace_bace_p3_arg368_in_protein.pdb,7.3957396,7.1347513,7.190949,7.712647,7.3762484,7.723044,6.8358636,7.443987,6.431942,7.164409,7.240958
janssen_bace/bace_p3_arg368_in/8e,6.194526663873389,data/fep/janssen_bace/janssen_bace_bace_p3_arg368_in_8e.sdf,,data/fep/janssen_bace/janssen_bace_bace_p3_arg368_in_protein.pdb,8e,-8.417403221130371,-7.510000228881836,0.1400000005960464,janssen_bace/bace_p3_arg368_in,janssen_bace,564,janssen_bace_bace_p3_arg368_in_8e.sdf,janssen_bace_bace_p3_arg368_in_protein.pdb,7.298118,6.642331,7.065336,6.94967,6.772752,7.6895823,7.318531,7.6118,6.9269714,6.9952064,7.1270304
janssen_bace/bace_p3_arg368_in/8f,5.491744461723955,data/fep/janssen_bace/janssen_bace_bace_p3_arg368_in_8f.sdf,,data/fep/janssen_bace/janssen_bace_bace_p3_arg368_in_protein.pdb,8f,-7.462430953979492,-7.590000152587891,0.1299999952316284,janssen_bace/bace_p3_arg368_in,janssen_bace,565,janssen_bace_bace_p3_arg368_in_8f.sdf,janssen_bace_bace_p3_arg368_in_protein.pdb,7.5192924,6.7194567,7.2249217,7.3989034,7.5793786,7.1930585,7.6683006,6.781896,7.823166,7.104953,7.301332
janssen_bace/bace_p3_arg368_in/8g,7.62017244456908,data/fep/janssen_bace/janssen_bace_bace_p3_arg368_in_8g.sdf,,data/fep/janssen_bace/janssen_bace_bace_p3_arg368_in_protein.pdb,8g,-10.35463523864746,-9.399999618530272,0.1299999952316284,janssen_bace/bace_p3_arg368_in,janssen_bace,566,janssen_bace_bace_p3_arg368_in_8g.sdf,janssen_bace_bace_p3_arg368_in_protein.pdb,7.8889756,5.7858853,7.9685793,6.9695797,6.622382,7.8683467,7.4146514,8.049638,6.6042566,7.5420685,7.271436
janssen_bace/bace_p3_arg368_in/17a,8.051880980220423,data/fep/janssen_bace/janssen_bace_bace_p3_arg368_in_17a.sdf,,data/fep/janssen_bace/janssen_bace_bace_p3_arg368_in_protein.pdb,17a,-10.94126033782959,-9.09000015258789,0.1199999973177909,janssen_bace/bace_p3_arg368_in,janssen_bace,567,janssen_bace_bace_p3_arg368_in_17a.sdf,janssen_bace_bace_p3_arg368_in_protein.pdb,6.522077,6.8142815,6.8351665,6.6865425,7.2323036,7.348148,6.918516,6.650232,7.3998704,7.369426,6.977656
janssen_bace/bace_p3_arg368_in/17b,8.523748759530337,data/fep/janssen_bace/janssen_bace_bace_p3_arg368_in_17b.sdf,,data/fep/janssen_bace/janssen_bace_bace_p3_arg368_in_protein.pdb,17b,-11.5824556350708,-11.460000038146973,0.1199999973177909,janssen_bace/bace_p3_arg368_in,janssen_bace,568,janssen_bace_bace_p3_arg368_in_17b.sdf,janssen_bace_bace_p3_arg368_in_protein.pdb,7.060685,7.110807,7.6517844,7.6324167,7.710263,7.218051,6.8554053,7.313455,7.969685,7.1221857,7.364474
janssen_bace/bace_p3_arg368_in/17c,8.64422578867904,data/fep/janssen_bace/janssen_bace_bace_p3_arg368_in_17c.sdf,,data/fep/janssen_bace/janssen_bace_bace_p3_arg368_in_protein.pdb,17c,-11.74616527557373,-10.800000190734863,0.1199999973177909,janssen_bace/bace_p3_arg368_in,janssen_bace,569,janssen_bace_bace_p3_arg368_in_17c.sdf,janssen_bace_bace_p3_arg368_in_protein.pdb,7.07648,7.062216,7.270401,7.59952,7.936184,6.7452154,7.222521,7.207615,7.5286026,7.5601,7.3208857
janssen_bace/bace_p3_arg368_in/17d,8.383193161292867,data/fep/janssen_bace/janssen_bace_bace_p3_arg368_in_17d.sdf,,data/fep/janssen_bace/janssen_bace_bace_p3_arg368_in_protein.pdb,17d,-11.391462326049805,-11.520000457763672,0.1199999973177909,janssen_bace/bace_p3_arg368_in,janssen_bace,570,janssen_bace_bace_p3_arg368_in_17d.sdf,janssen_bace_bace_p3_arg368_in_protein.pdb,6.464225,6.611415,6.6519885,6.922848,7.342883,7.6307316,7.1639624,7.416617,7.0184913,6.7871227,7.0010285
janssen_bace/bace_p3_arg368_in/17e,8.79482242602843,data/fep/janssen_bace/janssen_bace_bace_p3_arg368_in_17e.sdf,,data/fep/janssen_bace/janssen_bace_bace_p3_arg368_in_protein.pdb,17e,-11.95080280303955,-10.90999984741211,0.1299999952316284,janssen_bace/bace_p3_arg368_in,janssen_bace,571,janssen_bace_bace_p3_arg368_in_17e.sdf,janssen_bace_bace_p3_arg368_in_protein.pdb,7.5391326,7.035516,7.050109,7.1889906,6.732625,7.814774,7.431027,7.678455,7.185792,6.945569,7.260199
janssen_bace/bace_p3_arg368_in/17f,8.563908003188912,data/fep/janssen_bace/janssen_bace_bace_p3_arg368_in_17f.sdf,,data/fep/janssen_bace/janssen_bace_bace_p3_arg368_in_protein.pdb,17f,-11.637025833129885,-11.0600004196167,0.1199999973177909,janssen_bace/bace_p3_arg368_in,janssen_bace,572,janssen_bace_bace_p3_arg368_in_17f.sdf,janssen_bace_bace_p3_arg368_in_protein.pdb,6.853601,6.488287,6.6457496,7.340504,7.571584,6.9711037,7.689481,6.8275204,7.7790227,6.953499,7.1120353
janssen_bace/bace_p3_arg368_in/17g,8.182397644827018,data/fep/janssen_bace/janssen_bace_bace_p3_arg368_in_17g.sdf,,data/fep/janssen_bace/janssen_bace_bace_p3_arg368_in_protein.pdb,17g,-11.118612289428713,-12.729999542236328,0.1199999973177909,janssen_bace/bace_p3_arg368_in,janssen_bace,573,janssen_bace_bace_p3_arg368_in_17g.sdf,janssen_bace_bace_p3_arg368_in_protein.pdb,7.7613435,5.873128,7.3071275,7.5383315,6.690218,7.8962817,7.3997955,8.116086,6.978719,7.312847,7.287389
janssen_bace/bace_p3_arg368_in/27a,6.736674698696591,data/fep/janssen_bace/janssen_bace_bace_p3_arg368_in_27a.sdf,,data/fep/janssen_bace/janssen_bace_bace_p3_arg368_in_protein.pdb,27a,-9.154098510742188,-9.06999969482422,0.1299999952316284,janssen_bace/bace_p3_arg368_in,janssen_bace,574,janssen_bace_bace_p3_arg368_in_27a.sdf,janssen_bace_bace_p3_arg368_in_protein.pdb,6.3656073,6.869053,6.9042425,6.653441,7.0727687,7.0432105,6.643244,6.8668075,7.274675,7.1285415,6.8821588
janssen_bace/bace_p3_arg368_in/27b,7.339058440786084,data/fep/janssen_bace/janssen_bace_bace_p3_arg368_in_27b.sdf,,data/fep/janssen_bace/janssen_bace_bace_p3_arg368_in_protein.pdb,27b,-9.972644805908203,-11.520000457763672,0.1800000071525573,janssen_bace/bace_p3_arg368_in,janssen_bace,575,janssen_bace_bace_p3_arg368_in_27b.sdf,janssen_bace_bace_p3_arg368_in_protein.pdb,7.059164,7.025907,6.9361596,7.451479,7.7107797,6.862186,6.780807,7.49936,7.966972,7.0650973,7.235791
janssen_bace/bace_p3_arg368_in/27c,7.369178048986767,data/fep/janssen_bace/janssen_bace_bace_p3_arg368_in_27c.sdf,,data/fep/janssen_bace/janssen_bace_bace_p3_arg368_in_protein.pdb,27c,-10.013572692871094,-11.3100004196167,0.1400000005960464,janssen_bace/bace_p3_arg368_in,janssen_bace,576,janssen_bace_bace_p3_arg368_in_27c.sdf,janssen_bace_bace_p3_arg368_in_protein.pdb,6.841709,6.8450074,7.374184,7.4742727,7.4865375,6.0618653,6.9065094,7.113329,6.9672527,6.4960876,6.9566755
janssen_bace/bace_p3_arg368_in/27d,6.827032119644613,data/fep/janssen_bace/janssen_bace_bace_p3_arg368_in_27d.sdf,,data/fep/janssen_bace/janssen_bace_bace_p3_arg368_in_protein.pdb,27d,-9.276880264282228,-11.380000114440918,0.1299999952316284,janssen_bace/bace_p3_arg368_in,janssen_bace,577,janssen_bace_bace_p3_arg368_in_27d.sdf,janssen_bace_bace_p3_arg368_in_protein.pdb,6.6584973,6.8708563,6.7032943,6.4899216,7.3654904,7.5080204,7.051621,7.202538,6.981243,6.8016186,6.9633102
janssen_bace/bace_p3_arg368_in/27e,6.88727133604598,data/fep/janssen_bace/janssen_bace_bace_p3_arg368_in_27e.sdf,,data/fep/janssen_bace/janssen_bace_bace_p3_arg368_in_protein.pdb,27e,-9.358736038208008,-10.109999656677246,0.1299999952316284,janssen_bace/bace_p3_arg368_in,janssen_bace,578,janssen_bace_bace_p3_arg368_in_27e.sdf,janssen_bace_bace_p3_arg368_in_protein.pdb,7.2586145,6.756784,7.291655,6.656373,7.1457567,7.810441,6.936331,7.6216006,7.426286,6.5194335,7.1423273
janssen_bace/bace_p3_arg368_in/27f,6.696514753211001,data/fep/janssen_bace/janssen_bace_bace_p3_arg368_in_27f.sdf,,data/fep/janssen_bace/janssen_bace_bace_p3_arg368_in_protein.pdb,27f,-9.099527359008787,-10.5,0.2000000029802322,janssen_bace/bace_p3_arg368_in,janssen_bace,579,janssen_bace_bace_p3_arg368_in_27f.sdf,janssen_bace_bace_p3_arg368_in_protein.pdb,6.3233495,6.1361027,6.5560718,6.6769505,7.277813,6.7808623,7.3408117,7.6501355,7.8272457,6.9474387,6.9516783
janssen_bace/bace_p3_arg368_in/27g,9.015696511583046,data/fep/janssen_bace/janssen_bace_bace_p3_arg368_in_27g.sdf,,data/fep/janssen_bace/janssen_bace_bace_p3_arg368_in_protein.pdb,27g,-12.250936508178713,-12.039999961853027,0.1199999973177909,janssen_bace/bace_p3_arg368_in,janssen_bace,580,janssen_bace_bace_p3_arg368_in_27g.sdf,janssen_bace_bace_p3_arg368_in_protein.pdb,7.9360595,5.8933797,7.1908364,6.883986,6.416445,7.5979724,7.186198,7.9324465,7.2230964,6.84421,7.110463
janssen_bace/bace_ciordia_prospective/spiro16,6.019817355749676,data/fep/janssen_bace/janssen_bace_bace_ciordia_prospective_spiro16.sdf,,data/fep/janssen_bace/janssen_bace_bace_ciordia_prospective_protein.pdb,spiro16,-8.180000305175781,-8.279999732971191,0.1700000017881393,janssen_bace/bace_ciordia_prospective,janssen_bace,581,janssen_bace_bace_ciordia_prospective_spiro16.sdf,janssen_bace_bace_ciordia_prospective_protein.pdb,6.637539,6.8045416,7.6624084,7.3393307,6.5601764,7.0704374,6.1646667,5.683313,6.517585,6.2267656,6.6666765
janssen_bace/bace_ciordia_prospective/spiro5,5.710731334433672,data/fep/janssen_bace/janssen_bace_bace_ciordia_prospective_spiro5.sdf,,data/fep/janssen_bace/janssen_bace_bace_ciordia_prospective_protein.pdb,spiro5,-7.760000228881836,-7.090000152587891,0.1599999964237213,janssen_bace/bace_ciordia_prospective,janssen_bace,582,janssen_bace_bace_ciordia_prospective_spiro5.sdf,janssen_bace_bace_ciordia_prospective_protein.pdb,7.1116257,7.277951,7.116907,6.561255,5.7082586,7.353431,5.2874947,6.787079,6.6197476,7.220774,6.7044525
janssen_bace/bace_ciordia_prospective/spiro2,5.173510476173357,data/fep/janssen_bace/janssen_bace_bace_ciordia_prospective_spiro2.sdf,,data/fep/janssen_bace/janssen_bace_bace_ciordia_prospective_protein.pdb,spiro2,-7.03000020980835,-6.670000076293945,0.1599999964237213,janssen_bace/bace_ciordia_prospective,janssen_bace,583,janssen_bace_bace_ciordia_prospective_spiro2.sdf,janssen_bace_bace_ciordia_prospective_protein.pdb,7.3958225,6.2602196,6.3534226,6.257307,6.5045533,6.305038,5.2474704,6.1271873,5.9598613,6.509595,6.2920475
janssen_bace/bace_ciordia_prospective/spiro10,6.255311199865863,data/fep/janssen_bace/janssen_bace_bace_ciordia_prospective_spiro10.sdf,,data/fep/janssen_bace/janssen_bace_bace_ciordia_prospective_protein.pdb,spiro10,-8.5,-10.609999656677246,0.1599999964237213,janssen_bace/bace_ciordia_prospective,janssen_bace,584,janssen_bace_bace_ciordia_prospective_spiro10.sdf,janssen_bace_bace_ciordia_prospective_protein.pdb,7.537941,6.600345,7.4497848,5.8122435,7.320523,6.478741,6.1972103,6.680776,7.2530093,6.720124,6.80507
janssen_bace/bace_ciordia_prospective/spiro3,6.608551966040144,data/fep/janssen_bace/janssen_bace_bace_ciordia_prospective_spiro3.sdf,,data/fep/janssen_bace/janssen_bace_bace_ciordia_prospective_protein.pdb,spiro3,-8.979999542236328,-8.970000267028809,0.1599999964237213,janssen_bace/bace_ciordia_prospective,janssen_bace,585,janssen_bace_bace_ciordia_prospective_spiro3.sdf,janssen_bace_bace_ciordia_prospective_protein.pdb,6.201456,6.3862963,6.6198893,6.8874993,7.192531,7.266483,6.422799,7.045572,6.6233587,6.0603747,6.670625
janssen_bace/bace_ciordia_prospective/spiro6,7.013307536985104,data/fep/janssen_bace/janssen_bace_bace_ciordia_prospective_spiro6.sdf,,data/fep/janssen_bace/janssen_bace_bace_ciordia_prospective_protein.pdb,spiro6,-9.529999732971191,-9.5600004196167,0.1500000059604644,janssen_bace/bace_ciordia_prospective,janssen_bace,586,janssen_bace_bace_ciordia_prospective_spiro6.sdf,janssen_bace_bace_ciordia_prospective_protein.pdb,6.9843674,6.9521565,7.3115926,6.253499,6.624821,6.5713325,5.996666,6.6698728,7.237905,6.8705235,6.7472734
janssen_bace/bace_ciordia_prospective/spiro4,5.607702426719332,data/fep/janssen_bace/janssen_bace_bace_ciordia_prospective_spiro4.sdf,,data/fep/janssen_bace/janssen_bace_bace_ciordia_prospective_protein.pdb,spiro4,-7.619999885559082,-7.210000038146973,0.1700000017881393,janssen_bace/bace_ciordia_prospective,janssen_bace,587,janssen_bace_bace_ciordia_prospective_spiro4.sdf,janssen_bace_bace_ciordia_prospective_protein.pdb,6.016945,6.3332944,6.555033,6.1265154,5.919491,6.8792067,5.687692,6.3352323,6.0452185,6.4306846,6.232931
janssen_bace/bace_ciordia_prospective/spiro1,5.534110600433023,data/fep/janssen_bace/janssen_bace_bace_ciordia_prospective_spiro1.sdf,,data/fep/janssen_bace/janssen_bace_bace_ciordia_prospective_protein.pdb,spiro1,-7.519999980926514,-7.420000076293945,0.1599999964237213,janssen_bace/bace_ciordia_prospective,janssen_bace,588,janssen_bace_bace_ciordia_prospective_spiro1.sdf,janssen_bace_bace_ciordia_prospective_protein.pdb,6.7031736,7.279302,7.3947754,7.101619,7.0809474,6.8725533,5.5893407,6.4398413,6.631612,6.698628,6.7791796
janssen_bace/bace_ciordia_prospective/spiro15,6.660066770810822,data/fep/janssen_bace/janssen_bace_bace_ciordia_prospective_spiro15.sdf,,data/fep/janssen_bace/janssen_bace_bace_ciordia_prospective_protein.pdb,spiro15,-9.050000190734863,-8.359999656677246,0.1599999964237213,janssen_bace/bace_ciordia_prospective,janssen_bace,589,janssen_bace_bace_ciordia_prospective_spiro15.sdf,janssen_bace_bace_ciordia_prospective_protein.pdb,7.230323,7.4459796,7.003706,7.2682705,7.188021,7.1090355,5.826956,6.151166,7.416119,7.1545086,6.9794083
mcs_docking/renin_customcore/b1i5k_xray,8.733580298821796,data/fep/mcs_docking/mcs_docking_renin_customcore_b1i5k_xray.sdf,,data/fep/mcs_docking/mcs_docking_renin_customcore_protein.pdb,b1i5k_xray,-11.867584228515623,-10.420000076293944,0.1199999973177909,mcs_docking/renin_customcore,mcs_docking,590,mcs_docking_renin_customcore_b1i5k_xray.sdf,mcs_docking_renin_customcore_protein.pdb,6.337843,6.6932836,7.7089324,6.785561,7.2248845,6.225702,6.850324,6.5069566,6.452622,6.2369833,6.7023087
mcs_docking/renin_customcore/b1i5j,8.431283050227508,data/fep/mcs_docking/mcs_docking_renin_customcore_b1i5j.sdf,,data/fep/mcs_docking/mcs_docking_renin_customcore_protein.pdb,b1i5j,-11.456809043884276,-10.960000038146973,0.1299999952316284,mcs_docking/renin_customcore,mcs_docking,591,mcs_docking_renin_customcore_b1i5j.sdf,mcs_docking_renin_customcore_protein.pdb,6.8001003,6.4940486,7.076098,6.8337045,6.8745036,5.8630867,6.85488,6.5652375,6.5070343,5.874634,6.574333
mcs_docking/renin_customcore/b1i2n,8.07778330988448,data/fep/mcs_docking/mcs_docking_renin_customcore_b1i2n.sdf,,data/fep/mcs_docking/mcs_docking_renin_customcore_protein.pdb,b1i2n,-10.976457595825195,-10.369999885559082,0.1000000014901161,mcs_docking/renin_customcore,mcs_docking,592,mcs_docking_renin_customcore_b1i2n.sdf,mcs_docking_renin_customcore_protein.pdb,7.640732,6.861424,7.886212,7.8826323,7.649841,6.749516,7.0281224,6.798878,7.5006104,5.841889,7.1839857
mcs_docking/renin_customcore/b1i5i,8.431283050227508,data/fep/mcs_docking/mcs_docking_renin_customcore_b1i5i.sdf,,data/fep/mcs_docking/mcs_docking_renin_customcore_protein.pdb,b1i5i,-11.456809043884276,-11.029999732971191,0.1000000014901161,mcs_docking/renin_customcore,mcs_docking,593,mcs_docking_renin_customcore_b1i5i.sdf,mcs_docking_renin_customcore_protein.pdb,6.9159355,6.6564937,6.906036,6.4349227,6.6183524,5.8320217,6.3189855,6.48451,6.951726,5.842117,6.49611
mcs_docking/renin_customcore/b1i5h,7.952286813920337,data/fep/mcs_docking/mcs_docking_renin_customcore_b1i5h.sdf,,data/fep/mcs_docking/mcs_docking_renin_customcore_protein.pdb,b1i5h,-10.805927276611328,-10.869999885559082,0.1000000014901161,mcs_docking/renin_customcore,mcs_docking,594,mcs_docking_renin_customcore_b1i5h.sdf,mcs_docking_renin_customcore_protein.pdb,6.540554,6.663132,7.312385,6.786643,6.1300826,5.931394,6.6608596,6.828769,6.173778,6.1362505,6.516385
mcs_docking/renin_customcore/b1i5l,7.103827079973724,data/fep/mcs_docking/mcs_docking_renin_customcore_b1i5l.sdf,,data/fep/mcs_docking/mcs_docking_renin_customcore_protein.pdb,b1i5l,-9.65300178527832,-9.489999771118164,0.1000000014901161,mcs_docking/renin_customcore,mcs_docking,595,mcs_docking_renin_customcore_b1i5l.sdf,mcs_docking_renin_customcore_protein.pdb,7.294917,6.631002,8.307262,7.6736484,6.874933,6.3807807,6.822778,6.682773,7.5389934,6.299577,7.050666
mcs_docking/renin_customcore/b1i5n,7.538448197739726,data/fep/mcs_docking/mcs_docking_renin_customcore_b1i5n.sdf,,data/fep/mcs_docking/mcs_docking_renin_customcore_protein.pdb,b1i5n,-10.243584632873535,-9.899999618530272,0.1000000014901161,mcs_docking/renin_customcore,mcs_docking,596,mcs_docking_renin_customcore_b1i5n.sdf,mcs_docking_renin_customcore_protein.pdb,7.0435796,6.793912,6.6893954,6.7650285,6.5120955,6.563799,6.354784,7.004605,6.6397457,6.4715276,6.683847
mcs_docking/renin_customcore/b1a2m,7.068989088747287,data/fep/mcs_docking/mcs_docking_renin_customcore_b1a2m.sdf,,data/fep/mcs_docking/mcs_docking_renin_customcore_protein.pdb,b1a2m,-9.60566234588623,-11.020000457763672,0.0900000035762786,mcs_docking/renin_customcore,mcs_docking,597,mcs_docking_renin_customcore_b1a2m.sdf,mcs_docking_renin_customcore_protein.pdb,6.3229456,5.699361,5.6526003,6.9805646,6.1782637,5.6547575,5.818049,6.2134647,5.7973666,4.95921,5.927659
mcs_docking/renin_customcore/b1i2o,7.775486763117207,data/fep/mcs_docking/mcs_docking_renin_customcore_b1i2o.sdf,,data/fep/mcs_docking/mcs_docking_renin_customcore_protein.pdb,b1i2o,-10.565683364868164,-11.539999961853027,0.1000000014901161,mcs_docking/renin_customcore,mcs_docking,598,mcs_docking_renin_customcore_b1i2o.sdf,mcs_docking_renin_customcore_protein.pdb,7.3837667,7.349929,7.7738905,7.4189095,7.366159,7.269635,6.7184544,6.7901196,6.89835,5.7013555,7.067057
mcs_docking/renin_customcore/b1i5o,7.385743272035532,data/fep/mcs_docking/mcs_docking_renin_customcore_b1i5o.sdf,,data/fep/mcs_docking/mcs_docking_renin_customcore_protein.pdb,b1i5o,-10.03608226776123,-10.489999771118164,0.1599999964237213,mcs_docking/renin_customcore,mcs_docking,599,mcs_docking_renin_customcore_b1i5o.sdf,mcs_docking_renin_customcore_protein.pdb,6.35582,6.3316283,6.429015,6.453678,6.8562546,6.8129215,6.901523,7.0636387,6.4800177,7.052825,6.6737328
mcs_docking/renin_customcore/b1i4i,6.469315100764954,data/fep/mcs_docking/mcs_docking_renin_customcore_b1i4i.sdf,,data/fep/mcs_docking/mcs_docking_renin_customcore_protein.pdb,b1i4i,-8.79079818725586,-8.289999961853027,0.1000000014901161,mcs_docking/renin_customcore,mcs_docking,600,mcs_docking_renin_customcore_b1i4i.sdf,mcs_docking_renin_customcore_protein.pdb,7.006583,6.382123,6.313087,6.2112117,6.807263,5.8816247,5.9687347,6.6364264,6.680219,5.437013,6.3324285
mcs_docking/renin_customcore/b1i4e,7.498188592817925,data/fep/mcs_docking/mcs_docking_renin_customcore_b1i4e.sdf,,data/fep/mcs_docking/mcs_docking_renin_customcore_protein.pdb,b1i4e,-10.188878059387209,-9.1899995803833,0.1000000014901161,mcs_docking/renin_customcore,mcs_docking,601,mcs_docking_renin_customcore_b1i4e.sdf,mcs_docking_renin_customcore_protein.pdb,6.8062315,7.355736,6.6967845,6.8058105,6.771021,6.8267665,7.223749,6.6186814,6.7754235,6.5786276,6.8458834
mcs_docking/renin_customcore/b1i4g,6.148142916413625,data/fep/mcs_docking/mcs_docking_renin_customcore_b1i4g.sdf,,data/fep/mcs_docking/mcs_docking_renin_customcore_protein.pdb,b1i4g,-8.354374885559082,-7.079999923706055,0.1000000014901161,mcs_docking/renin_customcore,mcs_docking,602,mcs_docking_renin_customcore_b1i4g.sdf,mcs_docking_renin_customcore_protein.pdb,7.3799763,6.596868,6.6394997,6.342435,7.0342937,6.406418,7.4489393,6.4250555,6.835367,6.258857,6.7367716
mcs_docking/renin_customcore/b1i1,5.441746305133948,data/fep/mcs_docking/mcs_docking_renin_customcore_b1i1.sdf,,data/fep/mcs_docking/mcs_docking_renin_customcore_protein.pdb,b1i1,-7.394491195678711,-8.550000190734863,0.1000000014901161,mcs_docking/renin_customcore,mcs_docking,603,mcs_docking_renin_customcore_b1i1.sdf,mcs_docking_renin_customcore_protein.pdb,5.9757543,4.986305,5.783258,6.296064,6.255575,4.54335,5.780833,5.8385954,5.861438,5.4663363,5.6787515
mcs_docking/renin_customcore/b1i2a,6.402148851719799,data/fep/mcs_docking/mcs_docking_renin_customcore_b1i2a.sdf,,data/fep/mcs_docking/mcs_docking_renin_customcore_protein.pdb,b1i2a,-8.699529647827148,-9.6899995803833,0.1000000014901161,mcs_docking/renin_customcore,mcs_docking,604,mcs_docking_renin_customcore_b1i2a.sdf,mcs_docking_renin_customcore_protein.pdb,6.0821166,5.9732623,5.681974,6.396522,6.375921,5.2931,5.5319858,6.046593,6.1604075,5.7242217,5.92661
mcs_docking/renin_customcore/b1i2e,7.708320514072052,data/fep/mcs_docking/mcs_docking_renin_customcore_b1i2e.sdf,,data/fep/mcs_docking/mcs_docking_renin_customcore_protein.pdb,b1i2e,-10.474414825439451,-9.43000030517578,0.0900000035762786,mcs_docking/renin_customcore,mcs_docking,605,mcs_docking_renin_customcore_b1i2e.sdf,mcs_docking_renin_customcore_protein.pdb,7.0120482,6.192172,5.8837967,6.7657647,6.790983,5.54124,5.8073406,6.0536594,6.670183,5.84446,6.2561646
mcs_docking/renin_customcore/b1i2i,7.222396543294078,data/fep/mcs_docking/mcs_docking_renin_customcore_b1i2i.sdf,,data/fep/mcs_docking/mcs_docking_renin_customcore_protein.pdb,b1i2i,-9.814119338989258,-11.039999961853027,0.1000000014901161,mcs_docking/renin_customcore,mcs_docking,606,mcs_docking_renin_customcore_b1i2i.sdf,mcs_docking_renin_customcore_protein.pdb,7.0975184,6.5031934,6.427769,6.7504215,7.6565466,6.6420097,6.5540633,6.986882,7.5209,6.108225,6.824753
mcs_docking/renin_customcore/b1i2j,8.333997894808686,data/fep/mcs_docking/mcs_docking_renin_customcore_b1i2j.sdf,,data/fep/mcs_docking/mcs_docking_renin_customcore_protein.pdb,b1i2j,-11.324613571166992,-9.390000343322754,0.0900000035762786,mcs_docking/renin_customcore,mcs_docking,607,mcs_docking_renin_customcore_b1i2j.sdf,mcs_docking_renin_customcore_protein.pdb,7.905293,7.3688393,6.9745646,7.6958733,7.4755144,5.953868,6.2154856,6.805082,7.209862,6.0570617,6.9661436
mcs_docking/renin_customcore/b1i5c,8.733580298821796,data/fep/mcs_docking/mcs_docking_renin_customcore_b1i5c.sdf,,data/fep/mcs_docking/mcs_docking_renin_customcore_protein.pdb,b1i5c,-11.867584228515623,-9.979999542236328,0.1000000014901161,mcs_docking/renin_customcore,mcs_docking,608,mcs_docking_renin_customcore_b1i5c.sdf,mcs_docking_renin_customcore_protein.pdb,7.683866,6.5803905,6.8181777,7.1421947,7.2202663,6.1237574,6.5436954,6.653814,7.1196947,6.00233,6.7888174
mcs_docking/renin_customcore/b1i5b,5.893033007211942,data/fep/mcs_docking/mcs_docking_renin_customcore_b1i5b.sdf,,data/fep/mcs_docking/mcs_docking_renin_customcore_protein.pdb,b1i5b,-8.007719993591309,-10.079999923706056,0.1000000014901161,mcs_docking/renin_customcore,mcs_docking,609,mcs_docking_renin_customcore_b1i5b.sdf,mcs_docking_renin_customcore_protein.pdb,7.255282,6.4753933,6.830964,7.235304,6.516267,6.065532,7.090673,6.6861315,6.6818604,6.2653866,6.710279
mcs_docking/renin_customcore/b1i2k,7.826889977392408,data/fep/mcs_docking/mcs_docking_renin_customcore_b1i2k.sdf,,data/fep/mcs_docking/mcs_docking_renin_customcore_protein.pdb,b1i2k,-10.63553237915039,-10.380000114440918,0.1000000014901161,mcs_docking/renin_customcore,mcs_docking,610,mcs_docking_renin_customcore_b1i2k.sdf,mcs_docking_renin_customcore_protein.pdb,7.286005,7.127161,6.642795,7.9130106,7.3700566,5.685257,6.3076215,6.9659653,6.9064236,6.1907578,6.839505
mcs_docking/renin_customcore/b1i2h,7.22932427776488,data/fep/mcs_docking/mcs_docking_renin_customcore_b1i2h.sdf,,data/fep/mcs_docking/mcs_docking_renin_customcore_protein.pdb,b1i2h,-9.823533058166504,-10.020000457763672,0.1000000014901161,mcs_docking/renin_customcore,mcs_docking,611,mcs_docking_renin_customcore_b1i2h.sdf,mcs_docking_renin_customcore_protein.pdb,7.3680506,7.1283617,6.6356306,7.3905735,7.4133315,5.8059306,5.8637114,6.661947,6.6530957,5.7114964,6.663213
mcs_docking/renin_customcore/b1i2g,6.136095353864158,data/fep/mcs_docking/mcs_docking_renin_customcore_b1i2g.sdf,,data/fep/mcs_docking/mcs_docking_renin_customcore_protein.pdb,b1i2g,-8.338004112243652,-9.380000114440918,0.1000000014901161,mcs_docking/renin_customcore,mcs_docking,612,mcs_docking_renin_customcore_b1i2g.sdf,mcs_docking_renin_customcore_protein.pdb,6.946926,6.814435,5.9486046,6.8176045,7.185437,5.4005785,6.4248776,6.4401407,6.4852552,5.889301,6.4353156
mcs_docking/renin_customcore/b1i4b,6.175049560536978,data/fep/mcs_docking/mcs_docking_renin_customcore_b1i4b.sdf,,data/fep/mcs_docking/mcs_docking_renin_customcore_protein.pdb,b1i4b,-8.390936851501465,-9.239999771118164,0.0900000035762786,mcs_docking/renin_customcore,mcs_docking,613,mcs_docking_renin_customcore_b1i4b.sdf,mcs_docking_renin_customcore_protein.pdb,6.3975167,6.0665255,6.885899,6.9929996,7.1592894,5.432685,5.7358403,5.7608414,6.2857523,6.1638327,6.2881184
mcs_docking/renin_customcore/b1i5a,7.65008992658928,data/fep/mcs_docking/mcs_docking_renin_customcore_b1i5a.sdf,,data/fep/mcs_docking/mcs_docking_renin_customcore_protein.pdb,b1i5a,-10.395288467407228,-9.720000267028809,0.1199999973177909,mcs_docking/renin_customcore,mcs_docking,614,mcs_docking_renin_customcore_b1i5a.sdf,mcs_docking_renin_customcore_protein.pdb,6.8478947,7.067924,6.861837,7.1581798,6.3224354,6.2299256,7.231552,6.8558526,6.550045,6.089207,6.721486
mcs_docking/renin_customcore/b1i2d,6.192016930465671,data/fep/mcs_docking/mcs_docking_renin_customcore_b1i2d.sdf,,data/fep/mcs_docking/mcs_docking_renin_customcore_protein.pdb,b1i2d,-8.413992881774902,-8.550000190734863,0.1000000014901161,mcs_docking/renin_customcore,mcs_docking,615,mcs_docking_renin_customcore_b1i2d.sdf,mcs_docking_renin_customcore_protein.pdb,6.762744,6.826008,6.2330494,6.819479,7.5541186,5.6624565,6.345573,6.5736938,6.564622,5.8615975,6.520334
mcs_docking/renin_customcore/b1i4a,5.324682611675523,data/fep/mcs_docking/mcs_docking_renin_customcore_b1i4a.sdf,,data/fep/mcs_docking/mcs_docking_renin_customcore_protein.pdb,b1i4a,-7.235419750213623,-8.890000343322754,0.0900000035762786,mcs_docking/renin_customcore,mcs_docking,616,mcs_docking_renin_customcore_b1i4a.sdf,mcs_docking_renin_customcore_protein.pdb,6.682639,6.113713,6.0040574,6.089216,6.047026,5.0890026,5.515258,6.022732,5.934395,5.9504447,5.944848
mcs_docking/renin_customcore/b1i5d,8.25448299942438,data/fep/mcs_docking/mcs_docking_renin_customcore_b1i5d.sdf,,data/fep/mcs_docking/mcs_docking_renin_customcore_protein.pdb,b1i5d,-11.216565132141112,-10.4399995803833,0.1199999973177909,mcs_docking/renin_customcore,mcs_docking,617,mcs_docking_renin_customcore_b1i5d.sdf,mcs_docking_renin_customcore_protein.pdb,7.1914964,6.4625154,7.201571,6.7127466,7.190251,7.0185037,7.5634594,7.4408565,6.6823907,6.766821,7.0230613
mcs_docking/renin_customcore/b1i2c,5.065857932080369,data/fep/mcs_docking/mcs_docking_renin_customcore_b1i2c.sdf,,data/fep/mcs_docking/mcs_docking_renin_customcore_protein.pdb,b1i2c,-6.883717060089111,-7.480000019073486,0.1000000014901161,mcs_docking/renin_customcore,mcs_docking,618,mcs_docking_renin_customcore_b1i2c.sdf,mcs_docking_renin_customcore_protein.pdb,6.710672,6.7467027,5.8036876,6.527389,5.947437,6.467485,6.484218,6.484169,7.205327,6.2060204,6.4583106
mcs_docking/hne/6,5.1753934780561615,data/fep/mcs_docking/mcs_docking_hne_6.sdf,,data/fep/mcs_docking/mcs_docking_hne_protein.pdb,6,-7.032558917999268,-5.179999828338623,0.1199999973177909,mcs_docking/hne,mcs_docking,619,mcs_docking_hne_6.sdf,mcs_docking_hne_protein.pdb,6.8302307,7.552797,7.584847,7.2878737,6.776236,7.9297132,7.325645,7.717032,7.8655066,7.3127794,7.4182673
mcs_docking/hne/14,7.598722505491873,data/fep/mcs_docking/mcs_docking_hne_14.sdf,,data/fep/mcs_docking/mcs_docking_hne_protein.pdb,14,-10.325488090515137,-11.4399995803833,0.1099999994039535,mcs_docking/hne,mcs_docking,620,mcs_docking_hne_14.sdf,mcs_docking_hne_protein.pdb,8.211612,8.346016,8.206642,8.091111,8.023041,7.9460588,8.146615,7.85775,7.81908,7.992439,8.064035
mcs_docking/hne/15,9.03577648432584,data/fep/mcs_docking/mcs_docking_hne_15.sdf,,data/fep/mcs_docking/mcs_docking_hne_protein.pdb,15,-12.27822208404541,-11.899999618530272,0.1099999994039535,mcs_docking/hne,mcs_docking,621,mcs_docking_hne_15.sdf,mcs_docking_hne_protein.pdb,8.902167,8.710352,8.702181,8.710405,8.750098,8.3169365,8.457214,8.699412,8.238614,8.611513,8.609889
mcs_docking/hne/16,8.712276339763827,data/fep/mcs_docking/mcs_docking_hne_16.sdf,,data/fep/mcs_docking/mcs_docking_hne_protein.pdb,16,-11.838635444641112,-11.170000076293944,0.1099999994039535,mcs_docking/hne,mcs_docking,622,mcs_docking_hne_16.sdf,mcs_docking_hne_protein.pdb,8.706425,8.492058,8.598632,8.4404745,8.540695,7.7533894,8.460091,8.582326,8.235445,8.527861,8.433741
mcs_docking/hne/17,8.399789966557334,data/fep/mcs_docking/mcs_docking_hne_17.sdf,,data/fep/mcs_docking/mcs_docking_hne_protein.pdb,17,-11.41401481628418,-11.1899995803833,0.1099999994039535,mcs_docking/hne,mcs_docking,623,mcs_docking_hne_17.sdf,mcs_docking_hne_protein.pdb,8.224814,8.194818,8.074646,7.9304767,8.580901,7.2189555,8.483867,8.130186,7.928219,7.8237605,8.059065
mcs_docking/hne/18,7.917405309418934,data/fep/mcs_docking/mcs_docking_hne_18.sdf,,data/fep/mcs_docking/mcs_docking_hne_protein.pdb,18,-10.75852870941162,-11.229999542236328,0.1299999952316284,mcs_docking/hne,mcs_docking,624,mcs_docking_hne_18.sdf,mcs_docking_hne_protein.pdb,8.097699,8.155449,8.3835125,7.7784,7.515574,7.9935675,8.154607,7.8839273,8.109468,7.916111,7.9988313
mcs_docking/hne/19,8.489545921753002,data/fep/mcs_docking/mcs_docking_hne_19.sdf,,data/fep/mcs_docking/mcs_docking_hne_protein.pdb,19,-11.53597927093506,-10.140000343322754,0.1099999994039535,mcs_docking/hne,mcs_docking,625,mcs_docking_hne_19.sdf,mcs_docking_hne_protein.pdb,8.5469265,8.494134,8.567077,8.246244,8.501325,7.6025085,8.572688,8.830326,8.259903,8.459486,8.408063
mcs_docking/hne/20,7.729574643411915,data/fep/mcs_docking/mcs_docking_hne_20.sdf,,data/fep/mcs_docking/mcs_docking_hne_protein.pdb,20,-10.5032958984375,-12.369999885559082,0.1299999952316284,mcs_docking/hne,mcs_docking,626,mcs_docking_hne_20.sdf,mcs_docking_hne_protein.pdb,7.9240694,8.446981,8.526297,7.1459413,7.517633,6.9088154,8.164786,7.775298,8.236634,8.020021,7.8666472
mcs_docking/hne/21,9.03577648432584,data/fep/mcs_docking/mcs_docking_hne_21.sdf,,data/fep/mcs_docking/mcs_docking_hne_protein.pdb,21,-12.27822208404541,-11.850000381469728,0.1400000005960464,mcs_docking/hne,mcs_docking,627,mcs_docking_hne_21.sdf,mcs_docking_hne_protein.pdb,8.475065,8.393402,8.858822,8.213539,8.02391,8.167307,8.470483,8.532456,8.812804,7.9435997,8.389139
mcs_docking/hne/22,8.361007005676315,data/fep/mcs_docking/mcs_docking_hne_22.sdf,,data/fep/mcs_docking/mcs_docking_hne_protein.pdb,22,-11.36131477355957,-11.270000457763672,0.1099999994039535,mcs_docking/hne,mcs_docking,628,mcs_docking_hne_22.sdf,mcs_docking_hne_protein.pdb,7.268639,7.114698,7.371658,6.947304,6.9382915,7.2424293,7.4085903,7.153243,7.2043204,7.3127527,7.1961927
mcs_docking/hne/23,7.632279662414873,data/fep/mcs_docking/mcs_docking_hne_23.sdf,,data/fep/mcs_docking/mcs_docking_hne_protein.pdb,23,-10.371087074279783,-12.109999656677246,0.1400000005960464,mcs_docking/hne,mcs_docking,629,mcs_docking_hne_23.sdf,mcs_docking_hne_protein.pdb,8.17378,8.587636,8.2888,8.393203,8.577895,7.9686923,8.61055,8.268424,7.8885155,8.129413,8.288691
mcs_docking/hne/25,8.830845101257168,data/fep/mcs_docking/mcs_docking_hne_25.sdf,,data/fep/mcs_docking/mcs_docking_hne_protein.pdb,25,-11.999752044677734,-12.390000343322754,0.1400000005960464,mcs_docking/hne,mcs_docking,630,mcs_docking_hne_25.sdf,mcs_docking_hne_protein.pdb,8.089297,8.098474,8.384733,7.4671307,7.127437,8.10507,8.430185,8.307952,8.342551,8.307984,8.066081
mcs_docking/hne/26,9.258506902336666,data/fep/mcs_docking/mcs_docking_hne_26.sdf,,data/fep/mcs_docking/mcs_docking_hne_protein.pdb,26,-12.580878257751465,-12.260000228881836,0.1199999973177909,mcs_docking/hne,mcs_docking,631,mcs_docking_hne_26.sdf,mcs_docking_hne_protein.pdb,7.732418,8.015968,7.8567524,7.898729,7.8988366,7.4762774,7.790007,7.8915973,7.5898376,7.8604903,7.8010917
mcs_docking/hne/27,10.662004426074647,data/fep/mcs_docking/mcs_docking_hne_27.sdf,,data/fep/mcs_docking/mcs_docking_hne_protein.pdb,27,-14.488014221191406,-14.010000228881836,0.1199999973177909,mcs_docking/hne,mcs_docking,632,mcs_docking_hne_27.sdf,mcs_docking_hne_protein.pdb,8.448175,8.373457,8.326783,8.141062,8.250794,7.9664607,8.334763,8.022407,8.0360155,8.405762,8.230568
mcs_docking/hne/28,9.304446393295567,data/fep/mcs_docking/mcs_docking_hne_28.sdf,,data/fep/mcs_docking/mcs_docking_hne_protein.pdb,28,-12.643302917480469,-11.93000030517578,0.1500000059604644,mcs_docking/hne,mcs_docking,633,mcs_docking_hne_28.sdf,mcs_docking_hne_protein.pdb,7.6063657,7.8292184,7.604169,8.296954,7.8650784,7.073821,7.865701,7.774146,7.2931776,7.7071757,7.691581
mcs_docking/hne/29,10.227581925354055,data/fep/mcs_docking/mcs_docking_hne_29.sdf,,data/fep/mcs_docking/mcs_docking_hne_protein.pdb,29,-13.897701263427734,-14.869999885559082,0.1199999973177909,mcs_docking/hne,mcs_docking,634,mcs_docking_hne_29.sdf,mcs_docking_hne_protein.pdb,7.8660583,8.202004,8.207055,8.202938,7.7256775,7.350745,8.200327,8.210636,7.8794084,8.400589,8.024544
mcs_docking/hne/30,9.64022991428428,data/fep/mcs_docking/mcs_docking_hne_30.sdf,,data/fep/mcs_docking/mcs_docking_hne_protein.pdb,30,-13.099580764770508,-14.199999809265137,0.1500000059604644,mcs_docking/hne,mcs_docking,635,mcs_docking_hne_30.sdf,mcs_docking_hne_protein.pdb,7.6983776,8.446988,8.261637,8.211073,8.255672,7.9795403,8.369255,7.869197,7.7190833,8.097101,8.090793
mcs_docking/hne/21 neutral,9.03577648432584,data/fep/mcs_docking/mcs_docking_hne_21_neutral.sdf,,data/fep/mcs_docking/mcs_docking_hne_protein.pdb,21 neutral,-12.27822208404541,-11.300000190734863,0.1400000005960464,mcs_docking/hne,mcs_docking,636,mcs_docking_hne_21_neutral.sdf,mcs_docking_hne_protein.pdb,8.562612,8.086339,8.836503,8.418527,8.489519,8.368735,8.601934,8.473686,8.900779,7.8577256,8.459637
mcs_docking/hne/19 neutral,8.489545921753002,data/fep/mcs_docking/mcs_docking_hne_19_neutral.sdf,,data/fep/mcs_docking/mcs_docking_hne_protein.pdb,19 neutral,-11.53597927093506,-11.3100004196167,0.1099999994039535,mcs_docking/hne,mcs_docking,637,mcs_docking_hne_19_neutral.sdf,mcs_docking_hne_protein.pdb,8.62362,8.601164,8.628442,8.290952,8.858448,7.511253,8.807599,8.760483,8.27856,8.068923,8.442944
mcs_docking/hne/16 neutral,8.712276339763827,data/fep/mcs_docking/mcs_docking_hne_16_neutral.sdf,,data/fep/mcs_docking/mcs_docking_hne_protein.pdb,16 neutral,-11.838635444641112,-11.93000030517578,0.1099999994039535,mcs_docking/hne,mcs_docking,638,mcs_docking_hne_16_neutral.sdf,mcs_docking_hne_protein.pdb,8.719489,8.631503,8.6107435,8.420861,8.784005,7.7129855,8.648686,8.5904045,8.338243,8.287651,8.474457
misc/hfaah/6MRG ligand,7.570582751302144,data/fep/misc/misc_hfaah_6MRG_ligand.sdf,,data/fep/misc/misc_hfaah_protein.pdb,6MRG ligand,-10.287250518798828,-8.899999618530273,0.1000000014901161,misc/hfaah,misc,639,misc_hfaah_6MRG_ligand.sdf,misc_hfaah_protein.pdb,6.5194917,6.6817384,5.3211303,6.702096,6.9757786,6.6066475,6.1729293,6.7376895,5.7576027,5.717799,6.31929
misc/hfaah/fig 3,7.800436011694105,data/fep/misc/misc_hfaah_fig_3.sdf,,data/fep/misc/misc_hfaah_protein.pdb,fig 3,-10.59958553314209,-11.020000457763672,0.0900000035762786,misc/hfaah,misc,640,misc_hfaah_fig_3.sdf,misc_hfaah_protein.pdb,7.2911086,5.9327846,6.6488333,5.9980626,6.307153,6.1563168,4.697099,6.2062116,5.8291326,5.952324,6.1019025
misc/hfaah/2,6.376888693774999,data/fep/misc/misc_hfaah_2.sdf,,data/fep/misc/misc_hfaah_protein.pdb,2,-8.665205001831055,-8.619999885559082,0.0900000035762786,misc/hfaah,misc,641,misc_hfaah_2.sdf,misc_hfaah_protein.pdb,5.553476,5.9074845,6.0358744,6.185717,6.4272795,5.731984,6.5913553,6.052431,5.8566155,6.1448736,6.048709
misc/hfaah/4,8.334028073370357,data/fep/misc/misc_hfaah_4.sdf,,data/fep/misc/misc_hfaah_protein.pdb,4,-11.324654579162598,-10.829999923706056,0.0900000035762786,misc/hfaah,misc,642,misc_hfaah_4.sdf,misc_hfaah_protein.pdb,6.04189,6.501769,6.4983563,6.213956,7.574303,6.1246033,6.4676504,6.4959507,6.0399075,6.78103,6.473942
misc/hfaah/6,7.668635705476013,data/fep/misc/misc_hfaah_6.sdf,,data/fep/misc/misc_hfaah_protein.pdb,6,-10.420489311218262,-9.989999771118164,0.1099999994039535,misc/hfaah,misc,643,misc_hfaah_6.sdf,misc_hfaah_protein.pdb,7.1893916,6.499991,6.3555245,7.2719936,6.974277,5.6212997,6.153808,5.902607,6.1566496,6.193286,6.4318824
misc/hfaah/9,7.775514134370815,data/fep/misc/misc_hfaah_9.sdf,,data/fep/misc/misc_hfaah_protein.pdb,9,-10.565720558166504,-10.720000267028809,0.0900000035762786,misc/hfaah,misc,644,misc_hfaah_9.sdf,misc_hfaah_protein.pdb,6.875921,6.1375265,6.5330925,7.123787,6.6306148,6.4248433,5.409458,6.670572,6.256613,6.2801876,6.4342613
misc/hfaah/11,8.92138008444013,data/fep/misc/misc_hfaah_11.sdf,,data/fep/misc/misc_hfaah_protein.pdb,11,-12.122775077819824,-10.5600004196167,0.0900000035762786,misc/hfaah,misc,645,misc_hfaah_11.sdf,misc_hfaah_protein.pdb,6.9373646,5.7837453,6.3248324,5.703786,7.1533566,6.1099477,5.885702,5.135111,5.2773457,5.7944446,6.0105634
misc/hfaah/12,8.129096690301685,data/fep/misc/misc_hfaah_12.sdf,,data/fep/misc/misc_hfaah_protein.pdb,12,-11.046184539794922,-11.970000267028809,0.1000000014901161,misc/hfaah,misc,646,misc_hfaah_12.sdf,misc_hfaah_protein.pdb,6.790881,5.3794913,5.574965,6.734615,5.9779644,5.782634,6.409526,5.8992596,5.228477,5.992714,5.977053
misc/hfaah/15,6.321739126890626,data/fep/misc/misc_hfaah_15.sdf,,data/fep/misc/misc_hfaah_protein.pdb,15,-8.590265274047852,-8.350000381469727,0.0900000035762786,misc/hfaah,misc,647,misc_hfaah_15.sdf,misc_hfaah_protein.pdb,7.0629716,5.859917,6.740679,6.897232,6.8979907,6.191623,6.968077,7.27752,6.660566,6.951211,6.750779
misc/hfaah/14,5.771456916956837,data/fep/misc/misc_hfaah_14.sdf,,data/fep/misc/misc_hfaah_protein.pdb,14,-7.842516899108887,-8.539999961853027,0.0900000035762786,misc/hfaah,misc,648,misc_hfaah_14.sdf,misc_hfaah_protein.pdb,6.195912,5.688878,6.061063,7.334687,6.160609,5.40376,6.25589,5.447166,6.425063,6.3948355,6.1367865
misc/hfaah/19,5.866983644788122,data/fep/misc/misc_hfaah_19.sdf,,data/fep/misc/misc_hfaah_protein.pdb,19,-7.972322940826416,-7.46999979019165,0.0900000035762786,misc/hfaah,misc,649,misc_hfaah_19.sdf,misc_hfaah_protein.pdb,5.9928412,6.194137,5.8602858,6.33297,6.55304,6.2672434,6.250783,5.8222322,6.0350633,5.9805984,6.128919
misc/hfaah/20,5.019875980587026,data/fep/misc/misc_hfaah_20.sdf,,data/fep/misc/misc_hfaah_protein.pdb,20,-6.821234703063965,-7.139999866485596,0.0900000035762786,misc/hfaah,misc,650,misc_hfaah_20.sdf,misc_hfaah_protein.pdb,5.8196983,5.55251,6.5019627,6.3831735,6.454314,6.0268054,6.797163,5.9044704,6.0120964,5.6617374,6.111394
misc/hfaah/22,7.33886192922172,data/fep/misc/misc_hfaah_22.sdf,,data/fep/misc/misc_hfaah_protein.pdb,22,-9.97237777709961,-9.25,0.1000000014901161,misc/hfaah,misc,651,misc_hfaah_22.sdf,misc_hfaah_protein.pdb,7.147639,6.319653,5.8968444,6.3803205,6.49771,5.8573933,6.532974,6.179869,5.8909583,5.697793,6.2401156
misc/hfaah/23,7.855010080425701,data/fep/misc/misc_hfaah_23.sdf,,data/fep/misc/misc_hfaah_protein.pdb,23,-10.67374324798584,-11.609999656677246,0.1000000014901161,misc/hfaah,misc,652,misc_hfaah_23.sdf,misc_hfaah_protein.pdb,7.3281946,6.057896,6.7019835,6.094189,6.5756593,6.2813754,5.07224,6.557152,6.262953,6.06855,6.3000193
misc/hfaah/24,8.556758491381183,data/fep/misc/misc_hfaah_24.sdf,,data/fep/misc/misc_hfaah_protein.pdb,24,-11.627310752868652,-11.539999961853027,0.0900000035762786,misc/hfaah,misc,653,misc_hfaah_24.sdf,misc_hfaah_protein.pdb,7.253307,5.9465065,7.050502,7.229502,6.291067,6.0917797,6.5159206,6.7973065,6.0079107,7.0731406,6.6256943
misc/hfaah/25,8.858985557273913,data/fep/misc/misc_hfaah_25.sdf,,data/fep/misc/misc_hfaah_protein.pdb,25,-12.03799057006836,-11.68000030517578,0.0900000035762786,misc/hfaah,misc,654,misc_hfaah_25.sdf,misc_hfaah_protein.pdb,7.156502,6.33847,6.5433793,6.7070684,6.489479,6.9187374,6.133981,6.141894,5.9774995,6.0086856,6.4415693
misc/hfaah/26,7.855010080425701,data/fep/misc/misc_hfaah_26.sdf,,data/fep/misc/misc_hfaah_protein.pdb,26,-10.67374324798584,-11.0600004196167,0.0900000035762786,misc/hfaah,misc,655,misc_hfaah_26.sdf,misc_hfaah_protein.pdb,6.942251,6.3814225,6.258689,6.9404674,6.7649426,7.415839,6.0470824,6.365039,5.93003,6.1378865,6.5183654
misc/hfaah/27,8.233258346819172,data/fep/misc/misc_hfaah_27.sdf,,data/fep/misc/misc_hfaah_protein.pdb,27,-11.187724113464355,-11.06999969482422,0.1000000014901161,misc/hfaah,misc,656,misc_hfaah_27.sdf,misc_hfaah_protein.pdb,7.305302,7.043847,6.9977555,6.6446385,7.052439,6.5483923,6.3207793,6.8364005,6.904152,6.977685,6.863139
misc/hfaah/28,8.528618737191454,data/fep/misc/misc_hfaah_28.sdf,,data/fep/misc/misc_hfaah_protein.pdb,28,-11.589073181152344,-10.699999809265137,0.0900000035762786,misc/hfaah,misc,657,misc_hfaah_28.sdf,misc_hfaah_protein.pdb,7.6691284,6.8737974,6.891194,7.142969,7.9006834,6.7445817,7.398418,6.219608,5.9263597,6.266568,6.903331
misc/hfaah/29,7.952305061422743,data/fep/misc/misc_hfaah_29.sdf,,data/fep/misc/misc_hfaah_protein.pdb,29,-10.805952072143556,-10.670000076293944,0.1000000014901161,misc/hfaah,misc,658,misc_hfaah_29.sdf,misc_hfaah_protein.pdb,6.9064445,6.240365,6.6338325,6.9785743,6.7622743,5.889699,5.7466154,5.822031,5.946752,6.010712,6.29373
misc/hfaah/30,7.288495313448536,data/fep/misc/misc_hfaah_30.sdf,,data/fep/misc/misc_hfaah_protein.pdb,30,-9.903937339782717,-10.6899995803833,0.0900000035762786,misc/hfaah,misc,659,misc_hfaah_30.sdf,misc_hfaah_protein.pdb,6.884055,5.771225,6.7131896,6.8390255,6.569953,6.1026835,6.818851,5.558528,5.7737403,5.9287486,6.296
misc/hfaah/31,8.308621233579302,data/fep/misc/misc_hfaah_31.sdf,,data/fep/misc/misc_hfaah_protein.pdb,31,-11.290130615234377,-11.039999961853027,0.0900000035762786,misc/hfaah,misc,660,misc_hfaah_31.sdf,misc_hfaah_protein.pdb,7.0693383,6.062021,7.1081033,6.7416825,6.8156376,6.579301,6.934654,5.85205,6.2513,6.372115,6.57862
misc/hfaah/33 (Saha 2018),7.165046748715857,data/fep/misc/misc_hfaah_33_(Saha_2018).sdf,,data/fep/misc/misc_hfaah_protein.pdb,33 (Saha 2018),-9.73618984222412,-11.260000228881836,0.0900000035762786,misc/hfaah,misc,661,misc_hfaah_33_(Saha_2018).sdf,misc_hfaah_protein.pdb,6.6602817,6.3832755,6.8439565,6.7230024,7.1995616,6.428891,7.1263504,6.035677,6.421359,6.6362553,6.645861
misc/hfaah/39,7.885092491794558,data/fep/misc/misc_hfaah_39.sdf,,data/fep/misc/misc_hfaah_protein.pdb,39,-10.71462059020996,-11.800000190734863,0.0900000035762786,misc/hfaah,misc,662,misc_hfaah_39.sdf,misc_hfaah_protein.pdb,7.5150843,7.104359,7.228719,7.2329226,7.5793867,6.6695957,7.2783756,6.4097586,6.389631,7.222799,7.063063
misc/hiv_prot_ekegren/1,8.65405417420524,data/fep/misc/misc_hiv_prot_ekegren_1.sdf,,data/fep/misc/misc_hiv_prot_ekegren_protein.pdb,1,-11.759520530700684,-10.449999809265137,0.1199999973177909,misc/hiv_prot_ekegren,misc,663,misc_hiv_prot_ekegren_1.sdf,misc_hiv_prot_ekegren_protein.pdb,7.728305,7.454465,8.644767,8.2129135,7.1466494,8.417544,8.1483345,8.29273,8.510024,8.212302,8.076803
misc/hiv_prot_ekegren/9,7.729574643411915,data/fep/misc/misc_hiv_prot_ekegren_9.sdf,,data/fep/misc/misc_hiv_prot_ekegren_protein.pdb,9,-10.5032958984375,-10.100000381469728,0.1199999973177909,misc/hiv_prot_ekegren,misc,664,misc_hiv_prot_ekegren_9.sdf,misc_hiv_prot_ekegren_protein.pdb,7.9406643,7.9290366,8.666804,8.343541,8.051704,8.402513,7.951364,8.162708,8.569383,7.837311,8.185503
misc/hiv_prot_ekegren/10,7.952305061422743,data/fep/misc/misc_hiv_prot_ekegren_10.sdf,,data/fep/misc/misc_hiv_prot_ekegren_protein.pdb,10,-10.805952072143556,-10.59000015258789,0.1199999973177909,misc/hiv_prot_ekegren,misc,665,misc_hiv_prot_ekegren_10.sdf,misc_hiv_prot_ekegren_protein.pdb,7.9458504,8.062967,8.687798,8.109632,8.192563,8.175519,8.054455,8.385702,8.38303,7.9156146,8.191313
misc/hiv_prot_ekegren/11 (2cen),8.334028073370357,data/fep/misc/misc_hiv_prot_ekegren_11_(2cen).sdf,,data/fep/misc/misc_hiv_prot_ekegren_protein.pdb,11 (2cen),-11.324654579162598,-10.949999809265137,0.1199999973177909,misc/hiv_prot_ekegren,misc,666,misc_hiv_prot_ekegren_11_(2cen).sdf,misc_hiv_prot_ekegren_protein.pdb,8.153243,8.212276,8.872178,7.9614525,8.168103,8.1951,7.884479,8.394301,8.362212,8.097897,8.2301235
misc/hiv_prot_ekegren/12,8.292470790296745,data/fep/misc/misc_hiv_prot_ekegren_12.sdf,,data/fep/misc/misc_hiv_prot_ekegren_protein.pdb,12,-11.268184661865234,-10.979999542236328,0.1199999973177909,misc/hiv_prot_ekegren,misc,667,misc_hiv_prot_ekegren_12.sdf,misc_hiv_prot_ekegren_protein.pdb,8.211788,8.233003,8.926805,7.863008,8.196224,8.196775,7.8300157,8.300731,8.370054,8.141189,8.226959
misc/hiv_prot_ekegren/13,7.990244426231032,data/fep/misc/misc_hiv_prot_ekegren_13.sdf,,data/fep/misc/misc_hiv_prot_ekegren_protein.pdb,13,-10.857505798339844,-11.1899995803833,0.1199999973177909,misc/hiv_prot_ekegren,misc,668,misc_hiv_prot_ekegren_13.sdf,misc_hiv_prot_ekegren_protein.pdb,7.881523,7.759521,8.115902,7.739527,7.67556,8.052248,7.4856358,7.9125075,7.8578777,7.6971946,7.81775
misc/hiv_prot_ekegren/14,7.855010080425701,data/fep/misc/misc_hiv_prot_ekegren_14.sdf,,data/fep/misc/misc_hiv_prot_ekegren_protein.pdb,14,-10.67374324798584,-11.90999984741211,0.1199999973177909,misc/hiv_prot_ekegren,misc,669,misc_hiv_prot_ekegren_14.sdf,misc_hiv_prot_ekegren_protein.pdb,7.877402,7.309075,7.7830024,7.067131,7.1602407,8.121605,7.1086564,7.7588573,7.4992247,7.443927,7.512912
misc/hiv_prot_ekegren/15,8.07774049843653,data/fep/misc/misc_hiv_prot_ekegren_15.sdf,,data/fep/misc/misc_hiv_prot_ekegren_protein.pdb,15,-10.976399421691896,-11.779999732971191,0.1199999973177909,misc/hiv_prot_ekegren,misc,670,misc_hiv_prot_ekegren_15.sdf,misc_hiv_prot_ekegren_protein.pdb,8.002864,7.6620874,8.064311,6.975938,7.709445,7.753502,6.840222,7.5211005,7.780613,7.7439733,7.6054053
misc/hiv_prot_ekegren/16,8.140135727429762,data/fep/misc/misc_hiv_prot_ekegren_16.sdf,,data/fep/misc/misc_hiv_prot_ekegren_protein.pdb,16,-11.061184883117676,-11.979999542236328,0.1199999973177909,misc/hiv_prot_ekegren,misc,671,misc_hiv_prot_ekegren_16.sdf,misc_hiv_prot_ekegren_protein.pdb,8.066777,7.723286,8.248047,6.852588,7.7516313,7.7191386,6.656862,7.473582,7.88522,7.8811255,7.6258264
misc/hiv_prot_ekegren/17,8.453688175872925,data/fep/misc/misc_hiv_prot_ekegren_17.sdf,,data/fep/misc/misc_hiv_prot_ekegren_protein.pdb,17,-11.48725414276123,-10.279999732971191,0.1199999973177909,misc/hiv_prot_ekegren,misc,672,misc_hiv_prot_ekegren_17.sdf,misc_hiv_prot_ekegren_protein.pdb,8.366323,8.649314,9.206475,8.480788,7.814697,8.277866,7.774275,8.254682,8.569928,8.389447,8.378381
misc/hiv_prot_ekegren/18,8.712276339763827,data/fep/misc/misc_hiv_prot_ekegren_18.sdf,,data/fep/misc/misc_hiv_prot_ekegren_protein.pdb,18,-11.838635444641112,-11.300000190734863,0.1199999973177909,misc/hiv_prot_ekegren,misc,673,misc_hiv_prot_ekegren_18.sdf,misc_hiv_prot_ekegren_protein.pdb,8.329784,7.9453306,8.353318,8.052692,8.2307205,8.423296,8.023181,8.301382,8.217432,8.261518,8.213865
misc/hiv_prot_ekegren/19,7.990244426231032,data/fep/misc/misc_hiv_prot_ekegren_19.sdf,,data/fep/misc/misc_hiv_prot_ekegren_protein.pdb,19,-10.857505798339844,-11.3100004196167,0.1199999973177909,misc/hiv_prot_ekegren,misc,674,misc_hiv_prot_ekegren_19.sdf,misc_hiv_prot_ekegren_protein.pdb,8.064784,8.3235855,8.444264,7.676602,7.4233217,8.238122,7.770024,8.352182,8.367656,7.218296,7.987883
misc/hiv_prot_ekegren/20,8.489545921753002,data/fep/misc/misc_hiv_prot_ekegren_20.sdf,,data/fep/misc/misc_hiv_prot_ekegren_protein.pdb,20,-11.53597927093506,-12.140000343322754,0.1199999973177909,misc/hiv_prot_ekegren,misc,675,misc_hiv_prot_ekegren_20.sdf,misc_hiv_prot_ekegren_protein.pdb,8.85352,8.165965,8.149205,8.85987,8.086024,8.603336,7.821887,7.859149,8.97929,8.105036,8.348329
misc/cdk8_koehler/12,7.236259732332854,data/fep/misc/misc_cdk8_koehler_12.sdf,,data/fep/misc/misc_cdk8_koehler_protein.pdb,12,-9.83295726776123,-9.300000190734863,0.1599999964237213,misc/cdk8_koehler,misc,676,misc_cdk8_koehler_12.sdf,misc_cdk8_koehler_protein.pdb,8.000564,7.0598736,7.550247,8.019572,6.9591618,7.3111815,7.534877,8.178586,7.596159,5.984224,7.419444
misc/cdk8_koehler/13,8.240235209181066,data/fep/misc/misc_cdk8_koehler_13.sdf,,data/fep/misc/misc_cdk8_koehler_protein.pdb,13,-11.19720458984375,-11.390000343322754,0.1700000017881393,misc/cdk8_koehler,misc,677,misc_cdk8_koehler_13.sdf,misc_cdk8_koehler_protein.pdb,8.848192,8.342611,8.256171,8.580321,8.634925,8.175082,8.446631,8.849936,8.471451,7.932376,8.45377
misc/cdk8_koehler/14,8.118329962055654,data/fep/misc/misc_cdk8_koehler_14.sdf,,data/fep/misc/misc_cdk8_koehler_protein.pdb,14,-11.031554222106934,-10.8100004196167,0.1500000059604644,misc/cdk8_koehler,misc,678,misc_cdk8_koehler_14.sdf,misc_cdk8_koehler_protein.pdb,7.8450623,7.3681273,7.1912303,8.065189,6.9589214,7.016923,7.6776085,8.535979,7.443947,7.3495607,7.545255
misc/cdk8_koehler/15,7.1532616694702185,data/fep/misc/misc_cdk8_koehler_15.sdf,,data/fep/misc/misc_cdk8_koehler_protein.pdb,15,-9.720175743103027,-10.170000076293944,0.1700000017881393,misc/cdk8_koehler,misc,679,misc_cdk8_koehler_15.sdf,misc_cdk8_koehler_protein.pdb,7.332296,6.9755263,7.0466685,7.6228294,6.934701,6.5223274,7.0118127,7.117058,7.33453,6.931827,7.0829573
misc/cdk8_koehler/16,7.826869624408958,data/fep/misc/misc_cdk8_koehler_16.sdf,,data/fep/misc/misc_cdk8_koehler_protein.pdb,16,-10.635504722595217,-11.640000343322754,0.1599999964237213,misc/cdk8_koehler,misc,680,misc_cdk8_koehler_16.sdf,misc_cdk8_koehler_protein.pdb,7.236527,7.107662,7.160189,7.5368385,6.7490807,6.9297175,6.5222106,7.802204,7.5896845,6.959852,7.159397
misc/cdk8_koehler/17,7.65007869735703,data/fep/misc/misc_cdk8_koehler_17.sdf,,data/fep/misc/misc_cdk8_koehler_protein.pdb,17,-10.395273208618164,-12.149999618530272,0.1599999964237213,misc/cdk8_koehler,misc,681,misc_cdk8_koehler_17.sdf,misc_cdk8_koehler_protein.pdb,7.1350083,6.619543,7.759955,7.908198,6.310796,6.881363,6.4427,7.5598783,7.745306,6.3572893,7.072004
misc/cdk8_koehler/19,7.524643260343243,data/fep/misc/misc_cdk8_koehler_19.sdf,,data/fep/misc/misc_cdk8_koehler_protein.pdb,19,-10.224825859069824,-10.100000381469728,0.1700000017881393,misc/cdk8_koehler,misc,682,misc_cdk8_koehler_19.sdf,misc_cdk8_koehler_protein.pdb,8.163677,7.3851895,7.504434,8.122611,7.442872,7.4316273,7.640277,7.911015,7.1979733,6.769787,7.556946
misc/cdk8_koehler/20,7.567564895135143,data/fep/misc/misc_cdk8_koehler_20.sdf,,data/fep/misc/misc_cdk8_koehler_protein.pdb,20,-10.28314971923828,-9.43000030517578,0.1500000059604644,misc/cdk8_koehler,misc,683,misc_cdk8_koehler_20.sdf,misc_cdk8_koehler_protein.pdb,7.2077184,7.2070236,6.9432297,7.5413017,6.379808,7.4298506,6.623035,7.785286,6.7649646,6.934156,7.0816374
misc/cdk8_koehler/21,7.2578851281639585,data/fep/misc/misc_cdk8_koehler_21.sdf,,data/fep/misc/misc_cdk8_koehler_protein.pdb,21,-9.862342834472656,-8.210000038146973,0.1599999964237213,misc/cdk8_koehler,misc,684,misc_cdk8_koehler_21.sdf,misc_cdk8_koehler_protein.pdb,8.296409,7.6181593,7.4503956,7.7053356,7.34946,6.945022,7.3947597,7.6796937,6.836061,7.2012734,7.447657
misc/cdk8_koehler/22,8.308621233579302,data/fep/misc/misc_cdk8_koehler_22.sdf,,data/fep/misc/misc_cdk8_koehler_protein.pdb,22,-11.290130615234377,-11.279999732971191,0.1599999964237213,misc/cdk8_koehler,misc,685,misc_cdk8_koehler_22.sdf,misc_cdk8_koehler_protein.pdb,7.3058257,7.0814786,6.625734,8.040756,7.399848,6.852786,8.022687,7.4612145,7.6869917,7.4511485,7.3928475
misc/galectin3_extra/18a,4.656709977019631,data/fep/misc/misc_galectin3_extra_18a.sdf,,data/fep/misc/misc_galectin3_extra_protein.pdb,18a,-6.327748299,-6.460000038,0.07999999821,misc/galectin3_extra,misc,686,misc_galectin3_extra_18a.sdf,misc_galectin3_extra_protein.pdb,5.77583,6.087,6.318343,6.024592,5.234098,7.0683885,6.4307747,5.585326,6.366731,5.7650285,6.0656114
misc/galectin3_extra/18b,5.490259395666277,data/fep/misc/misc_galectin3_extra_18b.sdf,,data/fep/misc/misc_galectin3_extra_protein.pdb,18b,-7.460412979,-6.590000153,0.07999999821,misc/galectin3_extra,misc,687,misc_galectin3_extra_18b.sdf,misc_galectin3_extra_protein.pdb,5.7076206,6.215573,7.3023825,5.910524,5.141229,6.9542055,6.2453628,5.348841,6.789947,5.9937425,6.160943
misc/galectin3_extra/18d,4.978318697685176,data/fep/misc/misc_galectin3_extra_18d.sdf,,data/fep/misc/misc_galectin3_extra_protein.pdb,18d,-6.764764786,-6.039999962,0.07999999821,misc/galectin3_extra,misc,688,misc_galectin3_extra_18d.sdf,misc_galectin3_extra_protein.pdb,5.794702,5.8311267,6.487027,5.8825502,5.343737,6.506304,6.129943,5.30407,5.5363207,6.459344,5.927512
misc/galectin3_extra/18e,4.76358875624995,data/fep/misc/misc_galectin3_extra_18e.sdf,,data/fep/misc/misc_galectin3_extra_protein.pdb,18e,-6.472980022,-6.389999866,0.07999999821,misc/galectin3_extra,misc,689,misc_galectin3_extra_18e.sdf,misc_galectin3_extra_protein.pdb,5.709579,5.8640814,5.820966,6.044715,5.1151223,6.8090186,6.171146,5.238944,5.9640684,6.140169,5.8877816
misc/galectin3_extra/18f,4.071638552812014,data/fep/misc/misc_galectin3_extra_18f.sdf,,data/fep/misc/misc_galectin3_extra_protein.pdb,18f,-5.532726765,-5.900000095,0.09000000358,misc/galectin3_extra,misc,690,misc_galectin3_extra_18f.sdf,misc_galectin3_extra_protein.pdb,5.5980225,5.931058,5.7348776,6.156586,5.141098,6.4575257,6.1472125,5.1546063,5.978366,6.0957093,5.8395066
misc/galectin3_extra/18g,4.76358875624995,data/fep/misc/misc_galectin3_extra_18g.sdf,,data/fep/misc/misc_galectin3_extra_protein.pdb,18g,-6.472980022,-5.940000057,0.07999999821,misc/galectin3_extra,misc,691,misc_galectin3_extra_18g.sdf,misc_galectin3_extra_protein.pdb,5.7671113,5.9596186,5.413594,6.3534465,5.429334,6.3822646,6.4212956,5.0758414,6.104201,6.6928124,5.9599524
misc/galectin3_extra/18h,4.415422550379205,data/fep/misc/misc_galectin3_extra_18h.sdf,,data/fep/misc/misc_galectin3_extra_protein.pdb,18h,-5.999876022,-5.710000038,0.07999999821,misc/galectin3_extra,misc,692,misc_galectin3_extra_18h.sdf,misc_galectin3_extra_protein.pdb,5.9735665,6.2440724,5.506584,6.8012924,6.186611,6.620285,6.456371,5.2803116,6.143395,6.873232,6.2085724
misc/galectin3_extra/18i,3.536882861971239,data/fep/misc/misc_galectin3_extra_18i.sdf,,data/fep/misc/misc_galectin3_extra_protein.pdb,18i,-4.806076527,-5.519999981,0.07999999821,misc/galectin3_extra,misc,693,misc_galectin3_extra_18i.sdf,misc_galectin3_extra_protein.pdb,6.397748,6.361072,7.6340957,6.9500113,6.6968102,7.045659,7.281264,6.185643,6.997817,6.588599,6.813872
misc/galectin3_extra/17m,3.020734359650187,data/fep/misc/misc_galectin3_extra_17m.sdf,,data/fep/misc/misc_galectin3_extra_protein.pdb,17m,-4.104710579,-4.349999905,0.09000000358,misc/galectin3_extra,misc,694,misc_galectin3_extra_17m.sdf,misc_galectin3_extra_protein.pdb,5.200214,5.649709,5.4951262,4.9078255,5.2160034,5.262083,5.0893207,4.777681,4.6907573,3.9531822,5.02419
misc/galectin3_extra/17q,3.6721168564827056,data/fep/misc/misc_galectin3_extra_17q.sdf,,data/fep/misc/misc_galectin3_extra_protein.pdb,17q,-4.9898386,-5.449999809,0.07999999821,misc/galectin3_extra,misc,695,misc_galectin3_extra_17q.sdf,misc_galectin3_extra_protein.pdb,4.649779,5.245506,5.271894,4.576071,4.6941323,4.579495,5.321011,4.188416,4.901188,5.008288,4.843578
misc/galectin3_extra/17r,3.495325578380544,data/fep/misc/misc_galectin3_extra_17r.sdf,,data/fep/misc/misc_galectin3_extra_protein.pdb,17r,-4.749606609,-5.090000153,0.07999999821,misc/galectin3_extra,misc,696,misc_galectin3_extra_17r.sdf,misc_galectin3_extra_protein.pdb,4.5337167,5.512338,5.2145815,4.763946,4.9980536,4.5192094,5.220532,4.1153383,4.6892705,4.964787,4.853177
misc/galectin3_extra/17n,3.61637880742316,data/fep/misc/misc_galectin3_extra_17n.sdf,,data/fep/misc/misc_galectin3_extra_protein.pdb,17n,-4.914099216,-5.46999979,0.07999999821,misc/galectin3_extra,misc,697,misc_galectin3_extra_17n.sdf,misc_galectin3_extra_protein.pdb,5.048939,5.2035756,6.6059065,5.148547,4.7007303,5.0820746,5.4853888,4.413045,5.246035,5.83899,5.2773232
misc/galectin3_extra/17p,3.7136741393374817,data/fep/misc/misc_galectin3_extra_17p.sdf,,data/fep/misc/misc_galectin3_extra_protein.pdb,17p,-5.046308517,-5.71999979,0.07999999821,misc/galectin3_extra,misc,698,misc_galectin3_extra_17p.sdf,misc_galectin3_extra_protein.pdb,5.378936,5.712292,6.06544,5.0852084,5.1426787,5.178398,5.5790896,5.0083914,5.255157,5.7458754,5.4151473
misc/galectin3_extra/17o,3.7596132794624673,data/fep/misc/misc_galectin3_extra_17o.sdf,,data/fep/misc/misc_galectin3_extra_protein.pdb,17o,-5.1087327,-5.269999981,0.07999999821,misc/galectin3_extra,misc,699,misc_galectin3_extra_17o.sdf,misc_galectin3_extra_protein.pdb,5.4423733,5.6705027,6.0884204,4.9814787,5.121747,5.2660284,5.7784224,5.107878,4.9048305,5.9859858,5.434767
misc/galectin3_extra/17f,4.843084702437791,data/fep/misc/misc_galectin3_extra_17f.sdf,,data/fep/misc/misc_galectin3_extra_protein.pdb,17f,-6.581002712,-6.460000038,0.07999999821,misc/galectin3_extra,misc,700,misc_galectin3_extra_17f.sdf,misc_galectin3_extra_protein.pdb,6.013054,5.1964664,6.1201153,5.416211,4.9313693,6.424252,5.4561396,5.6977634,6.381703,6.2155485,5.785262
misc/galectin3_extra/17e,5.075614029599499,data/fep/misc/misc_galectin3_extra_17e.sdf,,data/fep/misc/misc_galectin3_extra_protein.pdb,17e,-6.896974087,-6.570000172,0.07999999821,misc/galectin3_extra,misc,701,misc_galectin3_extra_17e.sdf,misc_galectin3_extra_protein.pdb,5.8916583,5.171874,6.090398,5.4968185,5.0404396,6.187361,5.5823817,5.7166753,5.93195,6.020934,5.713049
misc/galectin3_extra/17g,5.305001276413647,data/fep/misc/misc_galectin3_extra_17g.sdf,,data/fep/misc/misc_galectin3_extra_protein.pdb,17g,-7.208675861,-6.829999924,0.07999999821,misc/galectin3_extra,misc,702,misc_galectin3_extra_17g.sdf,misc_galectin3_extra_protein.pdb,5.940895,5.4468627,6.071432,5.5281744,5.146344,6.318435,5.550625,5.609759,6.3120255,6.3336763,5.8258233
misc/galectin3_extra/17a,4.071638552812014,data/fep/misc/misc_galectin3_extra_17a.sdf,,data/fep/misc/misc_galectin3_extra_protein.pdb,17a,-5.532726765,-5.159999847,0.07999999821,misc/galectin3_extra,misc,703,misc_galectin3_extra_17a.sdf,misc_galectin3_extra_protein.pdb,5.3854265,4.9635935,5.7649803,5.049573,4.874432,4.842859,5.868062,4.837989,5.453736,5.7518144,5.279247
misc/galectin3_extra/17j,4.740014035975239,data/fep/misc/misc_galectin3_extra_17j.sdf,,data/fep/misc/misc_galectin3_extra_protein.pdb,17j,-6.440945625,-6.349999905,0.07999999821,misc/galectin3_extra,misc,704,misc_galectin3_extra_17j.sdf,misc_galectin3_extra_protein.pdb,5.8868704,5.189314,6.6948996,5.1657,4.9180202,5.2689867,5.5356913,4.7135277,5.878462,6.2744293,5.5525904
misc/galectin3_extra/17l,4.373865267524429,data/fep/misc/misc_galectin3_extra_17l.sdf,,data/fep/misc/misc_galectin3_extra_protein.pdb,17l,-5.943406105,-6.409999847,0.07999999821,misc/galectin3_extra,misc,705,misc_galectin3_extra_17l.sdf,misc_galectin3_extra_protein.pdb,5.9373035,5.305027,6.2934237,6.0139623,5.0430875,5.6443386,5.177219,4.9870877,6.9667687,6.01855,5.738677
misc/galectin3_extra/17c,4.676091982236843,data/fep/misc/misc_galectin3_extra_17c.sdf,,data/fep/misc/misc_galectin3_extra_protein.pdb,17c,-6.354085445,-6.150000095,0.07999999821,misc/galectin3_extra,misc,706,misc_galectin3_extra_17c.sdf,misc_galectin3_extra_protein.pdb,5.8579345,4.765714,6.0013895,5.399924,4.894896,5.698473,5.7189636,5.198094,5.927438,5.838253,5.530108
misc/galectin3_extra/17k,4.873166763344286,data/fep/misc/misc_galectin3_extra_17k.sdf,,data/fep/misc/misc_galectin3_extra_protein.pdb,17k,-6.621879578,-6.75,0.07999999821,misc/galectin3_extra,misc,707,misc_galectin3_extra_17k.sdf,misc_galectin3_extra_protein.pdb,5.9594703,5.5298963,6.477226,5.618868,5.3106265,5.7666717,5.7224207,4.9522915,6.221357,6.638877,5.8197703
misc/galectin3_extra/17b,4.052256897892231,data/fep/misc/misc_galectin3_extra_17b.sdf,,data/fep/misc/misc_galectin3_extra_protein.pdb,17b,-5.506390095,-5.150000095,0.07999999821,misc/galectin3_extra,misc,708,misc_galectin3_extra_17b.sdf,misc_galectin3_extra_protein.pdb,5.7440476,4.7926373,5.8630085,4.986911,4.853205,5.70259,5.586255,5.4854155,6.0204597,6.1722565,5.5206785
misc/galectin3_extra/17h flip,4.656709977019631,data/fep/misc/misc_galectin3_extra_17h_flip.sdf,,data/fep/misc/misc_galectin3_extra_protein.pdb,17h flip,-6.327748299,-6.170000076,0.07999999821,misc/galectin3_extra,misc,709,misc_galectin3_extra_17h_flip.sdf,misc_galectin3_extra_protein.pdb,5.856184,5.122847,6.138433,5.4257197,5.578267,5.6243796,5.7561617,5.299526,5.963092,5.5072865,5.6271896
misc/galectin3_extra/17i,4.373865267524429,data/fep/misc/misc_galectin3_extra_17i.sdf,,data/fep/misc/misc_galectin3_extra_protein.pdb,17i,-5.943406105,-6.389999866,0.07999999821,misc/galectin3_extra,misc,710,misc_galectin3_extra_17i.sdf,misc_galectin3_extra_protein.pdb,5.674568,5.1663847,6.087183,5.613018,4.913415,5.1016307,5.707464,4.7242966,5.595498,6.164821,5.474828
misc/galectin3_extra/17d,4.5265610692226526,data/fep/misc/misc_galectin3_extra_17d.sdf,,data/fep/misc/misc_galectin3_extra_protein.pdb,17d,-6.150896072,-5.960000038,0.07999999821,misc/galectin3_extra,misc,711,misc_galectin3_extra_17d.sdf,misc_galectin3_extra_protein.pdb,5.804733,4.725473,6.0517015,5.3305354,5.1124463,5.6157703,5.500674,5.078248,6.4467077,5.635818,5.530211
misc/btk_extra_flip/2,5.65769707417426,data/fep/misc/misc_btk_extra_flip_2.sdf,,data/fep/misc/misc_btk_extra_flip_protein.pdb,2,-7.687934875488281,-8.069999694824219,0.2800000011920929,misc/btk_extra_flip,misc,712,misc_btk_extra_flip_2.sdf,misc_btk_extra_flip_protein.pdb,4.765856,4.077307,5.4541507,4.519034,5.0823636,4.5500736,4.676781,4.28831,5.166982,4.8010354,4.738189
misc/btk_extra_flip/7,6.685533967725219,data/fep/misc/misc_btk_extra_flip_7.sdf,,data/fep/misc/misc_btk_extra_flip_protein.pdb,7,-9.084606170654297,-8.229999542236328,0.25,misc/btk_extra_flip,misc,713,misc_btk_extra_flip_7.sdf,misc_btk_extra_flip_protein.pdb,7.073488,6.888893,7.441063,6.6494308,6.53841,7.2802176,5.8085785,7.2078013,7.6813674,5.767606,6.8336854
misc/btk_extra_flip/8,7.069521073625097,data/fep/misc/misc_btk_extra_flip_8.sdf,,data/fep/misc/misc_btk_extra_flip_protein.pdb,8,-9.606385231018066,-8.289999961853027,0.2399999946355819,misc/btk_extra_flip,misc,714,misc_btk_extra_flip_8.sdf,misc_btk_extra_flip_protein.pdb,7.994153,6.777956,7.767983,7.2799473,7.198715,7.4449544,6.2806687,7.2899246,7.7654157,6.809484,7.2609205
misc/btk_extra_flip/9 flip,6.130871655387187,data/fep/misc/misc_btk_extra_flip_9_flip.sdf,,data/fep/misc/misc_btk_extra_flip_protein.pdb,9 flip,-8.33090591430664,-8.9399995803833,0.2300000041723251,misc/btk_extra_flip,misc,715,misc_btk_extra_flip_9_flip.sdf,misc_btk_extra_flip_protein.pdb,6.503512,5.991076,6.867493,6.1864676,7.533997,7.0509305,6.7348394,8.208096,6.9925213,5.978935,6.8047867
misc/btk_extra_flip/10,7.999483277064144,data/fep/misc/misc_btk_extra_flip_10.sdf,,data/fep/misc/misc_btk_extra_flip_protein.pdb,10,-10.870059967041016,-11.350000381469728,0.270000010728836,misc/btk_extra_flip,misc,716,misc_btk_extra_flip_10.sdf,misc_btk_extra_flip_protein.pdb,8.22155,8.177631,8.209775,7.776736,7.662431,7.9319587,8.172052,8.066425,8.315286,7.7834396,8.031728
misc/btk_extra_flip/11,8.48134086211384,data/fep/misc/misc_btk_extra_flip_11.sdf,,data/fep/misc/misc_btk_extra_flip_protein.pdb,11,-11.524829864501951,-12.210000038146973,0.270000010728836,misc/btk_extra_flip,misc,717,misc_btk_extra_flip_11.sdf,misc_btk_extra_flip_protein.pdb,8.661243,8.271599,8.51894,7.950757,7.7826047,8.242926,8.348817,8.362372,8.055473,8.439235,8.263396
opls_stress/cr_bace1/4,-0.3017267728910903,data/fep/opls_stress/opls_stress_cr_bace1_4.sdf,,data/fep/opls_stress/opls_stress_cr_bace1_protein.pdb,4,0.4099999964237213,-0.2199999988079071,0.2000000029802322,opls_stress/cr_bace1,opls_stress,718,opls_stress_cr_bace1_4.sdf,opls_stress_cr_bace1_protein.pdb,7.6023293,7.8220124,7.169892,7.758923,6.9622965,7.1603723,6.9316106,7.5416656,7.5509124,7.010583,7.35106
opls_stress/cr_bace1/1,0.7285597820614707,data/fep/opls_stress/opls_stress_cr_bace1_1.sdf,,data/fep/opls_stress/opls_stress_cr_bace1_protein.pdb,1,-0.9900000095367432,-0.4799999892711639,0.1800000071525573,opls_stress/cr_bace1,opls_stress,719,opls_stress_cr_bace1_1.sdf,opls_stress_cr_bace1_protein.pdb,7.5129113,7.4968343,7.178973,7.456207,7.506298,7.202339,6.9027276,7.4796762,7.939013,6.564198,7.3239183
opls_stress/cr_bace1/3,0.6549678680467852,data/fep/opls_stress/opls_stress_cr_bace1_3.sdf,,data/fep/opls_stress/opls_stress_cr_bace1_protein.pdb,3,-0.8899999856948853,-0.2000000029802322,0.209999993443489,opls_stress/cr_bace1,opls_stress,720,opls_stress_cr_bace1_3.sdf,opls_stress_cr_bace1_protein.pdb,7.634148,7.463956,7.070845,8.202774,6.72085,7.778862,7.0829268,7.675087,8.190236,7.0012536,7.482094
opls_stress/cr_bace1/7,-0.6696862771682353,data/fep/opls_stress/opls_stress_cr_bace1_7.sdf,,data/fep/opls_stress/opls_stress_cr_bace1_protein.pdb,7,0.9100000262260436,0.1899999976158142,0.209999993443489,opls_stress/cr_bace1,opls_stress,721,opls_stress_cr_bace1_7.sdf,opls_stress_cr_bace1_protein.pdb,7.0962353,7.208092,6.923328,7.3377376,6.700799,6.9220147,6.731462,6.6893034,7.968648,6.353431,6.9931054
opls_stress/cr_bace1/9R,-0.5225024491388642,data/fep/opls_stress/opls_stress_cr_bace1_9R.sdf,,data/fep/opls_stress/opls_stress_cr_bace1_protein.pdb,9R,0.7099999785423279,-0.0900000035762786,0.25,opls_stress/cr_bace1,opls_stress,722,opls_stress_cr_bace1_9R.sdf,opls_stress_cr_bace1_protein.pdb,7.0766263,6.703678,7.335886,7.4468865,6.8830333,6.9077578,6.789729,7.2004666,7.772598,7.1592417,7.12759
opls_stress/cr_bace1/5,-0.6696862771682353,data/fep/opls_stress/opls_stress_cr_bace1_5.sdf,,data/fep/opls_stress/opls_stress_cr_bace1_protein.pdb,5,0.9100000262260436,0.0199999995529651,0.209999993443489,opls_stress/cr_bace1,opls_stress,723,opls_stress_cr_bace1_5.sdf,opls_stress_cr_bace1_protein.pdb,7.3973927,7.0491533,7.149686,7.614081,7.401636,7.355068,6.625189,6.9779925,7.543201,6.324776,7.143818
opls_stress/cr_bace1/10,0.213416493619143,data/fep/opls_stress/opls_stress_cr_bace1_10.sdf,,data/fep/opls_stress/opls_stress_cr_bace1_protein.pdb,10,-0.2899999916553497,1.809999942779541,0.2000000029802322,opls_stress/cr_bace1,opls_stress,724,opls_stress_cr_bace1_10.sdf,opls_stress_cr_bace1_protein.pdb,7.611301,7.2496986,7.0634127,7.4903226,6.8897123,6.1930604,6.7800584,6.8705115,7.441709,6.3543267,6.9944115
opls_stress/cr_bace1/6,1.317294918722201,data/fep/opls_stress/opls_stress_cr_bace1_6.sdf,,data/fep/opls_stress/opls_stress_cr_bace1_protein.pdb,6,-1.7899999618530271,-0.949999988079071,0.2000000029802322,opls_stress/cr_bace1,opls_stress,725,opls_stress_cr_bace1_6.sdf,opls_stress_cr_bace1_protein.pdb,7.4777017,7.5028133,7.3252144,7.8669205,7.6228833,7.442763,6.772665,7.2046294,7.9230423,6.7196712,7.385831
opls_stress/cr_bace1/2,0.1398246015365517,data/fep/opls_stress/opls_stress_cr_bace1_2.sdf,,data/fep/opls_stress/opls_stress_cr_bace1_protein.pdb,2,-0.1899999976158142,0.6100000143051147,0.2399999946355819,opls_stress/cr_bace1,opls_stress,726,opls_stress_cr_bace1_2.sdf,opls_stress_cr_bace1_protein.pdb,7.48576,7.4771185,7.2946386,7.6862054,7.453435,7.5263314,6.6676145,7.1216316,7.801672,6.8565435,7.3370957
opls_stress/cr_bace1/9S,-1.332013283979463,data/fep/opls_stress/opls_stress_cr_bace1_9S.sdf,,data/fep/opls_stress/opls_stress_cr_bace1_protein.pdb,9S,1.809999942779541,-0.5699999928474426,0.2000000029802322,opls_stress/cr_bace1,opls_stress,727,opls_stress_cr_bace1_9S.sdf,opls_stress_cr_bace1_protein.pdb,7.551104,6.5591035,7.1511645,7.634152,7.062108,7.1275206,6.9740896,7.3177133,7.5196257,7.1288776,7.202546
opls_stress/cr_bace1/8,0.434192169866917,data/fep/opls_stress/opls_stress_cr_bace1_8.sdf,,data/fep/opls_stress/opls_stress_cr_bace1_protein.pdb,8,-0.5899999737739563,-0.1000000014901161,0.1899999976158142,opls_stress/cr_bace1,opls_stress,728,opls_stress_cr_bace1_8.sdf,opls_stress_cr_bace1_protein.pdb,7.5874305,6.8410187,6.8510723,7.4361334,6.8820634,7.1336126,6.574761,6.9925256,8.007327,6.7071967,7.1013145
opls_stress/hc_bace1/22256_26_0_ligand,5.121996022316187,data/fep/opls_stress/opls_stress_hc_bace1_22256_26_0_ligand.sdf,,data/fep/opls_stress/opls_stress_hc_bace1_protein.pdb,22256_26_0_ligand,-6.960000038146973,-6.769999980926514,0.1700000017881393,opls_stress/hc_bace1,opls_stress,729,opls_stress_hc_bace1_22256_26_0_ligand.sdf,opls_stress_hc_bace1_protein.pdb,5.878938,5.7020993,6.4455633,7.3448677,7.0775642,5.939567,5.774255,6.049004,6.366309,6.102836,6.2681003
opls_stress/hc_bace1/22250_20_0_ligand,5.968302550978998,data/fep/opls_stress/opls_stress_hc_bace1_22250_20_0_ligand.sdf,,data/fep/opls_stress/opls_stress_hc_bace1_protein.pdb,22250_20_0_ligand,-8.109999656677246,-8.359999656677246,0.1700000017881393,opls_stress/hc_bace1,opls_stress,730,opls_stress_hc_bace1_22250_20_0_ligand.sdf,opls_stress_hc_bace1_protein.pdb,6.539822,6.7393947,6.4519367,6.61395,6.3580275,6.3804216,6.279892,6.329067,6.689937,6.1906414,6.457309
opls_stress/hc_bace1/22251_21_0_ligand,6.924997345441533,data/fep/opls_stress/opls_stress_hc_bace1_22251_21_0_ligand.sdf,,data/fep/opls_stress/opls_stress_hc_bace1_protein.pdb,22251_21_0_ligand,-9.40999984741211,-9.75,0.1700000017881393,opls_stress/hc_bace1,opls_stress,731,opls_stress_hc_bace1_22251_21_0_ligand.sdf,opls_stress_hc_bace1_protein.pdb,6.260922,6.6418386,6.4635,6.770839,6.138747,6.186608,6.1177316,6.2731056,6.6567893,6.0821147,6.3592196
opls_stress/hc_bace1/19677_19_0_ligand,7.234083366757538,data/fep/opls_stress/opls_stress_hc_bace1_19677_19_0_ligand.sdf,,data/fep/opls_stress/opls_stress_hc_bace1_protein.pdb,19677_19_0_ligand,-9.829999923706056,-8.5,0.1700000017881393,opls_stress/hc_bace1,opls_stress,732,opls_stress_hc_bace1_19677_19_0_ligand.sdf,opls_stress_hc_bace1_protein.pdb,5.995185,5.76402,6.3242946,6.867975,6.50992,5.518852,5.4813895,6.0500445,6.11884,6.1325083,6.0763025
opls_stress/hc_bace1/22254_24_0_ligand,6.969152792126826,data/fep/opls_stress/opls_stress_hc_bace1_22254_24_0_ligand.sdf,,data/fep/opls_stress/opls_stress_hc_bace1_protein.pdb,22254_24_0_ligand,-9.470000267028809,-9.140000343322754,0.1700000017881393,opls_stress/hc_bace1,opls_stress,733,opls_stress_hc_bace1_22254_24_0_ligand.sdf,opls_stress_hc_bace1_protein.pdb,6.2607975,6.4072433,5.9713726,6.479356,6.65654,5.879743,5.985342,6.0527954,6.402819,6.471328,6.256734
opls_stress/hc_bace1/22252_22_0_ligand,7.366549004986401,data/fep/opls_stress/opls_stress_hc_bace1_22252_22_0_ligand.sdf,,data/fep/opls_stress/opls_stress_hc_bace1_protein.pdb,22252_22_0_ligand,-10.010000228881836,-10.550000190734863,0.1700000017881393,opls_stress/hc_bace1,opls_stress,734,opls_stress_hc_bace1_22252_22_0_ligand.sdf,opls_stress_hc_bace1_protein.pdb,6.385001,6.168374,5.7888594,6.4366875,6.673455,6.21998,6.1012173,5.802709,6.499435,6.209187,6.2284904
opls_stress/hc_bace1/22253_23_0_ligand,6.439290941038388,data/fep/opls_stress/opls_stress_hc_bace1_22253_23_0_ligand.sdf,,data/fep/opls_stress/opls_stress_hc_bace1_protein.pdb,22253_23_0_ligand,-8.75,-9.479999542236328,0.1599999964237213,opls_stress/hc_bace1,opls_stress,735,opls_stress_hc_bace1_22253_23_0_ligand.sdf,opls_stress_hc_bace1_protein.pdb,6.1168103,6.2846165,5.595943,6.9138093,6.525745,6.095162,5.986826,5.812173,6.915155,6.184168,6.2430406
opls_stress/fxa_yoshikawa_set/5f,8.515201208307571,data/fep/opls_stress/opls_stress_fxa_yoshikawa_set_5f.sdf,,data/fep/opls_stress/opls_stress_fxa_yoshikawa_set_protein.pdb,5f,-11.570840835571287,-12.739999771118164,0.1000000014901161,opls_stress/fxa_yoshikawa_set,opls_stress,736,opls_stress_fxa_yoshikawa_set_5f.sdf,opls_stress_fxa_yoshikawa_set_protein.pdb,8.01419,7.660025,7.659764,8.663977,8.57196,7.4693875,7.287883,7.2950826,8.022761,7.605277,7.8250303
opls_stress/fxa_yoshikawa_set/5g,7.48557044490479,data/fep/opls_stress/opls_stress_fxa_yoshikawa_set_5g.sdf,,data/fep/opls_stress/opls_stress_fxa_yoshikawa_set_protein.pdb,5g,-10.17173194885254,-8.420000076293945,0.0900000035762786,opls_stress/fxa_yoshikawa_set,opls_stress,737,opls_stress_fxa_yoshikawa_set_5g.sdf,opls_stress_fxa_yoshikawa_set_protein.pdb,7.596491,7.570232,7.81938,7.858664,7.670457,7.9303083,7.073002,7.750625,8.163446,7.2881446,7.6720757
opls_stress/fxa_yoshikawa_set/5e,6.084572127169293,data/fep/opls_stress/opls_stress_fxa_yoshikawa_set_5e.sdf,,data/fep/opls_stress/opls_stress_fxa_yoshikawa_set_protein.pdb,5e,-8.26799201965332,-8.149999618530273,0.1000000014901161,opls_stress/fxa_yoshikawa_set,opls_stress,738,opls_stress_fxa_yoshikawa_set_5e.sdf,opls_stress_fxa_yoshikawa_set_protein.pdb,7.8018517,7.583927,7.7554097,8.576968,8.394519,7.078574,7.16545,7.1536617,7.9468794,7.3471627,7.68044
opls_stress/fxa_yoshikawa_set/5i,7.952305061422743,data/fep/opls_stress/opls_stress_fxa_yoshikawa_set_5i.sdf,,data/fep/opls_stress/opls_stress_fxa_yoshikawa_set_protein.pdb,5i,-10.805952072143556,-11.18000030517578,0.1199999973177909,opls_stress/fxa_yoshikawa_set,opls_stress,739,opls_stress_fxa_yoshikawa_set_5i.sdf,opls_stress_fxa_yoshikawa_set_protein.pdb,8.453379,8.222215,7.67098,8.483629,8.207005,8.185621,7.2702494,8.043011,8.559499,7.968426,8.106401
opls_stress/fxa_yoshikawa_set/5b,5.419397676563286,data/fep/opls_stress/opls_stress_fxa_yoshikawa_set_5b.sdf,,data/fep/opls_stress/opls_stress_fxa_yoshikawa_set_protein.pdb,5b,-7.364122867584228,-6.710000038146973,0.1000000014901161,opls_stress/fxa_yoshikawa_set,opls_stress,740,opls_stress_fxa_yoshikawa_set_5b.sdf,opls_stress_fxa_yoshikawa_set_protein.pdb,8.269197,7.988863,8.199853,8.501687,8.224458,7.732075,7.122937,7.35919,8.31363,7.7316227,7.9443502
opls_stress/fxa_yoshikawa_set/5h,9.403765443405543,data/fep/opls_stress/opls_stress_fxa_yoshikawa_set_5h.sdf,,data/fep/opls_stress/opls_stress_fxa_yoshikawa_set_protein.pdb,5h,-12.7782621383667,-14.81999969482422,0.1000000014901161,opls_stress/fxa_yoshikawa_set,opls_stress,741,opls_stress_fxa_yoshikawa_set_5h.sdf,opls_stress_fxa_yoshikawa_set_protein.pdb,8.295189,8.187474,7.5569015,8.482665,8.382621,8.577813,7.4965158,7.8606625,8.82548,8.35187,8.201719
opls_stress/fxa_yoshikawa_set/5a,8.276897248820998,data/fep/opls_stress/opls_stress_fxa_yoshikawa_set_5a.sdf,,data/fep/opls_stress/opls_stress_fxa_yoshikawa_set_protein.pdb,5a,-11.24702262878418,-10.15999984741211,0.0900000035762786,opls_stress/fxa_yoshikawa_set,opls_stress,742,opls_stress_fxa_yoshikawa_set_5a.sdf,opls_stress_fxa_yoshikawa_set_protein.pdb,8.0914545,8.005041,8.341601,8.227844,8.358627,8.137451,7.436591,7.602458,8.475037,7.990921,8.066703
opls_stress/fxa_yoshikawa_set/5k,8.342836704242917,data/fep/opls_stress/opls_stress_fxa_yoshikawa_set_5k.sdf,,data/fep/opls_stress/opls_stress_fxa_yoshikawa_set_protein.pdb,5k,-11.336624145507812,-13.029999732971191,0.1000000014901161,opls_stress/fxa_yoshikawa_set,opls_stress,743,opls_stress_fxa_yoshikawa_set_5k.sdf,opls_stress_fxa_yoshikawa_set_protein.pdb,7.1925764,7.062247,8.017461,7.818807,7.8702097,6.9135957,6.5649304,7.1989603,7.162904,7.477184,7.3278875
opls_stress/fxa_yoshikawa_set/5d,8.420557027948382,data/fep/opls_stress/opls_stress_fxa_yoshikawa_set_5d.sdf,,data/fep/opls_stress/opls_stress_fxa_yoshikawa_set_protein.pdb,5d,-11.44223403930664,-12.130000114440918,0.0900000035762786,opls_stress/fxa_yoshikawa_set,opls_stress,744,opls_stress_fxa_yoshikawa_set_5d.sdf,opls_stress_fxa_yoshikawa_set_protein.pdb,8.503638,8.122958,8.117999,8.472566,8.471424,8.098351,7.275034,7.564492,8.2962055,8.110221,8.103289
opls_stress/fxa_yoshikawa_set/5c,8.556758491381183,data/fep/opls_stress/opls_stress_fxa_yoshikawa_set_5c.sdf,,data/fep/opls_stress/opls_stress_fxa_yoshikawa_set_protein.pdb,5c,-11.627310752868652,-11.390000343322754,0.0900000035762786,opls_stress/fxa_yoshikawa_set,opls_stress,745,opls_stress_fxa_yoshikawa_set_5c.sdf,opls_stress_fxa_yoshikawa_set_protein.pdb,8.42985,8.038728,8.158787,8.483738,8.435348,8.04652,7.414221,7.568612,8.306753,7.993793,8.087635
opls_stress/fxa_yoshikawa_set/8e,8.219631673484647,data/fep/opls_stress/opls_stress_fxa_yoshikawa_set_8e.sdf,,data/fep/opls_stress/opls_stress_fxa_yoshikawa_set_protein.pdb,8e,-11.169207572937012,-11.760000228881836,0.0900000035762786,opls_stress/fxa_yoshikawa_set,opls_stress,746,opls_stress_fxa_yoshikawa_set_8e.sdf,opls_stress_fxa_yoshikawa_set_protein.pdb,7.6715407,7.635227,7.4304156,7.627291,7.7897353,7.595633,7.5811,7.141379,7.708658,6.505637,7.4686623
opls_stress/fxa_yoshikawa_set/8b,5.98229347253461,data/fep/opls_stress/opls_stress_fxa_yoshikawa_set_8b.sdf,,data/fep/opls_stress/opls_stress_fxa_yoshikawa_set_protein.pdb,8b,-8.129011154174805,-8.59000015258789,0.1000000014901161,opls_stress/fxa_yoshikawa_set,opls_stress,747,opls_stress_fxa_yoshikawa_set_8b.sdf,opls_stress_fxa_yoshikawa_set_protein.pdb,7.838654,8.025717,7.086803,7.5497093,8.363371,7.836177,7.0781636,7.3472576,7.7173686,6.153324,7.4996552
opls_stress/fxa_yoshikawa_set/8d,5.6606851026930975,data/fep/opls_stress/opls_stress_fxa_yoshikawa_set_8d.sdf,,data/fep/opls_stress/opls_stress_fxa_yoshikawa_set_protein.pdb,8d,-7.691995143890381,-9.220000267028809,0.0900000035762786,opls_stress/fxa_yoshikawa_set,opls_stress,748,opls_stress_fxa_yoshikawa_set_8d.sdf,opls_stress_fxa_yoshikawa_set_protein.pdb,7.3379874,7.8311844,7.498501,7.211776,7.533771,8.09851,7.503955,7.485554,7.708504,7.0016155,7.5211363
opls_stress/fxa_yoshikawa_set/8c,5.743989162134527,data/fep/opls_stress/opls_stress_fxa_yoshikawa_set_8c.sdf,,data/fep/opls_stress/opls_stress_fxa_yoshikawa_set_protein.pdb,8c,-7.805192470550537,-8.229999542236328,0.0900000035762786,opls_stress/fxa_yoshikawa_set,opls_stress,749,opls_stress_fxa_yoshikawa_set_8c.sdf,opls_stress_fxa_yoshikawa_set_protein.pdb,7.401828,8.086496,6.8432465,7.588443,8.335296,7.8743215,7.155497,7.382024,7.6374493,6.2403073,7.4544916
opls_stress/fxa_yoshikawa_set/8g,7.288495313448536,data/fep/opls_stress/opls_stress_fxa_yoshikawa_set_8g.sdf,,data/fep/opls_stress/opls_stress_fxa_yoshikawa_set_protein.pdb,8g,-9.903937339782717,-11.15999984741211,0.0900000035762786,opls_stress/fxa_yoshikawa_set,opls_stress,750,opls_stress_fxa_yoshikawa_set_8g.sdf,opls_stress_fxa_yoshikawa_set_protein.pdb,7.43431,7.611872,7.116055,7.5646234,7.727356,7.3792734,7.3591847,7.0013566,7.4994397,6.5381746,7.323165
opls_stress/fxa_yoshikawa_set/A_cor,8.672610480497209,data/fep/opls_stress/opls_stress_fxa_yoshikawa_set_A_cor.sdf,,data/fep/opls_stress/opls_stress_fxa_yoshikawa_set_protein.pdb,A_cor,-11.784735679626465,-10.270000457763672,0.1000000014901161,opls_stress/fxa_yoshikawa_set,opls_stress,751,opls_stress_fxa_yoshikawa_set_A_cor.sdf,opls_stress_fxa_yoshikawa_set_protein.pdb,7.9669437,8.021459,7.837729,7.6526914,8.186735,7.843824,7.9483576,7.212686,7.7524858,7.2794147,7.7702317
opls_stress/fxa_yoshikawa_set/8f,7.189617712531357,data/fep/opls_stress/opls_stress_fxa_yoshikawa_set_8f.sdf,,data/fep/opls_stress/opls_stress_fxa_yoshikawa_set_protein.pdb,8f,-9.769577980041504,-9.239999771118164,0.1000000014901161,opls_stress/fxa_yoshikawa_set,opls_stress,752,opls_stress_fxa_yoshikawa_set_8f.sdf,opls_stress_fxa_yoshikawa_set_protein.pdb,7.1640363,7.5637574,7.326697,7.4578958,7.4348474,7.3112893,7.033963,6.5965786,7.6486154,6.562981,7.2100663
opls_stress/fxa_yoshikawa_set/8a,6.948330286401546,data/fep/opls_stress/opls_stress_fxa_yoshikawa_set_8a.sdf,,data/fep/opls_stress/opls_stress_fxa_yoshikawa_set_protein.pdb,8a,-9.441705703735352,-11.989999771118164,0.0900000035762786,opls_stress/fxa_yoshikawa_set,opls_stress,753,opls_stress_fxa_yoshikawa_set_8a.sdf,opls_stress_fxa_yoshikawa_set_protein.pdb,7.685914,7.4502788,7.414807,7.8010564,7.9287987,7.6193094,7.5051446,7.069836,7.801239,6.770511,7.504689
opls_stress/fxa_yoshikawa_set/8h,8.889067266815754,data/fep/opls_stress/opls_stress_fxa_yoshikawa_set_8h.sdf,,data/fep/opls_stress/opls_stress_fxa_yoshikawa_set_protein.pdb,8h,-12.078866958618164,-11.5600004196167,0.0900000035762786,opls_stress/fxa_yoshikawa_set,opls_stress,754,opls_stress_fxa_yoshikawa_set_8h.sdf,opls_stress_fxa_yoshikawa_set_protein.pdb,8.148547,8.181342,7.3064866,8.001231,7.9796243,8.117909,7.8094087,7.3635216,8.297548,7.684207,7.8889823
opls_stress/fxa_yoshikawa_set/8i,7.33886192922172,data/fep/opls_stress/opls_stress_fxa_yoshikawa_set_8i.sdf,,data/fep/opls_stress/opls_stress_fxa_yoshikawa_set_protein.pdb,8i,-9.97237777709961,-7.440000057220459,0.1000000014901161,opls_stress/fxa_yoshikawa_set,opls_stress,755,opls_stress_fxa_yoshikawa_set_8i.sdf,opls_stress_fxa_yoshikawa_set_protein.pdb,7.8048763,8.351759,7.589508,7.890747,7.935862,7.8002462,7.933807,7.5007772,8.274746,7.693456,7.8775797
opls_stress/fxa_yoshikawa_set/8j,8.489545921753002,data/fep/opls_stress/opls_stress_fxa_yoshikawa_set_8j.sdf,,data/fep/opls_stress/opls_stress_fxa_yoshikawa_set_protein.pdb,8j,-11.53597927093506,-9.890000343322754,0.1000000014901161,opls_stress/fxa_yoshikawa_set,opls_stress,756,opls_stress_fxa_yoshikawa_set_8j.sdf,opls_stress_fxa_yoshikawa_set_protein.pdb,8.241707,8.33927,7.473631,7.9705415,7.795418,7.904898,7.712387,7.2699523,8.354802,7.69467,7.8757277
opls_stress/fxa_yoshikawa_set/8k,8.351827108312513,data/fep/opls_stress/opls_stress_fxa_yoshikawa_set_8k.sdf,,data/fep/opls_stress/opls_stress_fxa_yoshikawa_set_protein.pdb,8k,-11.348840713500977,-11.640000343322754,0.0900000035762786,opls_stress/fxa_yoshikawa_set,opls_stress,757,opls_stress_fxa_yoshikawa_set_8k.sdf,opls_stress_fxa_yoshikawa_set_protein.pdb,7.9516077,7.6913996,7.627124,7.7254915,8.124738,7.8151817,7.511271,7.4541106,8.181787,7.4437027,7.752641
opls_stress/fxa_yoshikawa_set/8l,8.276897248820998,data/fep/opls_stress/opls_stress_fxa_yoshikawa_set_8l.sdf,,data/fep/opls_stress/opls_stress_fxa_yoshikawa_set_protein.pdb,8l,-11.24702262878418,-11.729999542236328,0.0900000035762786,opls_stress/fxa_yoshikawa_set,opls_stress,758,opls_stress_fxa_yoshikawa_set_8l.sdf,opls_stress_fxa_yoshikawa_set_protein.pdb,8.134683,7.7576203,7.717076,7.953429,7.889039,7.9814234,7.498862,7.2346697,7.6742806,7.4132495,7.7254324
opls_stress/fxa_yoshikawa_set/8m,8.712276339763827,data/fep/opls_stress/opls_stress_fxa_yoshikawa_set_8m.sdf,,data/fep/opls_stress/opls_stress_fxa_yoshikawa_set_protein.pdb,8m,-11.838635444641112,-12.640000343322754,0.0900000035762786,opls_stress/fxa_yoshikawa_set,opls_stress,759,opls_stress_fxa_yoshikawa_set_8m.sdf,opls_stress_fxa_yoshikawa_set_protein.pdb,8.190689,8.550522,7.5354204,7.9559736,7.8762984,7.8849783,7.7397575,7.545899,8.081923,7.56532,7.8926783
opls_stress/fxa_yoshikawa_set/8n,7.461341270845879,data/fep/opls_stress/opls_stress_fxa_yoshikawa_set_8n.sdf,,data/fep/opls_stress/opls_stress_fxa_yoshikawa_set_protein.pdb,8n,-10.138808250427246,-8.270000457763672,0.1000000014901161,opls_stress/fxa_yoshikawa_set,opls_stress,760,opls_stress_fxa_yoshikawa_set_8n.sdf,opls_stress_fxa_yoshikawa_set_protein.pdb,6.916955,7.47296,7.655165,7.6226425,7.9116106,7.973951,7.3018417,7.2879653,7.898803,7.183622,7.5225515
opls_stress/fxa_yoshikawa_set/8o,7.855010080425701,data/fep/opls_stress/opls_stress_fxa_yoshikawa_set_8o.sdf,,data/fep/opls_stress/opls_stress_fxa_yoshikawa_set_protein.pdb,8o,-10.67374324798584,-9.289999961853027,0.1000000014901161,opls_stress/fxa_yoshikawa_set,opls_stress,761,opls_stress_fxa_yoshikawa_set_8o.sdf,opls_stress_fxa_yoshikawa_set_protein.pdb,7.8775797,7.6711926,7.9396667,7.293274,7.6293397,7.708253,7.7187963,6.843315,8.033267,6.465078,7.5179763
opls_stress/fxa_yoshikawa_set/8p,8.528618737191454,data/fep/opls_stress/opls_stress_fxa_yoshikawa_set_8p.sdf,,data/fep/opls_stress/opls_stress_fxa_yoshikawa_set_protein.pdb,8p,-11.589073181152344,-11.06999969482422,0.0900000035762786,opls_stress/fxa_yoshikawa_set,opls_stress,762,opls_stress_fxa_yoshikawa_set_8p.sdf,opls_stress_fxa_yoshikawa_set_protein.pdb,8.161111,7.627886,7.957684,7.8423734,7.7334056,7.764098,7.805622,7.200292,8.327896,7.552202,7.7972565
opls_stress/cr_bace2/22,-0.9272578884912578,data/fep/opls_stress/opls_stress_cr_bace2_22.sdf,,data/fep/opls_stress/opls_stress_cr_bace2_protein.pdb,22,1.2599999904632568,0.6899999976158142,0.1400000005960464,opls_stress/cr_bace2,opls_stress,763,opls_stress_cr_bace2_22.sdf,opls_stress_cr_bace2_protein.pdb,6.742763,6.985179,6.995222,7.26131,6.391169,5.991183,7.3840256,7.066995,7.795561,6.807275,6.9420686
opls_stress/cr_bace2/16,0.2502124506264858,data/fep/opls_stress/opls_stress_cr_bace2_16.sdf,,data/fep/opls_stress/opls_stress_cr_bace2_protein.pdb,16,-0.3400000035762787,-0.8199999928474426,0.1400000005960464,opls_stress/cr_bace2,opls_stress,764,opls_stress_cr_bace2_16.sdf,opls_stress_cr_bace2_protein.pdb,8.050946,7.053861,7.384605,7.8553905,6.662713,7.0452967,7.186092,7.3836584,7.982784,7.0155835,7.3620934
opls_stress/cr_bace2/11,0.912539523233996,data/fep/opls_stress/opls_stress_cr_bace2_11.sdf,,data/fep/opls_stress/opls_stress_cr_bace2_protein.pdb,11,-1.2400000095367432,-1.4700000286102295,0.1500000059604644,opls_stress/cr_bace2,opls_stress,765,opls_stress_cr_bace2_11.sdf,opls_stress_cr_bace2_protein.pdb,6.7581735,6.980789,6.769588,7.0530376,6.2592063,5.9964657,7.10195,6.6646347,7.747994,6.7204285,6.805227
opls_stress/cr_bace2/21,-1.074441716520629,data/fep/opls_stress/opls_stress_cr_bace2_21.sdf,,data/fep/opls_stress/opls_stress_cr_bace2_protein.pdb,21,1.4600000381469729,0.270000010728836,0.1500000059604644,opls_stress/cr_bace2,opls_stress,766,opls_stress_cr_bace2_21.sdf,opls_stress_cr_bace2_protein.pdb,6.9471316,7.123504,6.5791492,7.598445,6.39323,6.355802,6.9850326,6.8292437,7.7176347,6.771891,6.930106
opls_stress/cr_bace2/24,-2.325503991585152,data/fep/opls_stress/opls_stress_cr_bace2_24.sdf,,data/fep/opls_stress/opls_stress_cr_bace2_protein.pdb,24,3.1600000858306885,1.4700000286102295,0.1400000005960464,opls_stress/cr_bace2,opls_stress,767,opls_stress_cr_bace2_24.sdf,opls_stress_cr_bace2_protein.pdb,6.854263,6.4309034,6.397302,7.0523763,6.0700536,6.3852987,6.9171953,6.574879,6.8762546,6.3047647,6.586329
opls_stress/cr_bace2/12,0.3973962567237626,data/fep/opls_stress/opls_stress_cr_bace2_12.sdf,,data/fep/opls_stress/opls_stress_cr_bace2_protein.pdb,12,-0.5400000214576721,0.5899999737739563,0.1400000005960464,opls_stress/cr_bace2,opls_stress,768,opls_stress_cr_bace2_12.sdf,opls_stress_cr_bace2_protein.pdb,7.219606,6.9534416,6.864664,7.388345,6.325929,6.319153,6.997631,6.9575267,7.8131094,6.8135934,6.9653
opls_stress/cr_bace2/20,0.6917638250541279,data/fep/opls_stress/opls_stress_cr_bace2_20.sdf,,data/fep/opls_stress/opls_stress_cr_bace2_protein.pdb,20,-0.9399999976158142,-0.9700000286102296,0.1299999952316284,opls_stress/cr_bace2,opls_stress,769,opls_stress_cr_bace2_20.sdf,opls_stress_cr_bace2_protein.pdb,6.9401255,6.794591,6.3603826,7.369976,6.2801285,5.8863897,7.076359,6.806632,7.623968,6.384656,6.752321
opls_stress/cr_bace2/19,0.8389476092193106,data/fep/opls_stress/opls_stress_cr_bace2_19.sdf,,data/fep/opls_stress/opls_stress_cr_bace2_protein.pdb,19,-1.1399999856948853,-0.270000010728836,0.1500000059604644,opls_stress/cr_bace2,opls_stress,770,opls_stress_cr_bace2_19.sdf,opls_stress_cr_bace2_protein.pdb,7.5793724,6.762565,6.736954,7.614527,6.823302,6.429204,7.0690484,6.81856,7.819837,6.652982,7.030635
opls_stress/cr_bace2/13,0.912539523233996,data/fep/opls_stress/opls_stress_cr_bace2_13.sdf,,data/fep/opls_stress/opls_stress_cr_bace2_protein.pdb,13,-1.2400000095367432,-0.6299999952316284,0.1400000005960464,opls_stress/cr_bace2,opls_stress,771,opls_stress_cr_bace2_13.sdf,opls_stress_cr_bace2_protein.pdb,7.286724,7.0110073,6.8893094,7.3958054,6.30514,6.4685383,6.9848294,6.85901,7.760936,6.802976,6.9764276
opls_stress/cr_bace2/23,-1.0008498025059434,data/fep/opls_stress/opls_stress_cr_bace2_23.sdf,,data/fep/opls_stress/opls_stress_cr_bace2_protein.pdb,23,1.3600000143051147,2.3399999141693115,0.1500000059604644,opls_stress/cr_bace2,opls_stress,772,opls_stress_cr_bace2_23.sdf,opls_stress_cr_bace2_protein.pdb,6.680695,6.7775507,7.1346416,7.2643666,6.5186357,6.056547,7.18002,7.311831,7.5769167,7.0848484,6.9586053
opls_stress/cr_bace2/15,0.5445800408889453,data/fep/opls_stress/opls_stress_cr_bace2_15.sdf,,data/fep/opls_stress/opls_stress_cr_bace2_protein.pdb,15,-0.7400000095367432,0.050000000745058,0.1400000005960464,opls_stress/cr_bace2,opls_stress,773,opls_stress_cr_bace2_15.sdf,opls_stress_cr_bace2_protein.pdb,8.199399,6.9325094,7.353106,7.7961226,6.7107368,7.117111,7.112452,7.2251287,7.9649396,6.943378,7.3354883
opls_stress/cr_bace2/14,0.7653556952046249,data/fep/opls_stress/opls_stress_cr_bace2_14.sdf,,data/fep/opls_stress/opls_stress_cr_bace2_protein.pdb,14,-1.0399999618530271,-1.2300000190734863,0.1400000005960464,opls_stress/cr_bace2,opls_stress,774,opls_stress_cr_bace2_14.sdf,opls_stress_cr_bace2_protein.pdb,7.2908006,7.1106315,6.8425975,7.425091,6.238214,6.631329,7.019543,6.7946916,7.760677,6.780469,6.989404
opls_stress/fxa_set3/20814_6,7.749226501675205,data/fep/opls_stress/opls_stress_fxa_set3_20814_6.sdf,,data/fep/opls_stress/opls_stress_fxa_set3_protein.pdb,20814_6,-10.529999732971191,-10.890000343322754,0.2300000041723251,opls_stress/fxa_set3,opls_stress,775,opls_stress_fxa_set3_20814_6.sdf,opls_stress_fxa_set3_protein.pdb,8.3052025,8.199474,8.153847,8.366603,7.60863,8.398335,8.325545,8.287874,8.811625,8.322411,8.277955
opls_stress/fxa_set3/20539_10,8.227574249819979,data/fep/opls_stress/opls_stress_fxa_set3_20539_10.sdf,,data/fep/opls_stress/opls_stress_fxa_set3_protein.pdb,20539_10,-11.18000030517578,-10.699999809265137,0.2300000041723251,opls_stress/fxa_set3,opls_stress,776,opls_stress_fxa_set3_20539_10.sdf,opls_stress_fxa_set3_protein.pdb,8.364458,8.690618,8.47828,8.388046,8.416651,8.54871,9.381076,8.404442,9.046869,8.360318,8.607946
opls_stress/fxa_set3/20820_11,7.97000233144764,data/fep/opls_stress/opls_stress_fxa_set3_20820_11.sdf,,data/fep/opls_stress/opls_stress_fxa_set3_protein.pdb,20820_11,-10.829999923706056,-11.289999961853027,0.2300000041723251,opls_stress/fxa_set3,opls_stress,777,opls_stress_fxa_set3_20820_11.sdf,opls_stress_fxa_set3_protein.pdb,8.140137,8.260491,8.169421,8.574548,8.663548,8.218918,9.323622,8.659288,9.1599455,8.083452,8.525336
opls_stress/fxa_set3/20819_8,8.227574249819979,data/fep/opls_stress/opls_stress_fxa_set3_20819_8.sdf,,data/fep/opls_stress/opls_stress_fxa_set3_protein.pdb,20819_8,-11.18000030517578,-10.829999923706056,0.2199999988079071,opls_stress/fxa_set3,opls_stress,778,opls_stress_fxa_set3_20819_8.sdf,opls_stress_fxa_set3_protein.pdb,8.730242,8.778996,8.535763,7.9123077,7.8783083,8.362269,9.076629,8.341581,8.642407,8.30785,8.456636
opls_stress/fxa_set6/21083,4.806192814634056,data/fep/opls_stress/opls_stress_fxa_set6_21083.sdf,,data/fep/opls_stress/opls_stress_fxa_set6_protein.pdb,21083,-6.530872344970703,-7.340000152587891,0.1899999976158142,opls_stress/fxa_set6,opls_stress,779,opls_stress_fxa_set6_21083.sdf,opls_stress_fxa_set6_protein.pdb,6.990355,7.051875,7.028092,6.8968034,7.0528855,6.3536234,6.7370386,6.456253,6.561987,6.755734,6.788465
opls_stress/fxa_set6/21084,5.4970172880920165,data/fep/opls_stress/opls_stress_fxa_set6_21084.sdf,,data/fep/opls_stress/opls_stress_fxa_set6_protein.pdb,21084,-7.469595909118652,-8.770000457763672,0.1899999976158142,opls_stress/fxa_set6,opls_stress,780,opls_stress_fxa_set6_21084.sdf,opls_stress_fxa_set6_protein.pdb,6.59087,7.031358,7.158301,6.939231,7.231546,6.55041,6.753064,6.933333,6.6987987,7.014012,6.8900924
opls_stress/fxa_set6/21085,5.926799308585586,data/fep/opls_stress/opls_stress_fxa_set6_21085.sdf,,data/fep/opls_stress/opls_stress_fxa_set6_protein.pdb,21085,-8.053603172302246,-6.789999961853027,0.1899999976158142,opls_stress/fxa_set6,opls_stress,781,opls_stress_fxa_set6_21085.sdf,opls_stress_fxa_set6_protein.pdb,7.2523046,7.3541846,6.971612,6.9894295,7.6464868,6.7522774,6.694893,7.302466,7.0372024,6.6975436,7.0698404
opls_stress/fxa_set6/21086,8.309414999933923,data/fep/opls_stress/opls_stress_fxa_set6_21086.sdf,,data/fep/opls_stress/opls_stress_fxa_set6_protein.pdb,21086,-11.29120922088623,-11.56999969482422,0.1899999976158142,opls_stress/fxa_set6,opls_stress,782,opls_stress_fxa_set6_21086.sdf,opls_stress_fxa_set6_protein.pdb,6.639939,6.9937696,7.1753564,6.9229217,7.180233,6.7163515,6.7505584,6.978294,6.7710047,7.002004,6.913043
opls_stress/fxa_set6/20524_2j95_cys,8.406422933681592,data/fep/opls_stress/opls_stress_fxa_set6_20524_2j95_cys.sdf,,data/fep/opls_stress/opls_stress_fxa_set6_protein.pdb,20524_2j95_cys,-11.423027992248535,-11.3100004196167,0.1899999976158142,opls_stress/fxa_set6,opls_stress,783,opls_stress_fxa_set6_20524_2j95_cys.sdf,opls_stress_fxa_set6_protein.pdb,7.115284,7.1499023,7.3266315,7.055099,7.320151,6.9362493,6.735224,7.3827004,7.2964377,7.1136827,7.1431365
opls_stress/fxa_set6/21087,8.707756573783485,data/fep/opls_stress/opls_stress_fxa_set6_21087.sdf,,data/fep/opls_stress/opls_stress_fxa_set6_protein.pdb,21087,-11.832493782043455,-10.81999969482422,0.1899999976158142,opls_stress/fxa_set6,opls_stress,784,opls_stress_fxa_set6_21087.sdf,opls_stress_fxa_set6_protein.pdb,6.7288437,6.979721,7.1523023,6.9045467,7.181082,6.7941613,6.7376585,7.0603747,6.843086,6.990471,6.9372253
opls_stress/fxa_set5/20705_cys,8.028875792476686,data/fep/opls_stress/opls_stress_fxa_set5_20705_cys.sdf,,data/fep/opls_stress/opls_stress_fxa_set5_protein.pdb,20705_cys,-10.90999984741211,-11.25,0.2800000011920929,opls_stress/fxa_set5,opls_stress,785,opls_stress_fxa_set5_20705_cys.sdf,opls_stress_fxa_set5_protein.pdb,8.336066,8.590072,8.300492,8.451174,7.819814,7.701068,7.962349,7.6185017,8.271733,8.361831,8.14131
opls_stress/fxa_set5/21331,7.925847586589361,data/fep/opls_stress/opls_stress_fxa_set5_21331.sdf,,data/fep/opls_stress/opls_stress_fxa_set5_protein.pdb,21331,-10.770000457763672,-10.43000030517578,0.2800000011920929,opls_stress/fxa_set5,opls_stress,786,opls_stress_fxa_set5_21331.sdf,opls_stress_fxa_set5_protein.pdb,7.814597,8.397684,8.266559,8.318891,7.9584703,7.706716,7.975992,8.003325,8.579716,8.278471,8.130041
opls_stress/hc_bace2/37_0_ligand,4.9968897421727085,data/fep/opls_stress/opls_stress_hc_bace2_37_0_ligand.sdf,,data/fep/opls_stress/opls_stress_hc_bace2_protein.pdb,37_0_ligand,-6.789999961853027,-9.0,0.25,opls_stress/hc_bace2,opls_stress,787,opls_stress_hc_bace2_37_0_ligand.sdf,opls_stress_hc_bace2_protein.pdb,5.668453,6.178798,6.3689013,6.9405546,6.9327855,6.2780943,6.070648,6.4502425,6.722735,6.2119517,6.3823166
opls_stress/hc_bace2/35_0_ligand,5.857914987006289,data/fep/opls_stress/opls_stress_hc_bace2_35_0_ligand.sdf,,data/fep/opls_stress/opls_stress_hc_bace2_protein.pdb,35_0_ligand,-7.960000038146973,-6.71999979019165,0.2800000011920929,opls_stress/hc_bace2,opls_stress,788,opls_stress_hc_bace2_35_0_ligand.sdf,opls_stress_hc_bace2_protein.pdb,6.1894994,6.474529,6.5292006,6.841753,6.5440574,6.206071,6.8298197,6.351867,7.3179326,6.269357,6.5554085
opls_stress/hc_bace2/39_0_ligand,6.601193309781776,data/fep/opls_stress/opls_stress_hc_bace2_39_0_ligand.sdf,,data/fep/opls_stress/opls_stress_hc_bace2_protein.pdb,39_0_ligand,-8.970000267028809,-8.789999961853027,0.25,opls_stress/hc_bace2,opls_stress,789,opls_stress_hc_bace2_39_0_ligand.sdf,opls_stress_hc_bace2_protein.pdb,5.8967137,6.156077,6.391386,6.606264,6.6511726,6.1631427,6.234169,6.231897,6.5892816,6.327322,6.3247423
opls_stress/hc_bace2/34_0_ligand,5.887351717520812,data/fep/opls_stress/opls_stress_hc_bace2_34_0_ligand.sdf,,data/fep/opls_stress/opls_stress_hc_bace2_protein.pdb,34_0_ligand,-8.0,-6.900000095367432,0.2800000011920929,opls_stress/hc_bace2,opls_stress,790,opls_stress_hc_bace2_34_0_ligand.sdf,opls_stress_hc_bace2_protein.pdb,6.372878,6.0917754,6.8187666,6.6349974,6.3781157,6.005086,6.1910458,6.3740697,6.7160378,6.099495,6.368227
opls_stress/hc_bace2/40_0_ligand,5.887351717520812,data/fep/opls_stress/opls_stress_hc_bace2_40_0_ligand.sdf,,data/fep/opls_stress/opls_stress_hc_bace2_protein.pdb,40_0_ligand,-8.0,-8.899999618530273,0.3199999928474426,opls_stress/hc_bace2,opls_stress,791,opls_stress_hc_bace2_40_0_ligand.sdf,opls_stress_hc_bace2_protein.pdb,6.7615075,6.330419,6.600558,6.84331,6.5051985,5.6825004,6.302266,6.682678,6.6599383,6.279731,6.4648104
opls_stress/hc_bace2/30_0_ligand,6.027176012008045,data/fep/opls_stress/opls_stress_hc_bace2_30_0_ligand.sdf,,data/fep/opls_stress/opls_stress_hc_bace2_protein.pdb,30_0_ligand,-8.1899995803833,-8.859999656677246,0.25,opls_stress/hc_bace2,opls_stress,792,opls_stress_hc_bace2_30_0_ligand.sdf,opls_stress_hc_bace2_protein.pdb,5.6639605,6.3139377,6.347939,6.547733,7.0685787,6.4430943,6.2905173,6.4966846,6.7319365,6.294182,6.419856
opls_stress/hc_bace2/33_0_ligand,6.086050174864107,data/fep/opls_stress/opls_stress_hc_bace2_33_0_ligand.sdf,,data/fep/opls_stress/opls_stress_hc_bace2_protein.pdb,33_0_ligand,-8.270000457763672,-7.46999979019165,0.3000000119209289,opls_stress/hc_bace2,opls_stress,793,opls_stress_hc_bace2_33_0_ligand.sdf,opls_stress_hc_bace2_protein.pdb,5.8205156,6.341418,6.455984,6.700341,6.758504,6.2528586,6.4466743,6.158743,6.757635,6.4620314,6.41547
opls_stress/hc_bace2/41_0_ligand,5.997739281493521,data/fep/opls_stress/opls_stress_hc_bace2_41_0_ligand.sdf,,data/fep/opls_stress/opls_stress_hc_bace2_protein.pdb,41_0_ligand,-8.149999618530273,-8.489999771118164,0.2599999904632568,opls_stress/hc_bace2,opls_stress,794,opls_stress_hc_bace2_41_0_ligand.sdf,opls_stress_hc_bace2_protein.pdb,6.1378026,6.4605603,6.3622417,7.056701,6.5625463,6.0901027,6.647635,6.2725716,7.0869923,6.3274827,6.500464
opls_stress/hc_bace2/42_0_ligand,6.122845561637,data/fep/opls_stress/opls_stress_hc_bace2_42_0_ligand.sdf,,data/fep/opls_stress/opls_stress_hc_bace2_protein.pdb,42_0_ligand,-8.319999694824219,-7.28000020980835,0.25,opls_stress/hc_bace2,opls_stress,795,opls_stress_hc_bace2_42_0_ligand.sdf,opls_stress_hc_bace2_protein.pdb,6.672497,6.8802657,6.5806904,6.9379835,6.1834803,6.022818,6.2280354,6.628661,7.1937833,6.518446,6.5846663
opls_stress/hc_bace2/44_0_ligand,6.152282292151523,data/fep/opls_stress/opls_stress_hc_bace2_44_0_ligand.sdf,,data/fep/opls_stress/opls_stress_hc_bace2_protein.pdb,44_0_ligand,-8.359999656677246,-8.619999885559082,0.25,opls_stress/hc_bace2,opls_stress,796,opls_stress_hc_bace2_44_0_ligand.sdf,opls_stress_hc_bace2_protein.pdb,6.3867226,6.4384828,6.5944614,6.8136435,6.594126,6.0222764,6.2127504,6.4198904,6.736638,6.516796,6.4735794
opls_stress/fxa_set4/1s,7.050103625585013,data/fep/opls_stress/opls_stress_fxa_set4_1s.sdf,,data/fep/opls_stress/opls_stress_fxa_set4_protein.pdb,1s,-9.579999923706056,-7.949999809265137,0.1299999952316284,opls_stress/fxa_set4,opls_stress,797,opls_stress_fxa_set4_1s.sdf,opls_stress_fxa_set4_protein.pdb,7.8434095,6.7602687,7.091002,7.8878565,7.676037,7.4496336,7.338965,7.579414,7.5940237,6.690164,7.3910775
opls_stress/fxa_set4/21080_1j,6.79253170721267,data/fep/opls_stress/opls_stress_fxa_set4_21080_1j.sdf,,data/fep/opls_stress/opls_stress_fxa_set4_protein.pdb,21080_1j,-9.229999542236328,-10.369999885559082,0.1299999952316284,opls_stress/fxa_set4,opls_stress,798,opls_stress_fxa_set4_21080_1j.sdf,opls_stress_fxa_set4_protein.pdb,7.2243304,7.0192933,7.104644,7.372859,7.25576,7.167498,6.74259,6.9090285,6.2929773,6.533722,6.9622703
opls_stress/fxa_set4/21030_1o,6.549678505011098,data/fep/opls_stress/opls_stress_fxa_set4_21030_1o.sdf,,data/fep/opls_stress/opls_stress_fxa_set4_protein.pdb,21030_1o,-8.899999618530273,-8.460000038146973,0.1299999952316284,opls_stress/fxa_set4,opls_stress,799,opls_stress_fxa_set4_21030_1o.sdf,opls_stress_fxa_set4_protein.pdb,8.074496,7.4336257,7.4705377,7.5085373,8.310324,7.7753415,6.942087,7.730592,7.076521,6.623385,7.494544
opls_stress/fxa_set4/21028_1r,6.954434075956057,data/fep/opls_stress/opls_stress_fxa_set4_21028_1r.sdf,,data/fep/opls_stress/opls_stress_fxa_set4_protein.pdb,21028_1r,-9.449999809265137,-10.229999542236328,0.1299999952316284,opls_stress/fxa_set4,opls_stress,800,opls_stress_fxa_set4_21028_1r.sdf,opls_stress_fxa_set4_protein.pdb,7.072196,7.1625066,7.3142486,7.4050484,7.453578,7.2084804,6.7344847,6.959899,6.3294826,6.372173,7.00121
opls_stress/fxa_set4/21027_1q,5.3795675897750215,data/fep/opls_stress/opls_stress_fxa_set4_21027_1q.sdf,,data/fep/opls_stress/opls_stress_fxa_set4_protein.pdb,21027_1q,-7.309999942779541,-8.319999694824219,0.1299999952316284,opls_stress/fxa_set4,opls_stress,801,opls_stress_fxa_set4_21027_1q.sdf,opls_stress_fxa_set4_protein.pdb,7.14317,6.875372,7.4317346,7.6201377,7.3311825,7.2718773,6.9231977,7.13531,6.482975,6.419396,7.0634356
opls_stress/fxa_set4/1t,6.770454334783532,data/fep/opls_stress/opls_stress_fxa_set4_1t.sdf,,data/fep/opls_stress/opls_stress_fxa_set4_protein.pdb,1t,-9.199999809265137,-8.479999542236328,0.1299999952316284,opls_stress/fxa_set4,opls_stress,802,opls_stress_fxa_set4_1t.sdf,opls_stress_fxa_set4_protein.pdb,8.008009,6.778168,7.154642,7.8544736,7.7112594,7.4477787,7.246581,7.496439,7.431015,6.724605,7.385297
opls_stress/fxa_set4/16352_1e,7.822818678875021,data/fep/opls_stress/opls_stress_fxa_set4_16352_1e.sdf,,data/fep/opls_stress/opls_stress_fxa_set4_protein.pdb,16352_1e,-10.630000114440918,-10.800000190734863,0.1299999952316284,opls_stress/fxa_set4,opls_stress,803,opls_stress_fxa_set4_16352_1e.sdf,opls_stress_fxa_set4_protein.pdb,7.693445,7.0500073,8.03106,7.541356,7.357319,7.7720647,7.207939,7.8290706,7.1062746,6.262389,7.3850927
opls_stress/fxa_set4/21081_1k,5.541469958518408,data/fep/opls_stress/opls_stress_fxa_set4_21081_1k.sdf,,data/fep/opls_stress/opls_stress_fxa_set4_protein.pdb,21081_1k,-7.53000020980835,-8.260000228881836,0.1299999952316284,opls_stress/fxa_set4,opls_stress,804,opls_stress_fxa_set4_21081_1k.sdf,opls_stress_fxa_set4_protein.pdb,7.2035213,7.0349965,7.3122807,7.348496,7.392068,7.1545815,6.71563,6.7686586,6.2549634,6.506246,6.9691443
opls_stress/fxa_set4/21031_1p,6.108127547293246,data/fep/opls_stress/opls_stress_fxa_set4_21031_1p.sdf,,data/fep/opls_stress/opls_stress_fxa_set4_protein.pdb,21031_1p,-8.300000190734863,-6.659999847412109,0.1299999952316284,opls_stress/fxa_set4,opls_stress,805,opls_stress_fxa_set4_21031_1p.sdf,opls_stress_fxa_set4_protein.pdb,8.061728,7.315802,7.570028,7.6468496,7.7961073,7.844257,7.0890985,7.7359104,7.070235,6.4573207,7.458734
opls_stress/fxa_set4/16353_1d,7.329752916386492,data/fep/opls_stress/opls_stress_fxa_set4_16353_1d.sdf,,data/fep/opls_stress/opls_stress_fxa_set4_protein.pdb,16353_1d,-9.960000038146973,-9.81999969482422,0.1299999952316284,opls_stress/fxa_set4,opls_stress,806,opls_stress_fxa_set4_16353_1d.sdf,opls_stress_fxa_set4_protein.pdb,7.638473,7.215642,7.8330445,7.5006404,7.5324717,7.6842146,7.1255445,7.483384,7.0302663,6.4399824,7.3483667
opls_stress/fxa_set4/21082_1l,5.438441050804069,data/fep/opls_stress/opls_stress_fxa_set4_21082_1l.sdf,,data/fep/opls_stress/opls_stress_fxa_set4_protein.pdb,21082_1l,-7.389999866485596,-8.130000114440918,0.1299999952316284,opls_stress/fxa_set4,opls_stress,807,opls_stress_fxa_set4_21082_1l.sdf,opls_stress_fxa_set4_protein.pdb,7.361215,6.919495,7.3050337,7.494049,7.3256097,7.235248,6.896799,7.0715837,6.3296275,6.5093136,7.0447974
opls_stress/chk1_set2/17374_cys,9.19636643655009,data/fep/opls_stress/opls_stress_chk1_set2_17374_cys.sdf,,data/fep/opls_stress/opls_stress_chk1_set2_protein.pdb,17374_cys,-12.49643898010254,-12.4399995803833,0.2800000011920929,opls_stress/chk1_set2,opls_stress,808,opls_stress_chk1_set2_17374_cys.sdf,opls_stress_chk1_set2_protein.pdb,8.421405,9.097763,9.038637,9.015734,8.972597,8.526111,8.892768,8.787057,9.256875,8.374179,8.838312
opls_stress/chk1_set2/17509,8.374982487037583,data/fep/opls_stress/opls_stress_chk1_set2_17509.sdf,,data/fep/opls_stress/opls_stress_chk1_set2_protein.pdb,17509,-11.380305290222168,-11.43000030517578,0.2800000011920929,opls_stress/chk1_set2,opls_stress,809,opls_stress_chk1_set2_17509.sdf,opls_stress_chk1_set2_protein.pdb,8.578745,8.487201,9.012717,8.577047,8.735413,8.717305,8.291467,8.689614,8.725281,8.4692135,8.628401
opls_stress/chk1_set3/23882,8.008080658005014,data/fep/opls_stress/opls_stress_chk1_set3_23882.sdf,,data/fep/opls_stress/opls_stress_chk1_set3_protein.pdb,23882,-10.881742477416992,-10.3100004196167,0.209999993443489,opls_stress/chk1_set3,opls_stress,810,opls_stress_chk1_set3_23882.sdf,opls_stress_chk1_set3_protein.pdb,8.312453,8.085707,8.020517,7.709426,8.103874,7.779903,7.780535,7.957421,8.321924,8.336629,8.040839
opls_stress/chk1_set3/23703_cys,8.163139511519468,data/fep/opls_stress/opls_stress_chk1_set3_23703_cys.sdf,,data/fep/opls_stress/opls_stress_chk1_set3_protein.pdb,23703_cys,-11.092443466186523,-11.130000114440918,0.209999993443489,opls_stress/chk1_set3,opls_stress,811,opls_stress_chk1_set3_23703_cys.sdf,opls_stress_chk1_set3_protein.pdb,8.119125,8.492888,8.057483,7.8290195,8.3222,8.256597,7.780801,8.020377,8.465197,8.081473,8.142516
opls_stress/chk1_set3/23864,8.406422933681592,data/fep/opls_stress/opls_stress_chk1_set3_23864.sdf,,data/fep/opls_stress/opls_stress_chk1_set3_protein.pdb,23864,-11.423027992248535,-11.739999771118164,0.2000000029802322,opls_stress/chk1_set3,opls_stress,812,opls_stress_chk1_set3_23864.sdf,opls_stress_chk1_set3_protein.pdb,7.961719,7.8151913,7.76376,7.79749,8.010338,8.057351,7.9646125,7.558227,8.347977,8.194665,7.947133
opls_stress/chk1_set3/23863,8.23015346410224,data/fep/opls_stress/opls_stress_chk1_set3_23863.sdf,,data/fep/opls_stress/opls_stress_chk1_set3_protein.pdb,23863,-11.183505058288574,-11.40999984741211,0.209999993443489,opls_stress/chk1_set3,opls_stress,813,opls_stress_chk1_set3_23863.sdf,opls_stress_chk1_set3_protein.pdb,7.752534,7.767721,7.5990443,7.81082,7.994344,8.093217,7.8756337,7.379721,8.251246,8.184833,7.8709106
opls_stress/chk1_set7/19997,7.928819824000348,data/fep/opls_stress/opls_stress_chk1_set7_19997.sdf,,data/fep/opls_stress/opls_stress_chk1_set7_protein.pdb,19997,-10.774039268493652,-10.140000343322754,0.2300000041723251,opls_stress/chk1_set7,opls_stress,814,opls_stress_chk1_set7_19997.sdf,opls_stress_chk1_set7_protein.pdb,7.987489,7.883937,8.2373905,8.304231,7.5655475,7.785147,8.067532,7.683244,7.6184077,7.793541,7.892647
opls_stress/chk1_set7/19998,6.581759719720331,data/fep/opls_stress/opls_stress_chk1_set7_19998.sdf,,data/fep/opls_stress/opls_stress_chk1_set7_protein.pdb,19998,-8.94359302520752,-10.010000228881836,0.2300000041723251,opls_stress/chk1_set7,opls_stress,815,opls_stress_chk1_set7_19998.sdf,opls_stress_chk1_set7_protein.pdb,7.5135593,7.4676166,7.747266,7.8356833,7.2821245,7.3140545,6.9001975,7.162806,6.901026,7.182786,7.3307123
opls_stress/chk1_set7/19934_cys,7.894022538740815,data/fep/opls_stress/opls_stress_chk1_set7_19934_cys.sdf,,data/fep/opls_stress/opls_stress_chk1_set7_protein.pdb,19934_cys,-10.726755142211914,-10.300000190734863,0.2300000041723251,opls_stress/chk1_set7,opls_stress,816,opls_stress_chk1_set7_19934_cys.sdf,opls_stress_chk1_set7_protein.pdb,8.034588,7.852273,8.276461,8.390295,7.6050353,7.817148,8.129514,7.7175007,7.58733,7.86324,7.9273386
opls_stress/chk1_set6/23708_cys,7.131054459043197,data/fep/opls_stress/opls_stress_chk1_set6_23708_cys.sdf,,data/fep/opls_stress/opls_stress_chk1_set6_protein.pdb,23708_cys,-9.6899995803833,-10.5600004196167,0.3600000143051147,opls_stress/chk1_set6,opls_stress,817,opls_stress_chk1_set6_23708_cys.sdf,opls_stress_chk1_set6_protein.pdb,7.0354657,6.5425916,6.399917,7.0720243,7.016756,6.582262,6.5730553,6.519981,6.8532324,7.0803947,6.767568
opls_stress/chk1_set6/13,4.724599809456613,data/fep/opls_stress/opls_stress_chk1_set6_13.sdf,,data/fep/opls_stress/opls_stress_chk1_set6_protein.pdb,13,-6.420000076293945,-6.460000038146973,0.3600000143051147,opls_stress/chk1_set6,opls_stress,818,opls_stress_chk1_set6_13.sdf,opls_stress_chk1_set6_protein.pdb,6.9818497,6.513904,7.2631035,8.281867,7.208119,6.821402,7.0924625,7.4873347,7.072835,7.267839,7.1990724
opls_stress/chk1_set6/15,5.526751593261146,data/fep/opls_stress/opls_stress_chk1_set6_15.sdf,,data/fep/opls_stress/opls_stress_chk1_set6_protein.pdb,15,-7.510000228881836,-6.599999904632568,0.3600000143051147,opls_stress/chk1_set6,opls_stress,819,opls_stress_chk1_set6_15.sdf,opls_stress_chk1_set6_protein.pdb,6.897592,6.4512186,6.9558563,5.391567,6.791481,6.7844954,6.0634665,6.6886153,5.978296,6.421306,6.442389
opls_stress/chk1_set4/23704_cys,8.309414999933923,data/fep/opls_stress/opls_stress_chk1_set4_23704_cys.sdf,,data/fep/opls_stress/opls_stress_chk1_set4_protein.pdb,23704_cys,-11.29120922088623,-10.960000038146973,0.2899999916553497,opls_stress/chk1_set4,opls_stress,820,opls_stress_chk1_set4_23704_cys.sdf,opls_stress_chk1_set4_protein.pdb,8.275975,8.187583,7.946557,8.2065115,8.187889,7.860796,7.930656,7.910786,8.075364,8.222393,8.080452
opls_stress/chk1_set4/23873,7.966646194659129,data/fep/opls_stress/opls_stress_chk1_set4_23873.sdf,,data/fep/opls_stress/opls_stress_chk1_set4_protein.pdb,23873,-10.825439453125,-11.15999984741211,0.2899999916553497,opls_stress/chk1_set4,opls_stress,821,opls_stress_chk1_set4_23873.sdf,opls_stress_chk1_set4_protein.pdb,8.217661,8.187057,8.161909,8.216326,8.281291,7.9011984,8.119334,8.042764,8.063341,8.374503,8.156538
opls_stress/chk1_set5/20315,8.053884696349908,data/fep/opls_stress/opls_stress_chk1_set5_20315.sdf,,data/fep/opls_stress/opls_stress_chk1_set5_protein.pdb,20315,-10.94398307800293,-10.119999885559082,0.2300000041723251,opls_stress/chk1_set5,opls_stress,822,opls_stress_chk1_set5_20315.sdf,opls_stress_chk1_set5_protein.pdb,7.8404255,7.925915,8.145053,8.03148,8.343739,7.0392876,7.8576427,6.7274303,7.7412353,7.353041,7.700525
opls_stress/chk1_set5/19939_cys,8.531487806031151,data/fep/opls_stress/opls_stress_chk1_set5_19939_cys.sdf,,data/fep/opls_stress/opls_stress_chk1_set5_protein.pdb,19939_cys,-11.592971801757812,-11.979999542236328,0.2300000041723251,opls_stress/chk1_set5,opls_stress,823,opls_stress_chk1_set5_19939_cys.sdf,opls_stress_chk1_set5_protein.pdb,7.5833607,8.145424,8.425206,8.439183,8.46313,7.7129498,7.891014,7.381774,8.14668,7.6898885,7.9878616
opls_stress/chk1_set5/19940,9.009090915712394,data/fep/opls_stress/opls_stress_chk1_set5_19940.sdf,,data/fep/opls_stress/opls_stress_chk1_set5_protein.pdb,19940,-12.241960525512695,-12.68000030517578,0.2300000041723251,opls_stress/chk1_set5,opls_stress,824,opls_stress_chk1_set5_19940.sdf,opls_stress_chk1_set5_protein.pdb,7.8167424,7.7980123,8.117859,8.078249,8.266735,7.1869783,7.7711897,7.0637455,7.666206,7.4846935,7.7250414
opls_stress/pb_bace3/22316,5.796333877351129,data/fep/opls_stress/opls_stress_pb_bace3_22316.sdf,,data/fep/opls_stress/opls_stress_pb_bace3_protein.pdb,22316,-7.876320838928223,-8.029999732971191,0.270000010728836,opls_stress/pb_bace3,opls_stress,825,opls_stress_pb_bace3_22316.sdf,opls_stress_pb_bace3_protein.pdb,6.715718,7.758944,8.20294,7.2585363,7.820276,7.6679964,7.908901,7.101348,7.848037,7.746194,7.6028886
opls_stress/pb_bace3/22320,5.521271727923488,data/fep/opls_stress/opls_stress_pb_bace3_22320.sdf,,data/fep/opls_stress/opls_stress_pb_bace3_protein.pdb,22320,-7.502553939819336,-6.860000133514404,0.2800000011920929,opls_stress/pb_bace3,opls_stress,826,opls_stress_pb_bace3_22320.sdf,opls_stress_pb_bace3_protein.pdb,6.637714,7.5658064,8.62674,7.938848,7.4764814,7.4863567,8.294958,6.95863,7.7318864,7.7442164,7.646164
opls_stress/pb_bace3/22319,5.033803737711235,data/fep/opls_stress/opls_stress_pb_bace3_22319.sdf,,data/fep/opls_stress/opls_stress_pb_bace3_protein.pdb,22319,-6.840160369873047,-7.050000190734863,0.2800000011920929,opls_stress/pb_bace3,opls_stress,827,opls_stress_pb_bace3_22319.sdf,opls_stress_pb_bace3_protein.pdb,6.3706365,7.583488,8.531455,7.815722,7.531824,7.8077908,8.353928,7.12798,7.9340014,7.9183936,7.697522
opls_stress/pb_bace3/19678_cys,6.334294110372359,data/fep/opls_stress/opls_stress_pb_bace3_19678_cys.sdf,,data/fep/opls_stress/opls_stress_pb_bace3_protein.pdb,19678_cys,-8.607325553894043,-8.890000343322754,0.2599999904632568,opls_stress/pb_bace3,opls_stress,828,opls_stress_pb_bace3_19678_cys.sdf,opls_stress_pb_bace3_protein.pdb,6.9999247,7.533876,8.319023,7.4488277,7.590744,7.4933248,7.8213367,7.1716065,8.044799,7.634192,7.6057653
opls_stress/chk1_set1/19967,7.752550354420998,data/fep/opls_stress/opls_stress_chk1_set1_19967.sdf,,data/fep/opls_stress/opls_stress_chk1_set1_protein.pdb,19967,-10.534516334533691,-11.640000343322754,0.2300000041723251,opls_stress/chk1_set1,opls_stress,829,opls_stress_chk1_set1_19967.sdf,opls_stress_chk1_set1_protein.pdb,8.185621,6.6868978,6.7325397,7.232416,7.3585687,7.539627,6.656697,7.441169,7.695506,6.967213,7.249626
opls_stress/chk1_set1/17353_cys,8.163139511519468,data/fep/opls_stress/opls_stress_chk1_set1_17353_cys.sdf,,data/fep/opls_stress/opls_stress_chk1_set1_protein.pdb,17353_cys,-11.092443466186523,-11.390000343322754,0.2300000041723251,opls_stress/chk1_set1,opls_stress,830,opls_stress_chk1_set1_17353_cys.sdf,opls_stress_chk1_set1_protein.pdb,7.736017,7.4817076,7.2436304,7.508794,7.1303115,8.148474,7.516869,7.4060616,7.5681143,7.4587803,7.5198755
opls_stress/chk1_set1/19971,7.609739084155452,data/fep/opls_stress/opls_stress_chk1_set1_19971.sdf,,data/fep/opls_stress/opls_stress_chk1_set1_protein.pdb,19971,-10.340457916259766,-8.9399995803833,0.2300000041723251,opls_stress/chk1_set1,opls_stress,831,opls_stress_chk1_set1_19971.sdf,opls_stress_chk1_set1_protein.pdb,7.77224,7.0333576,6.855312,7.781233,7.231613,8.183202,7.275457,7.4717045,7.6234903,7.215047,7.444266
merck/pfkfb3_automap/43,5.885633294073162,data/fep/merck/merck_pfkfb3_automap_43.sdf,,data/fep/merck/merck_pfkfb3_automap_protein.pdb,43,-7.997664928436279,-9.75,0.0700000002980232,merck/pfkfb3_automap,merck,832,merck_pfkfb3_automap_43.sdf,merck_pfkfb3_automap_protein.pdb,6.731434,5.8603067,7.7418942,7.2298884,6.6198196,6.252422,6.7670755,6.5571766,7.813888,6.320062,6.789397
merck/pfkfb3_automap/30 flip b,6.769122968934973,data/fep/merck/merck_pfkfb3_automap_30_flip_b.sdf,,data/fep/merck/merck_pfkfb3_automap_protein.pdb,30 flip b,-9.198190689086914,-8.979999542236328,0.0700000002980232,merck/pfkfb3_automap,merck,833,merck_pfkfb3_automap_30_flip_b.sdf,merck_pfkfb3_automap_protein.pdb,6.3310003,5.884569,6.6839814,6.3913784,6.295117,6.198929,6.017645,6.1136484,6.5176477,6.4019837,6.28359
merck/pfkfb3_automap/65,6.982323277901223,data/fep/merck/merck_pfkfb3_automap_65.sdf,,data/fep/merck/merck_pfkfb3_automap_protein.pdb,65,-9.487896919250488,-10.510000228881836,0.0700000002980232,merck/pfkfb3_automap,merck,834,merck_pfkfb3_automap_65.sdf,merck_pfkfb3_automap_protein.pdb,7.268906,6.9164,7.1469707,7.2559977,7.4648533,6.8468013,7.769211,7.14306,8.094574,6.9607325,7.286751
merck/pfkfb3_automap/49,5.838995836147266,data/fep/merck/merck_pfkfb3_automap_49.sdf,,data/fep/merck/merck_pfkfb3_automap_protein.pdb,49,-7.934291839599609,-7.320000171661377,0.0700000002980232,merck/pfkfb3_automap,merck,835,merck_pfkfb3_automap_49.sdf,merck_pfkfb3_automap_protein.pdb,6.946045,6.0795007,7.23704,6.13539,6.6543293,6.329064,6.6201067,6.580074,6.7135463,6.251753,6.5546846
merck/pfkfb3_automap/24,6.527534459015478,data/fep/merck/merck_pfkfb3_automap_24.sdf,,data/fep/merck/merck_pfkfb3_automap_protein.pdb,24,-8.869909286499023,-9.0600004196167,0.0700000002980232,merck/pfkfb3_automap,merck,836,merck_pfkfb3_automap_24.sdf,merck_pfkfb3_automap_protein.pdb,6.837762,6.350697,7.616139,7.1143093,7.740299,6.7533207,6.5099316,6.4267383,5.990909,6.1883264,6.7528434
merck/pfkfb3_automap/67,7.538486096398566,data/fep/merck/merck_pfkfb3_automap_67.sdf,,data/fep/merck/merck_pfkfb3_automap_protein.pdb,67,-10.24363613128662,-11.890000343322754,0.0700000002980232,merck/pfkfb3_automap,merck,837,merck_pfkfb3_automap_67.sdf,merck_pfkfb3_automap_protein.pdb,6.955655,7.059367,6.825369,7.8019214,7.6419353,6.4554243,6.9653926,7.263445,7.147286,7.0355797,7.115138
merck/pfkfb3_automap/62 flip,5.6604956093988905,data/fep/merck/merck_pfkfb3_automap_62_flip.sdf,,data/fep/merck/merck_pfkfb3_automap_protein.pdb,62 flip,-7.691737651824951,-7.920000076293945,0.0700000002980232,merck/pfkfb3_automap,merck,838,merck_pfkfb3_automap_62_flip.sdf,merck_pfkfb3_automap_protein.pdb,7.818601,7.6054034,7.735266,7.6432686,7.4148707,7.7587013,7.920212,7.2138953,7.8715153,7.0356693,7.6017404
merck/pfkfb3_automap/56,7.775514134370815,data/fep/merck/merck_pfkfb3_automap_56.sdf,,data/fep/merck/merck_pfkfb3_automap_protein.pdb,56,-10.565720558166504,-10.890000343322754,0.0700000002980232,merck/pfkfb3_automap,merck,839,merck_pfkfb3_automap_56.sdf,merck_pfkfb3_automap_protein.pdb,7.053178,6.1457596,7.0428166,6.972908,6.7995934,5.6026134,6.6756916,6.8505454,6.631153,7.053877,6.682813
merck/pfkfb3_automap/59,5.97210785705748,data/fep/merck/merck_pfkfb3_automap_59.sdf,,data/fep/merck/merck_pfkfb3_automap_protein.pdb,59,-8.1151704788208,-7.690000057220459,0.0700000002980232,merck/pfkfb3_automap,merck,840,merck_pfkfb3_automap_59.sdf,merck_pfkfb3_automap_protein.pdb,6.7781544,5.993097,6.263956,7.289,6.1448836,6.496511,7.0624814,6.9854236,7.935888,6.7268157,6.767621
merck/pfkfb3_automap/38,6.4457379240035175,data/fep/merck/merck_pfkfb3_automap_38.sdf,,data/fep/merck/merck_pfkfb3_automap_protein.pdb,38,-8.758760452270508,-7.199999809265137,0.0700000002980232,merck/pfkfb3_automap,merck,841,merck_pfkfb3_automap_38.sdf,merck_pfkfb3_automap_protein.pdb,6.63345,5.749746,6.9089026,6.741032,6.0358553,5.7858863,6.581616,6.8381114,6.572849,6.400134,6.424758
merck/pfkfb3_automap/31,6.8311476332639804,data/fep/merck/merck_pfkfb3_automap_31.sdf,,data/fep/merck/merck_pfkfb3_automap_protein.pdb,31,-9.282472610473633,-9.449999809265137,0.0700000002980232,merck/pfkfb3_automap,merck,842,merck_pfkfb3_automap_31.sdf,merck_pfkfb3_automap_protein.pdb,7.0091696,6.5368204,7.2276416,7.123212,6.7075596,5.9202495,6.5969944,6.3203487,6.392669,6.8804245,6.671509
merck/pfkfb3_automap/48,5.892031500060708,data/fep/merck/merck_pfkfb3_automap_48.sdf,,data/fep/merck/merck_pfkfb3_automap_protein.pdb,48,-8.006359100341797,-6.650000095367432,0.0700000002980232,merck/pfkfb3_automap,merck,843,merck_pfkfb3_automap_48.sdf,merck_pfkfb3_automap_protein.pdb,7.0105276,5.477504,7.0267167,6.5336666,5.9905906,5.6624956,6.8809204,6.524217,7.774674,6.5887036,6.547002
merck/pfkfb3_automap/58,6.721261173780395,data/fep/merck/merck_pfkfb3_automap_58.sdf,,data/fep/merck/merck_pfkfb3_automap_protein.pdb,58,-9.133153915405272,-8.350000381469727,0.0700000002980232,merck/pfkfb3_automap,merck,844,merck_pfkfb3_automap_58.sdf,merck_pfkfb3_automap_protein.pdb,7.29694,6.0839357,6.5610266,7.9256396,6.6581573,6.1978283,7.27417,6.9702735,7.7790985,7.4756584,7.0222726
merck/pfkfb3_automap/41,5.4367429803398695,data/fep/merck/merck_pfkfb3_automap_41.sdf,,data/fep/merck/merck_pfkfb3_automap_protein.pdb,41,-7.387692451477051,-9.239999771118164,0.0700000002980232,merck/pfkfb3_automap,merck,845,merck_pfkfb3_automap_41.sdf,merck_pfkfb3_automap_protein.pdb,7.0839424,7.512591,7.6224627,6.77029,6.3476424,7.248722,7.200846,7.302022,7.1625123,6.9158425,7.116687
merck/pfkfb3_automap/29,7.098687600738621,data/fep/merck/merck_pfkfb3_automap_29.sdf,,data/fep/merck/merck_pfkfb3_automap_protein.pdb,29,-9.646018028259276,-9.119999885559082,0.0700000002980232,merck/pfkfb3_automap,merck,846,merck_pfkfb3_automap_29.sdf,merck_pfkfb3_automap_protein.pdb,6.8731823,6.21067,7.6312227,7.3242598,6.6127996,6.165516,6.627691,6.7964745,7.589643,7.001807,6.8833265
merck/pfkfb3_automap/54,6.019512762824913,data/fep/merck/merck_pfkfb3_automap_54.sdf,,data/fep/merck/merck_pfkfb3_automap_protein.pdb,54,-8.179586410522461,-6.860000133514404,0.0700000002980232,merck/pfkfb3_automap,merck,847,merck_pfkfb3_automap_54.sdf,merck_pfkfb3_automap_protein.pdb,7.1638665,6.823459,7.1738195,7.6721997,7.2360735,5.748101,6.815262,7.4164605,7.080657,7.1911116,7.0321007
merck/pfkfb3_automap/47,6.132744831691773,data/fep/merck/merck_pfkfb3_automap_47.sdf,,data/fep/merck/merck_pfkfb3_automap_protein.pdb,47,-8.333451271057129,-6.630000114440918,0.0700000002980232,merck/pfkfb3_automap,merck,848,merck_pfkfb3_automap_47.sdf,merck_pfkfb3_automap_protein.pdb,6.3207808,5.553741,7.1256227,6.6300554,6.453903,6.096962,6.698943,6.440801,6.789345,6.472475,6.4582624
merck/pfkfb3_automap/26,6.74796428806923,data/fep/merck/merck_pfkfb3_automap_26.sdf,,data/fep/merck/merck_pfkfb3_automap_protein.pdb,26,-9.169439315795898,-9.31999969482422,0.0700000002980232,merck/pfkfb3_automap,merck,849,merck_pfkfb3_automap_26.sdf,merck_pfkfb3_automap_protein.pdb,6.50377,6.752122,6.9720764,6.649743,6.3317094,5.8615108,6.5270185,6.7507668,6.378095,6.53585,6.5262666
merck/pfkfb3_automap/55,7.826869624408958,data/fep/merck/merck_pfkfb3_automap_55.sdf,,data/fep/merck/merck_pfkfb3_automap_protein.pdb,55,-10.635504722595217,-11.5,0.0700000002980232,merck/pfkfb3_automap,merck,850,merck_pfkfb3_automap_55.sdf,merck_pfkfb3_automap_protein.pdb,7.260199,6.2967343,7.966955,7.8328433,7.593464,5.801448,7.0561395,7.0734434,7.705145,7.4034424,7.1989813
merck/pfkfb3_automap/20,6.267419119538671,data/fep/merck/merck_pfkfb3_automap_20.sdf,,data/fep/merck/merck_pfkfb3_automap_protein.pdb,20,-8.51645278930664,-8.069999694824219,0.0700000002980232,merck/pfkfb3_automap,merck,851,merck_pfkfb3_automap_20.sdf,merck_pfkfb3_automap_protein.pdb,6.9974194,5.1119504,6.997433,6.462301,6.2502303,6.0405912,6.8107176,6.665491,7.3701935,6.472173,6.5178504
merck/pfkfb3_automap/57,7.708300862915617,data/fep/merck/merck_pfkfb3_automap_57.sdf,,data/fep/merck/merck_pfkfb3_automap_protein.pdb,57,-10.474388122558594,-10.199999809265137,0.0700000002980232,merck/pfkfb3_automap,merck,852,merck_pfkfb3_automap_57.sdf,merck_pfkfb3_automap_protein.pdb,7.6649737,7.433443,8.126778,7.773063,7.432704,6.8919034,6.9064693,7.0261927,7.713785,7.241883,7.4211187
merck/pfkfb3_automap/42,6.230880601453481,data/fep/merck/merck_pfkfb3_automap_42.sdf,,data/fep/merck/merck_pfkfb3_automap_protein.pdb,42,-8.466802597045898,-8.90999984741211,0.0700000002980232,merck/pfkfb3_automap,merck,853,merck_pfkfb3_automap_42.sdf,merck_pfkfb3_automap_protein.pdb,6.4027624,5.8609295,7.165654,6.8928003,6.8410273,6.102507,5.9979243,6.9245467,6.879956,6.2284107,6.5296516
merck/pfkfb3_automap/35,7.461341270845879,data/fep/merck/merck_pfkfb3_automap_35.sdf,,data/fep/merck/merck_pfkfb3_automap_protein.pdb,35,-10.138808250427246,-9.9399995803833,0.0700000002980232,merck/pfkfb3_automap,merck,854,merck_pfkfb3_automap_35.sdf,merck_pfkfb3_automap_protein.pdb,6.917964,6.3261113,7.406297,7.380277,6.8662357,5.71293,6.985867,6.628447,7.44242,7.315931,6.898248
merck/pfkfb3_automap/44,7.321418720576465,data/fep/merck/merck_pfkfb3_automap_44.sdf,,data/fep/merck/merck_pfkfb3_automap_protein.pdb,44,-9.948675155639648,-8.960000038146973,0.0700000002980232,merck/pfkfb3_automap,merck,855,merck_pfkfb3_automap_44.sdf,merck_pfkfb3_automap_protein.pdb,6.6263213,6.4413247,7.574436,7.0342736,6.6617627,6.0491195,6.661364,6.276579,7.848583,6.2200017,6.739377
merck/pfkfb3_automap/63,6.300670981709893,data/fep/merck/merck_pfkfb3_automap_63.sdf,,data/fep/merck/merck_pfkfb3_automap_protein.pdb,63,-8.561636924743652,-9.729999542236328,0.0700000002980232,merck/pfkfb3_automap,merck,856,merck_pfkfb3_automap_63.sdf,merck_pfkfb3_automap_protein.pdb,7.57589,7.612098,7.152815,6.6877084,7.7213874,7.5040035,7.6855283,7.3840475,7.954677,7.4256425,7.47038
merck/pfkfb3_automap/69,7.885092491794558,data/fep/merck/merck_pfkfb3_automap_69.sdf,,data/fep/merck/merck_pfkfb3_automap_protein.pdb,69,-10.71462059020996,-11.210000038146973,0.0700000002980232,merck/pfkfb3_automap,merck,857,merck_pfkfb3_automap_69.sdf,merck_pfkfb3_automap_protein.pdb,6.9409895,6.2065473,7.043537,7.042179,6.798363,5.980934,7.2307377,7.0577073,7.614347,6.8635244,6.8778863
merck/pfkfb3_automap/52,7.65007869735703,data/fep/merck/merck_pfkfb3_automap_52.sdf,,data/fep/merck/merck_pfkfb3_automap_protein.pdb,52,-10.395273208618164,-8.350000381469727,0.0700000002980232,merck/pfkfb3_automap,merck,858,merck_pfkfb3_automap_52.sdf,merck_pfkfb3_automap_protein.pdb,6.858125,6.617846,7.6238613,7.414627,7.3281384,5.496277,6.658149,7.1511054,7.233242,7.329318,6.9710684
merck/pfkfb3_automap/19,5.556767681977032,data/fep/merck/merck_pfkfb3_automap_19.sdf,,data/fep/merck/merck_pfkfb3_automap_protein.pdb,19,-7.550787448883057,-7.510000228881836,0.0700000002980232,merck/pfkfb3_automap,merck,859,merck_pfkfb3_automap_19.sdf,merck_pfkfb3_automap_protein.pdb,6.4358087,5.7884846,7.08265,7.4179482,5.796025,6.41182,6.2180963,6.113692,6.0428386,5.9123797,6.3219748
merck/pfkfb3_automap/68,7.195983283562679,data/fep/merck/merck_pfkfb3_automap_68.sdf,,data/fep/merck/merck_pfkfb3_automap_protein.pdb,68,-9.778227806091309,-12.279999732971191,0.0700000002980232,merck/pfkfb3_automap,merck,860,merck_pfkfb3_automap_68.sdf,merck_pfkfb3_automap_protein.pdb,7.158953,6.6636043,6.7863693,7.17149,7.3027353,6.1136208,6.672212,6.954626,6.8328996,6.468251,6.812476
merck/pfkfb3_automap/33,6.333997237544768,data/fep/merck/merck_pfkfb3_automap_33.sdf,,data/fep/merck/merck_pfkfb3_automap_protein.pdb,33,-8.606922149658203,-9.510000228881836,0.0700000002980232,merck/pfkfb3_automap,merck,861,merck_pfkfb3_automap_33.sdf,merck_pfkfb3_automap_protein.pdb,6.483299,6.464291,7.8474026,7.3072443,7.384938,6.484432,7.379982,6.674302,6.349732,6.948038,6.9323664
merck/pfkfb3_automap/70,7.582866127728846,data/fep/merck/merck_pfkfb3_automap_70.sdf,,data/fep/merck/merck_pfkfb3_automap_protein.pdb,70,-10.30394172668457,-10.1899995803833,0.0700000002980232,merck/pfkfb3_automap,merck,862,merck_pfkfb3_automap_70.sdf,merck_pfkfb3_automap_protein.pdb,7.628082,6.434605,7.689864,7.455301,6.6951957,6.0934143,7.3938327,7.0993357,8.032829,7.4587574,7.1981215
merck/pfkfb3_automap/53,5.149693274572593,data/fep/merck/merck_pfkfb3_automap_53.sdf,,data/fep/merck/merck_pfkfb3_automap_protein.pdb,53,-6.997636318206787,-7.210000038146973,0.0700000002980232,merck/pfkfb3_automap,merck,863,merck_pfkfb3_automap_53.sdf,merck_pfkfb3_automap_protein.pdb,6.9981866,7.110301,7.081726,7.4291463,7.4425273,5.5323696,6.517693,7.292594,7.1192055,7.045542,6.956929
merck/pfkfb3_automap/64,6.934033368267142,data/fep/merck/merck_pfkfb3_automap_64.sdf,,data/fep/merck/merck_pfkfb3_automap_protein.pdb,64,-9.42227840423584,-9.4399995803833,0.0700000002980232,merck/pfkfb3_automap,merck,864,merck_pfkfb3_automap_64.sdf,merck_pfkfb3_automap_protein.pdb,7.3281093,7.015926,7.1867666,7.554716,7.4970565,6.887067,7.717081,7.0977716,8.217104,6.938429,7.3440027
merck/pfkfb3_automap/39,5.296778320449521,data/fep/merck/merck_pfkfb3_automap_39.sdf,,data/fep/merck/merck_pfkfb3_automap_protein.pdb,39,-7.197502136230469,-6.480000019073486,0.0700000002980232,merck/pfkfb3_automap,merck,865,merck_pfkfb3_automap_39.sdf,merck_pfkfb3_automap_protein.pdb,6.9021916,5.721572,6.9375257,6.3373446,6.589631,6.252745,7.1281657,6.536702,6.819207,5.9997396,6.5224824
merck/pfkfb3_automap/37,7.357031528828103,data/fep/merck/merck_pfkfb3_automap_37.sdf,,data/fep/merck/merck_pfkfb3_automap_protein.pdb,37,-9.99706745147705,-10.920000076293944,0.0700000002980232,merck/pfkfb3_automap,merck,866,merck_pfkfb3_automap_37.sdf,merck_pfkfb3_automap_protein.pdb,6.6068406,6.920969,6.8138995,6.62339,6.4250984,6.348278,6.573928,6.612929,6.634851,6.97635,6.6536536
merck/pfkfb3_automap/23,5.824404150666316,data/fep/merck/merck_pfkfb3_automap_23.sdf,,data/fep/merck/merck_pfkfb3_automap_protein.pdb,23,-7.914463996887207,-8.199999809265137,0.0700000002980232,merck/pfkfb3_automap,merck,867,merck_pfkfb3_automap_23.sdf,merck_pfkfb3_automap_protein.pdb,6.617318,6.3818383,7.359299,7.09346,6.580376,6.6090603,6.219274,6.1252427,6.6913824,7.1148276,6.679208
merck/pfkfb3_automap/60 adjust,5.993129681655184,data/fep/merck/merck_pfkfb3_automap_60_adjust.sdf,,data/fep/merck/merck_pfkfb3_automap_protein.pdb,60 adjust,-8.143735885620117,-7.110000133514404,0.0700000002980232,merck/pfkfb3_automap,merck,868,merck_pfkfb3_automap_60_adjust.sdf,merck_pfkfb3_automap_protein.pdb,7.1483774,6.2140017,6.938231,6.9786134,6.8319926,7.1931825,6.7275977,7.646687,6.9609017,7.7181177,7.0357704
merck/pfkfb3_automap/34,7.33886192922172,data/fep/merck/merck_pfkfb3_automap_34.sdf,,data/fep/merck/merck_pfkfb3_automap_protein.pdb,34,-9.97237777709961,-9.760000228881836,0.0700000002980232,merck/pfkfb3_automap,merck,869,merck_pfkfb3_automap_34.sdf,merck_pfkfb3_automap_protein.pdb,6.058164,6.777126,6.877551,6.680312,6.026743,5.7773247,7.0735993,6.6165223,6.451588,6.4637184,6.4802656
merck/pfkfb3_automap/36,5.475631566186733,data/fep/merck/merck_pfkfb3_automap_36.sdf,,data/fep/merck/merck_pfkfb3_automap_protein.pdb,36,-7.440536022186279,-7.75,0.0700000002980232,merck/pfkfb3_automap,merck,870,merck_pfkfb3_automap_36.sdf,merck_pfkfb3_automap_protein.pdb,6.509257,6.2306676,6.849626,6.1344714,5.620682,4.892626,6.2135367,6.1415324,6.666282,6.1879277,6.1446605
merck/pfkfb3_automap/46,5.783851532965509,data/fep/merck/merck_pfkfb3_automap_46.sdf,,data/fep/merck/merck_pfkfb3_automap_protein.pdb,46,-7.859359264373779,-7.139999866485596,0.0700000002980232,merck/pfkfb3_automap,merck,871,merck_pfkfb3_automap_46.sdf,merck_pfkfb3_automap_protein.pdb,7.719877,6.76606,7.337187,6.796785,6.940208,7.1418905,7.532655,6.904957,7.7886105,7.1845303,7.211276
merck/shp2/SHP099-1/Example 7,7.177158879350759,data/fep/merck/merck_shp2_SHP099-1_Example_7.sdf,,data/fep/merck/merck_shp2_protein.pdb,SHP099-1/Example 7,-9.75264835357666,-9.970000267028809,0.1000000014901161,merck/shp2,merck,872,merck_shp2_SHP099-1_Example_7.sdf,merck_shp2_protein.pdb,7.0588574,5.997114,6.4828463,5.0972667,7.1952357,6.1457906,6.117899,5.464479,7.449814,6.6460094,6.365531
merck/shp2/Example 22,6.799033432685015,data/fep/merck/merck_shp2_Example_22.sdf,,data/fep/merck/merck_shp2_protein.pdb,Example 22,-9.238834381103516,-8.770000457763672,0.1000000014901161,merck/shp2,merck,873,merck_shp2_Example_22.sdf,merck_shp2_protein.pdb,7.621275,7.0405836,6.3232336,5.389199,7.5493603,6.980623,7.3960247,6.4235206,7.712803,6.991509,6.942813
merck/shp2/Example 29,5.609750708864306,data/fep/merck/merck_shp2_Example_29.sdf,,data/fep/merck/merck_shp2_protein.pdb,Example 29,-7.622783184051514,-5.619999885559082,0.1000000014901161,merck/shp2,merck,874,merck_shp2_Example_29.sdf,merck_shp2_protein.pdb,5.962526,5.0732665,5.7877884,5.0238595,6.947562,6.2701707,5.457579,5.95654,4.921545,4.862636,5.6263475
merck/shp2/11,4.676091982534193,data/fep/merck/merck_shp2_11.sdf,,data/fep/merck/merck_shp2_protein.pdb,11,-6.354085445404053,-7.550000190734863,0.1000000014901161,merck/shp2,merck,875,merck_shp2_11.sdf,merck_shp2_protein.pdb,6.406208,5.758355,6.2200465,4.6998634,6.407203,5.331672,5.5764637,4.5364704,6.2545776,6.74273,5.793359
merck/shp2/4,4.28457076362205,data/fep/merck/merck_shp2_4.sdf,,data/fep/merck/merck_shp2_protein.pdb,4,-5.822068691253662,-6.400000095367432,0.1099999994039535,merck/shp2,merck,876,merck_shp2_4.sdf,merck_shp2_protein.pdb,7.1276245,5.7920604,5.444638,7.4946656,6.360274,5.771396,6.3312044,5.3048925,6.42366,6.0648184,6.2115235
merck/shp2/Example 2,6.090628192486744,data/fep/merck/merck_shp2_Example_2.sdf,,data/fep/merck/merck_shp2_protein.pdb,Example 2,-8.27622127532959,-7.510000228881836,0.1099999994039535,merck/shp2,merck,877,merck_shp2_Example_2.sdf,merck_shp2_protein.pdb,6.3573623,5.513514,6.3429265,5.9070168,6.8791523,6.159858,5.5586576,4.6769395,5.4111247,6.674195,5.948075
merck/shp2/Example 14,7.195983283562679,data/fep/merck/merck_shp2_Example_14.sdf,,data/fep/merck/merck_shp2_protein.pdb,Example 14,-9.778227806091309,-11.289999961853027,0.1000000014901161,merck/shp2,merck,878,merck_shp2_Example_14.sdf,merck_shp2_protein.pdb,6.9223294,5.3664474,5.473858,5.7561812,6.1081014,6.1073775,6.554525,5.1128817,7.783935,5.921805,6.110744
merck/shp2/Example 26,6.593135633815887,data/fep/merck/merck_shp2_Example_26.sdf,,data/fep/merck/merck_shp2_protein.pdb,Example 26,-8.959051132202148,-8.550000190734863,0.1000000014901161,merck/shp2,merck,879,merck_shp2_Example_26.sdf,merck_shp2_protein.pdb,7.5395403,7.392858,7.6169634,6.658697,7.4778304,7.535742,6.785088,6.973058,7.703706,7.058375,7.274186
merck/shp2/SHP836-2,4.940379683618632,data/fep/merck/merck_shp2_SHP836-2.sdf,,data/fep/merck/merck_shp2_protein.pdb,SHP836-2,-6.713211536407471,-7.690000057220459,0.1199999973177909,merck/shp2,merck,880,merck_shp2_SHP836-2.sdf,merck_shp2_protein.pdb,7.1099343,7.056598,6.4537525,6.1772285,5.7033515,5.5961404,6.747014,5.022201,7.420105,5.9440722,6.32304
merck/shp2/Example 6,6.674243676525563,data/fep/merck/merck_shp2_Example_6.sdf,,data/fep/merck/merck_shp2_protein.pdb,Example 6,-9.06926441192627,-10.5600004196167,0.1000000014901161,merck/shp2,merck,881,merck_shp2_Example_6.sdf,merck_shp2_protein.pdb,7.613493,7.156618,6.5763144,6.1838913,6.8990245,6.5122676,6.82,6.521092,7.0776987,6.2915893,6.7651987
merck/shp2/Example 1,6.614570132698754,data/fep/merck/merck_shp2_Example_1.sdf,,data/fep/merck/merck_shp2_protein.pdb,Example 1,-8.988177299499512,-8.819999694824219,0.1099999994039535,merck/shp2,merck,882,merck_shp2_Example_1.sdf,merck_shp2_protein.pdb,7.061879,6.1007247,6.3051405,5.268922,6.891358,6.2927914,6.0492234,5.1443534,7.385412,6.6315255,6.313133
merck/shp2/3,4.020282711624104,data/fep/merck/merck_shp2_3.sdf,,data/fep/merck/merck_shp2_protein.pdb,3,-5.462942123413086,-5.809999942779541,0.1000000014901161,merck/shp2,merck,883,merck_shp2_3.sdf,merck_shp2_protein.pdb,6.4471817,6.079352,5.1584554,5.7509646,5.697635,5.712263,5.3269687,3.8500512,6.751751,6.0206223,5.6795244
merck/shp2/Example 9,6.471741316757818,data/fep/merck/merck_shp2_Example_9.sdf,,data/fep/merck/merck_shp2_protein.pdb,Example 9,-8.794095039367676,-10.06999969482422,0.1000000014901161,merck/shp2,merck,884,merck_shp2_Example_9.sdf,merck_shp2_protein.pdb,7.020361,4.633724,6.7739186,5.334104,6.8066616,5.4848723,5.9465494,4.6420054,7.3795195,6.1323156,6.0154033
merck/shp2/Example 8,7.147486334959001,data/fep/merck/merck_shp2_Example_8.sdf,,data/fep/merck/merck_shp2_protein.pdb,Example 8,-9.71232795715332,-10.489999771118164,0.1099999994039535,merck/shp2,merck,885,merck_shp2_Example_8.sdf,merck_shp2_protein.pdb,7.390482,6.310241,6.8187304,5.0002837,6.6468453,5.744195,6.137812,5.5248833,7.3099146,7.1802855,6.4063673
merck/shp2/7,5.207706295680537,data/fep/merck/merck_shp2_7.sdf,,data/fep/merck/merck_shp2_protein.pdb,7,-7.076467037200928,-8.289999961853027,0.1099999994039535,merck/shp2,merck,886,merck_shp2_7.sdf,merck_shp2_protein.pdb,5.092517,5.8156495,5.9734282,4.5910187,5.0162764,5.7162895,4.6297436,4.7778835,7.095977,5.534671,5.424346
merck/shp2/Example 24,6.680096212008493,data/fep/merck/merck_shp2_Example_24.sdf,,data/fep/merck/merck_shp2_protein.pdb,Example 24,-9.07721710205078,-9.140000343322754,0.1000000014901161,merck/shp2,merck,887,merck_shp2_Example_24.sdf,merck_shp2_protein.pdb,7.509535,7.321489,6.107128,5.676233,7.195434,6.684773,6.6717067,5.991608,7.5849185,7.1120853,6.785491
merck/shp2/Example 28,6.223926197556087,data/fep/merck/merck_shp2_Example_28.sdf,,data/fep/merck/merck_shp2_protein.pdb,Example 28,-8.457352638244629,-7.349999904632568,0.1000000014901161,merck/shp2,merck,888,merck_shp2_Example_28.sdf,merck_shp2_protein.pdb,6.1968465,5.4750032,6.548277,6.2097387,7.744268,6.4442534,6.0581913,6.4209337,6.296009,6.38896,6.3782477
merck/shp2/10,5.26497152010338,data/fep/merck/merck_shp2_10.sdf,,data/fep/merck/merck_shp2_protein.pdb,10,-7.1542816162109375,-7.670000076293945,0.1000000014901161,merck/shp2,merck,889,merck_shp2_10.sdf,merck_shp2_protein.pdb,5.8974285,6.289399,6.0292754,4.6734333,6.5093284,5.386476,5.2535152,5.6774845,5.7134438,5.372118,5.68019
merck/shp2/Example 25,6.527534459015478,data/fep/merck/merck_shp2_Example_25.sdf,,data/fep/merck/merck_shp2_protein.pdb,Example 25,-8.869909286499023,-7.119999885559082,0.1000000014901161,merck/shp2,merck,890,merck_shp2_Example_25.sdf,merck_shp2_protein.pdb,7.777979,7.1761694,7.6354046,6.293974,7.6868725,7.555428,7.0289006,7.2021027,8.11232,6.983534,7.3452682
merck/shp2/Example 27,6.268946295124575,data/fep/merck/merck_shp2_Example_27.sdf,,data/fep/merck/merck_shp2_protein.pdb,Example 27,-8.51852798461914,-9.520000457763672,0.1000000014901161,merck/shp2,merck,891,merck_shp2_Example_27.sdf,merck_shp2_protein.pdb,7.201772,7.4452724,6.414188,6.3115697,5.7835865,5.833911,6.734373,5.1753373,7.579302,6.1113048,6.4590616
merck/shp2/6,5.909455057549527,data/fep/merck/merck_shp2_6.sdf,,data/fep/merck/merck_shp2_protein.pdb,6,-8.030035018920898,-8.84000015258789,0.1099999994039535,merck/shp2,merck,892,merck_shp2_6.sdf,merck_shp2_protein.pdb,6.8383827,4.413303,6.1574306,5.827396,6.6607985,5.7262106,6.1377945,4.9326606,6.358985,5.7845945,5.8837557
merck/shp2/Example 30,6.738880541006563,data/fep/merck/merck_shp2_Example_30.sdf,,data/fep/merck/merck_shp2_protein.pdb,Example 30,-9.157095909118652,-9.0600004196167,0.1400000005960464,merck/shp2,merck,893,merck_shp2_Example_30.sdf,merck_shp2_protein.pdb,6.9750896,6.6092205,6.1304116,5.557182,7.1337986,6.817083,6.5050044,6.1808486,7.157288,6.7370505,6.580297
merck/shp2/Example 5,5.565823355959076,data/fep/merck/merck_shp2_Example_5.sdf,,data/fep/merck/merck_shp2_protein.pdb,Example 5,-7.5630927085876465,-5.090000152587891,0.1000000014901161,merck/shp2,merck,894,merck_shp2_Example_5.sdf,merck_shp2_protein.pdb,6.286309,7.6598835,6.670816,6.041031,6.7477393,6.4024477,6.7082253,6.495787,7.478466,6.3516917,6.6842394
merck/shp2/Example 4,6.035337558372239,data/fep/merck/merck_shp2_Example_4.sdf,,data/fep/merck/merck_shp2_protein.pdb,Example 4,-8.201089859008789,-6.670000076293945,0.1000000014901161,merck/shp2,merck,895,merck_shp2_Example_4.sdf,merck_shp2_protein.pdb,6.411165,5.359944,5.192,5.318374,6.6535697,6.1825604,5.5093665,5.459147,5.6773267,5.0966206,5.6860075
merck/shp2/Example 23,6.432181433370551,data/fep/merck/merck_shp2_Example_23.sdf,,data/fep/merck/merck_shp2_protein.pdb,Example 23,-8.740339279174805,-8.6899995803833,0.1000000014901161,merck/shp2,merck,896,merck_shp2_Example_23.sdf,merck_shp2_protein.pdb,7.20715,6.398023,6.231485,5.6138206,7.2295017,6.960739,7.1029234,6.051623,7.710373,6.6210885,6.712673
merck/shp2/Example 3,6.046215877113748,data/fep/merck/merck_shp2_Example_3.sdf,,data/fep/merck/merck_shp2_protein.pdb,Example 3,-8.215871810913086,-7.079999923706055,0.1000000014901161,merck/shp2,merck,897,merck_shp2_Example_3.sdf,merck_shp2_protein.pdb,6.580032,6.3752036,5.975713,4.5391784,6.626577,6.6528845,5.6388884,6.120265,6.782501,5.749433,6.104068
merck/cmet/CHEMBL3402753_200,6.725599868390719,data/fep/merck/merck_cmet_CHEMBL3402753_200.sdf,,data/fep/merck/merck_cmet_protein.pdb,CHEMBL3402753_200,-9.139049530029297,-10.130000114440918,0.0900000035762786,merck/cmet,merck,898,merck_cmet_CHEMBL3402753_200.sdf,merck_cmet_protein.pdb,7.090035,6.4680963,7.2159605,7.3758407,6.9979444,7.4425178,6.8829618,7.2221274,7.295911,7.1787724,7.117017
merck/cmet/CHEMBL3402747_3400,5.490259395758985,data/fep/merck/merck_cmet_CHEMBL3402747_3400.sdf,,data/fep/merck/merck_cmet_protein.pdb,CHEMBL3402747_3400,-7.460412979125977,-6.21999979019165,0.0900000035762786,merck/cmet,merck,899,merck_cmet_CHEMBL3402747_3400.sdf,merck_cmet_protein.pdb,7.4526825,6.7910004,6.9100633,7.422616,7.158984,6.839265,7.4756093,7.2619357,7.398225,6.7606993,7.1471076
merck/cmet/CHEMBL3402744_300,6.548808239511777,data/fep/merck/merck_cmet_CHEMBL3402744_300.sdf,,data/fep/merck/merck_cmet_protein.pdb,CHEMBL3402744_300,-8.89881706237793,-7.909999847412109,0.0900000035762786,merck/cmet,merck,900,merck_cmet_CHEMBL3402744_300.sdf,merck_cmet_protein.pdb,6.6693487,6.452435,7.0474935,7.357885,7.3869596,6.3882613,7.6036134,7.196114,7.5173235,7.4202733,7.103971
merck/cmet/CHEMBL3402745_200,6.725599868390719,data/fep/merck/merck_cmet_CHEMBL3402745_200.sdf,,data/fep/merck/merck_cmet_protein.pdb,CHEMBL3402745_200,-9.139049530029297,-8.520000457763672,0.0900000035762786,merck/cmet,merck,901,merck_cmet_CHEMBL3402745_200.sdf,merck_cmet_protein.pdb,6.9067564,6.912625,7.213333,7.289125,7.4007382,6.687434,7.7772517,7.2933326,7.0031357,7.4840837,7.196782
merck/cmet/CHEMBL3402750_400,6.42337280249799,data/fep/merck/merck_cmet_CHEMBL3402750_400.sdf,,data/fep/merck/merck_cmet_protein.pdb,CHEMBL3402750_400,-8.72836971282959,-10.039999961853027,0.0900000035762786,merck/cmet,merck,902,merck_cmet_CHEMBL3402750_400.sdf,merck_cmet_protein.pdb,7.2870984,6.667042,6.9920654,6.8706174,7.125269,7.2987795,7.351339,7.1306386,7.370705,7.2214274,7.131498
merck/cmet/CHEMBL3402743_42,7.406074498849904,data/fep/merck/merck_cmet_CHEMBL3402743_42.sdf,,data/fep/merck/merck_cmet_protein.pdb,CHEMBL3402743_42,-10.063709259033203,-9.43000030517578,0.0900000035762786,merck/cmet,merck,903,merck_cmet_CHEMBL3402743_42.sdf,merck_cmet_protein.pdb,7.418625,6.4313436,7.287213,7.0334606,6.658442,7.351006,7.30083,7.6573167,7.1837187,6.8427386,7.116469
merck/cmet/CHEMBL3402752_30000,4.54085798764237,data/fep/merck/merck_cmet_CHEMBL3402752_30000.sdf,,data/fep/merck/merck_cmet_protein.pdb,CHEMBL3402752_30000,-6.170323371887207,-6.699999809265137,0.0900000035762786,merck/cmet,merck,904,merck_cmet_CHEMBL3402752_30000.sdf,merck_cmet_protein.pdb,7.259461,7.013745,6.832132,6.814414,6.94695,7.544755,7.7037725,7.376931,7.7741237,7.5006094,7.276689
merck/cmet/CHEMBL3402755_4200,5.398124246980496,data/fep/merck/merck_cmet_CHEMBL3402755_4200.sdf,,data/fep/merck/merck_cmet_protein.pdb,CHEMBL3402755_4200,-7.33521556854248,-8.5,0.0900000035762786,merck/cmet,merck,905,merck_cmet_CHEMBL3402755_4200.sdf,merck_cmet_protein.pdb,7.4856887,6.8020186,7.5361915,7.7808323,6.9682417,7.5649686,7.140218,7.25563,7.0707703,6.9221125,7.2526665
merck/cmet/CHEMBL3402749_500,6.32607782150095,data/fep/merck/merck_cmet_CHEMBL3402749_500.sdf,,data/fep/merck/merck_cmet_protein.pdb,CHEMBL3402749_500,-8.596160888671875,-7.889999866485596,0.0900000035762786,merck/cmet,merck,906,merck_cmet_CHEMBL3402749_500.sdf,merck_cmet_protein.pdb,6.934304,6.7448683,7.1368423,7.1398134,6.686657,7.15488,6.9072523,6.947003,7.3516517,7.1827674,7.0186043
merck/cmet/CHEMBL3402765_11-charged-pKa-8.1,7.990244426231032,data/fep/merck/merck_cmet_CHEMBL3402765_11-charged-pKa-8.1.sdf,,data/fep/merck/merck_cmet_protein.pdb,CHEMBL3402765_11-charged-pKa-8.1,-10.857505798339844,-9.65999984741211,0.1000000014901161,merck/cmet,merck,907,merck_cmet_CHEMBL3402765_11-charged-pKa-8.1.sdf,merck_cmet_protein.pdb,7.525545,7.052136,7.7629714,6.6636558,6.594909,7.519554,7.3457212,6.940043,7.3862076,7.22122,7.201196
merck/cmet/CHEMBL3402742_23,7.668635705476013,data/fep/merck/merck_cmet_CHEMBL3402742_23.sdf,,data/fep/merck/merck_cmet_protein.pdb,CHEMBL3402742_23,-10.420489311218262,-10.170000076293944,0.0900000035762786,merck/cmet,merck,908,merck_cmet_CHEMBL3402742_23.sdf,merck_cmet_protein.pdb,7.423376,6.441736,7.437378,6.782112,7.356109,6.445484,6.8058586,7.1526957,7.096226,7.2878494,7.022882
merck/cmet/CHEMBL3402754_40,7.427348279346202,data/fep/merck/merck_cmet_CHEMBL3402754_40.sdf,,data/fep/merck/merck_cmet_protein.pdb,CHEMBL3402754_40,-10.09261703491211,-10.460000038146973,0.0900000035762786,merck/cmet,merck,909,merck_cmet_CHEMBL3402754_40.sdf,merck_cmet_protein.pdb,7.2362356,6.465484,6.9710913,7.629656,7.132398,7.2965155,7.0769734,7.5161715,7.3403263,6.824714,7.1489563
merck/cmet/CHEMBL3402748_5300,5.29669585577519,data/fep/merck/merck_cmet_CHEMBL3402748_5300.sdf,,data/fep/merck/merck_cmet_protein.pdb,CHEMBL3402748_5300,-7.197390079498291,-7.880000114440918,0.0900000035762786,merck/cmet,merck,910,merck_cmet_CHEMBL3402748_5300.sdf,merck_cmet_protein.pdb,6.5813174,6.960598,7.453507,7.3598228,6.869733,6.5870395,6.68838,6.8615456,6.9870467,7.407183,6.9756174
merck/cmet/CHEMBL3402741_400,6.42337280249799,data/fep/merck/merck_cmet_CHEMBL3402741_400.sdf,,data/fep/merck/merck_cmet_protein.pdb,CHEMBL3402741_400,-8.72836971282959,-9.130000114440918,0.1099999994039535,merck/cmet,merck,911,merck_cmet_CHEMBL3402741_400.sdf,merck_cmet_protein.pdb,6.3491096,6.783533,6.487051,6.347857,7.349358,6.1316633,6.4952974,6.3928227,6.7513223,6.806928,6.589494
merck/cmet/CHEMBL3402763_90,7.073765723415333,data/fep/merck/merck_cmet_CHEMBL3402763_90.sdf,,data/fep/merck/merck_cmet_protein.pdb,CHEMBL3402763_90,-9.612153053283691,-9.979999542236328,0.1000000014901161,merck/cmet,merck,912,merck_cmet_CHEMBL3402763_90.sdf,merck_cmet_protein.pdb,6.7950377,6.4756827,6.2908115,6.647029,6.3844204,6.785327,6.70445,7.4122744,7.0985484,6.601141,6.719472
merck/cmet/CHEMBL3402764_90,7.073765723415333,data/fep/merck/merck_cmet_CHEMBL3402764_90.sdf,,data/fep/merck/merck_cmet_protein.pdb,CHEMBL3402764_90,-9.612153053283691,-8.579999923706055,0.1000000014901161,merck/cmet,merck,913,merck_cmet_CHEMBL3402764_90.sdf,merck_cmet_protein.pdb,7.8527236,6.2095537,7.350933,6.8610435,6.487915,7.2278547,7.069605,7.10908,6.665438,6.6853695,6.9519525
merck/cmet/CHEMBL3402751_2100,5.7003509619597175,data/fep/merck/merck_cmet_CHEMBL3402751_2100.sdf,,data/fep/merck/merck_cmet_protein.pdb,CHEMBL3402751_2100,-7.745894908905029,-7.829999923706055,0.0900000035762786,merck/cmet,merck,914,merck_cmet_CHEMBL3402751_2100.sdf,merck_cmet_protein.pdb,7.3840146,6.9478564,6.5812626,7.35378,7.064994,7.4615626,7.6461616,7.3649254,7.8195987,7.5206246,7.3144774
merck/cmet/CHEMBL3402756_2.7 redocked,8.602697982340084,data/fep/merck/merck_cmet_CHEMBL3402756_2.7_redocked.sdf,,data/fep/merck/merck_cmet_protein.pdb,CHEMBL3402756_2.7 redocked,-11.689735412597656,-11.75,0.0900000035762786,merck/cmet,merck,915,merck_cmet_CHEMBL3402756_2.7_redocked.sdf,merck_cmet_protein.pdb,7.6324625,7.292373,7.274329,7.7311864,7.3897386,7.1072235,7.895283,7.2544127,7.65303,7.451477,7.468152
merck/cmet/CHEMBL3402762_1 redocked,9.03577648432584,data/fep/merck/merck_cmet_CHEMBL3402762_1_redocked.sdf,,data/fep/merck/merck_cmet_protein.pdb,CHEMBL3402762_1 redocked,-12.27822208404541,-13.229999542236328,0.0900000035762786,merck/cmet,merck,916,merck_cmet_CHEMBL3402762_1_redocked.sdf,merck_cmet_protein.pdb,7.004856,6.033409,8.17628,7.392861,8.05303,6.844171,7.8923755,7.7993107,7.0598736,7.6936755,7.3949842
merck/cmet/CHEMBL3402760_1 redocked,9.03577648432584,data/fep/merck/merck_cmet_CHEMBL3402760_1_redocked.sdf,,data/fep/merck/merck_cmet_protein.pdb,CHEMBL3402760_1 redocked,-12.27822208404541,-11.800000190734863,0.0900000035762786,merck/cmet,merck,917,merck_cmet_CHEMBL3402760_1_redocked.sdf,merck_cmet_protein.pdb,7.204755,5.721219,7.272956,7.5126185,7.4976516,6.8653297,7.082918,6.7719502,6.495344,7.2366285,6.966137
merck/cmet/CHEMBL3402757_6.5 redocked,8.219631673484647,data/fep/merck/merck_cmet_CHEMBL3402757_6.5_redocked.sdf,,data/fep/merck/merck_cmet_protein.pdb,CHEMBL3402757_6.5 redocked,-11.169207572937012,-11.170000076293944,0.0900000035762786,merck/cmet,merck,918,merck_cmet_CHEMBL3402757_6.5_redocked.sdf,merck_cmet_protein.pdb,7.2332006,6.9106145,7.1489773,7.477971,7.2320695,7.148675,7.4482684,7.2105484,7.2538342,7.1150227,7.2179184
merck/cmet/CHEMBL3402761_1 redocked,9.03577648432584,data/fep/merck/merck_cmet_CHEMBL3402761_1_redocked.sdf,,data/fep/merck/merck_cmet_protein.pdb,CHEMBL3402761_1 redocked,-12.27822208404541,-11.920000076293944,0.0900000035762786,merck/cmet,merck,919,merck_cmet_CHEMBL3402761_1_redocked.sdf,merck_cmet_protein.pdb,7.0518503,6.7464423,7.521373,6.8574414,7.9770865,6.7657833,7.0780206,7.5437675,7.5466847,6.843048,7.1931496
merck/cmet/CHEMBL3402758_10 redocked,8.031801007477627,data/fep/merck/merck_cmet_CHEMBL3402758_10_redocked.sdf,,data/fep/merck/merck_cmet_protein.pdb,CHEMBL3402758_10 redocked,-10.91397476196289,-11.489999771118164,0.0900000035762786,merck/cmet,merck,920,merck_cmet_CHEMBL3402758_10_redocked.sdf,merck_cmet_protein.pdb,7.087864,5.946173,7.3521056,7.4022193,7.14198,6.8115926,7.029247,6.8282766,6.6599393,6.8523207,6.911172
merck/cmet/CHEMBL3402759_5.7 redocked,8.276897248820998,data/fep/merck/merck_cmet_CHEMBL3402759_5.7_redocked.sdf,,data/fep/merck/merck_cmet_protein.pdb,CHEMBL3402759_5.7 redocked,-11.24702262878418,-11.260000228881836,0.0900000035762786,merck/cmet,merck,921,merck_cmet_CHEMBL3402759_5.7_redocked.sdf,merck_cmet_protein.pdb,7.129843,6.554778,7.4376473,7.4138103,7.1727424,6.9299307,7.7776284,7.1393876,7.7341514,7.31231,7.2602234
merck/eg5_extraprotomers/CHEMBL1078774,7.846714485101531,data/fep/merck/merck_eg5_extraprotomers_CHEMBL1078774.sdf,,data/fep/merck/merck_eg5_extraprotomers_protein.pdb,CHEMBL1078774,-10.662470817565918,-10.0,0.0900000035762786,merck/eg5_extraprotomers,merck,922,merck_eg5_extraprotomers_CHEMBL1078774.sdf,merck_eg5_extraprotomers_protein.pdb,7.023594,7.1536093,6.6679516,6.423257,5.946048,6.897353,6.711611,7.4780426,7.0984154,7.0328326,6.8432717
merck/eg5_extraprotomers/CHEMBL1093087,7.79793048924848,data/fep/merck/merck_eg5_extraprotomers_CHEMBL1093087.sdf,,data/fep/merck/merck_eg5_extraprotomers_protein.pdb,CHEMBL1093087,-10.59618091583252,-11.140000343322754,0.0900000035762786,merck/eg5_extraprotomers,merck,923,merck_eg5_extraprotomers_CHEMBL1093087.sdf,merck_eg5_extraprotomers_protein.pdb,6.1246157,7.222358,6.7880754,7.5039477,6.699583,7.060913,6.6283436,6.4777174,6.2845044,5.118579,6.590863
merck/eg5_extraprotomers/CHEMBL1082249,8.303504212808697,data/fep/merck/merck_eg5_extraprotomers_CHEMBL1082249.sdf,,data/fep/merck/merck_eg5_extraprotomers_protein.pdb,CHEMBL1082249,-11.283177375793455,-11.3100004196167,0.0900000035762786,merck/eg5_extraprotomers,merck,924,merck_eg5_extraprotomers_CHEMBL1082249.sdf,merck_eg5_extraprotomers_protein.pdb,6.1274714,7.594268,8.150303,7.270559,8.201071,7.912532,7.270887,8.038741,7.7840075,6.311946,7.466178
merck/eg5_extraprotomers/CHEMBL1089393,6.203673575367459,data/fep/merck/merck_eg5_extraprotomers_CHEMBL1089393.sdf,,data/fep/merck/merck_eg5_extraprotomers_protein.pdb,CHEMBL1089393,-8.429832458496094,-9.600000381469728,0.1000000014901161,merck/eg5_extraprotomers,merck,925,merck_eg5_extraprotomers_CHEMBL1089393.sdf,merck_eg5_extraprotomers_protein.pdb,5.9316893,5.4914527,6.0503774,5.518093,6.075882,6.0229783,6.3068113,6.1346526,6.675299,5.9583592,6.0165596
merck/eg5_extraprotomers/CHEMBL1078691,7.542694953011008,data/fep/merck/merck_eg5_extraprotomers_CHEMBL1078691.sdf,,data/fep/merck/merck_eg5_extraprotomers_protein.pdb,CHEMBL1078691,-10.24935531616211,-10.970000267028809,0.1000000014901161,merck/eg5_extraprotomers,merck,926,merck_eg5_extraprotomers_CHEMBL1078691.sdf,merck_eg5_extraprotomers_protein.pdb,6.7584968,7.3488903,6.314825,6.6013556,6.0907497,6.56044,6.9707627,7.04266,6.976093,6.709094,6.7373366
merck/eg5_extraprotomers/CHEMBL1086409,7.308442640885382,data/fep/merck/merck_eg5_extraprotomers_CHEMBL1086409.sdf,,data/fep/merck/merck_eg5_extraprotomers_protein.pdb,CHEMBL1086409,-9.931042671203612,-10.279999732971191,0.0900000035762786,merck/eg5_extraprotomers,merck,927,merck_eg5_extraprotomers_CHEMBL1086409.sdf,merck_eg5_extraprotomers_protein.pdb,7.5289083,7.0853705,6.5189357,7.0353174,7.336848,7.3382716,6.423223,6.866835,6.2781496,6.6806827,6.9092546
merck/eg5_extraprotomers/CHEMBL1082248,8.607524446726236,data/fep/merck/merck_eg5_extraprotomers_CHEMBL1082248.sdf,,data/fep/merck/merck_eg5_extraprotomers_protein.pdb,CHEMBL1082248,-11.696293830871582,-11.020000457763672,0.0900000035762786,merck/eg5_extraprotomers,merck,928,merck_eg5_extraprotomers_CHEMBL1082248.sdf,merck_eg5_extraprotomers_protein.pdb,5.714914,7.248102,6.674979,7.4370255,7.304646,7.330459,6.5539703,7.148932,6.688586,6.018513,6.812013
merck/eg5_extraprotomers/CHEMBL1084678,8.235893005435665,data/fep/merck/merck_eg5_extraprotomers_CHEMBL1084678.sdf,,data/fep/merck/merck_eg5_extraprotomers_protein.pdb,CHEMBL1084678,-11.191304206848145,-13.619999885559082,0.0900000035762786,merck/eg5_extraprotomers,merck,929,merck_eg5_extraprotomers_CHEMBL1084678.sdf,merck_eg5_extraprotomers_protein.pdb,7.1751018,8.046534,6.4036484,8.01517,7.2199807,7.8410215,7.8194714,7.332307,8.1387825,7.2028317,7.5194855
merck/eg5_extraprotomers/CHEMBL1084115,6.98955349981574,data/fep/merck/merck_eg5_extraprotomers_CHEMBL1084115.sdf,,data/fep/merck/merck_eg5_extraprotomers_protein.pdb,CHEMBL1084115,-9.497721672058104,-10.210000038146973,0.1000000014901161,merck/eg5_extraprotomers,merck,930,merck_eg5_extraprotomers_CHEMBL1084115.sdf,merck_eg5_extraprotomers_protein.pdb,6.545396,6.342214,7.0840373,6.889369,6.0525813,6.9764113,7.1352096,6.4588227,7.093319,5.9519467,6.6529303
merck/eg5_extraprotomers/CHEMBL1084431,7.258465539105845,data/fep/merck/merck_eg5_extraprotomers_CHEMBL1084431.sdf,,data/fep/merck/merck_eg5_extraprotomers_protein.pdb,CHEMBL1084431,-9.863131523132324,-10.18000030517578,0.1000000014901161,merck/eg5_extraprotomers,merck,931,merck_eg5_extraprotomers_CHEMBL1084431.sdf,merck_eg5_extraprotomers_protein.pdb,7.5727963,6.4524484,7.300018,7.646252,7.703816,7.696728,7.5778284,6.424852,6.0020304,6.813831,7.1190596
merck/eg5_extraprotomers/CHEMBL1085895,8.03764863017145,data/fep/merck/merck_eg5_extraprotomers_CHEMBL1085895.sdf,,data/fep/merck/merck_eg5_extraprotomers_protein.pdb,CHEMBL1085895,-10.921920776367188,-11.289999961853027,0.1000000014901161,merck/eg5_extraprotomers,merck,932,merck_eg5_extraprotomers_CHEMBL1085895.sdf,merck_eg5_extraprotomers_protein.pdb,7.0569334,8.182231,6.456594,7.674245,7.1928267,7.509544,7.779205,7.7712164,7.5114436,6.793335,7.3927574
merck/eg5_extraprotomers/CHEMBL1084677,8.481344371248918,data/fep/merck/merck_eg5_extraprotomers_CHEMBL1084677.sdf,,data/fep/merck/merck_eg5_extraprotomers_protein.pdb,CHEMBL1084677,-11.524834632873535,-11.970000267028809,0.0900000035762786,merck/eg5_extraprotomers,merck,933,merck_eg5_extraprotomers_CHEMBL1084677.sdf,merck_eg5_extraprotomers_protein.pdb,6.8250537,7.8945527,7.0540037,8.36029,6.7260475,7.2607446,7.6611557,7.039519,7.866673,6.7834163,7.347146
merck/eg5_extraprotomers/CHEMBL1077227,8.38347248844507,data/fep/merck/merck_eg5_extraprotomers_CHEMBL1077227.sdf,,data/fep/merck/merck_eg5_extraprotomers_protein.pdb,CHEMBL1077227,-11.391841888427734,-10.68000030517578,0.0900000035762786,merck/eg5_extraprotomers,merck,934,merck_eg5_extraprotomers_CHEMBL1077227.sdf,merck_eg5_extraprotomers_protein.pdb,5.9986053,6.447173,6.0047765,6.7201185,6.2070284,6.176397,6.799973,6.5914273,7.385166,5.576577,6.3907237
merck/eg5_extraprotomers/CHEMBL1086410,8.481344371248918,data/fep/merck/merck_eg5_extraprotomers_CHEMBL1086410.sdf,,data/fep/merck/merck_eg5_extraprotomers_protein.pdb,CHEMBL1086410,-11.524834632873535,-10.109999656677246,0.0900000035762786,merck/eg5_extraprotomers,merck,935,merck_eg5_extraprotomers_CHEMBL1086410.sdf,merck_eg5_extraprotomers_protein.pdb,5.928989,6.151437,5.993707,6.127278,5.870349,6.1833057,6.3226333,6.6961784,6.3927684,6.0040064,6.167065
merck/eg5_extraprotomers/CHEMBL1083517,8.481344371248918,data/fep/merck/merck_eg5_extraprotomers_CHEMBL1083517.sdf,,data/fep/merck/merck_eg5_extraprotomers_protein.pdb,CHEMBL1083517,-11.524834632873535,-11.770000457763672,0.1000000014901161,merck/eg5_extraprotomers,merck,936,merck_eg5_extraprotomers_CHEMBL1083517.sdf,merck_eg5_extraprotomers_protein.pdb,8.119004,7.710146,6.1321397,8.16025,7.3716383,7.717838,7.0727563,7.728662,7.366776,6.6427646,7.4021974
merck/eg5_extraprotomers/CHEMBL1096003,8.785364605166457,data/fep/merck/merck_eg5_extraprotomers_CHEMBL1096003.sdf,,data/fep/merck/merck_eg5_extraprotomers_protein.pdb,CHEMBL1096003,-11.93795108795166,-11.739999771118164,0.0900000035762786,merck/eg5_extraprotomers,merck,937,merck_eg5_extraprotomers_CHEMBL1096003.sdf,merck_eg5_extraprotomers_protein.pdb,7.053584,8.039686,7.101699,8.427194,6.974825,7.24338,8.01425,7.6626277,7.4237876,7.1217237,7.506276
merck/eg5_extraprotomers/CHEMBL1077204,8.177324839158397,data/fep/merck/merck_eg5_extraprotomers_CHEMBL1077204.sdf,,data/fep/merck/merck_eg5_extraprotomers_protein.pdb,CHEMBL1077204,-11.111719131469728,-11.93000030517578,0.1000000014901161,merck/eg5_extraprotomers,merck,938,merck_eg5_extraprotomers_CHEMBL1077204.sdf,merck_eg5_extraprotomers_protein.pdb,6.3331747,8.417677,6.483669,7.9152966,7.469065,7.318931,7.156401,6.942199,7.975356,6.9978585,7.300963
merck/eg5_extraprotomers/CHEMBL1083836,8.03764863017145,data/fep/merck/merck_eg5_extraprotomers_CHEMBL1083836.sdf,,data/fep/merck/merck_eg5_extraprotomers_protein.pdb,CHEMBL1083836,-10.921920776367188,-10.140000343322754,0.0900000035762786,merck/eg5_extraprotomers,merck,939,merck_eg5_extraprotomers_CHEMBL1083836.sdf,merck_eg5_extraprotomers_protein.pdb,6.177533,6.2641,6.1222806,7.1110835,6.72413,5.988157,6.5009646,6.948627,7.2324367,6.544387,6.56137
merck/eg5_extraprotomers/CHEMBL1085666,7.775432722437008,data/fep/merck/merck_eg5_extraprotomers_CHEMBL1085666.sdf,,data/fep/merck/merck_eg5_extraprotomers_protein.pdb,CHEMBL1085666,-10.5656099319458,-10.75,0.0900000035762786,merck/eg5_extraprotomers,merck,940,merck_eg5_extraprotomers_CHEMBL1085666.sdf,merck_eg5_extraprotomers_protein.pdb,6.722219,6.830966,6.012369,7.9239464,7.068118,7.3165016,7.3072953,7.375475,6.0423517,6.115326,6.871457
merck/eg5_extraprotomers/CHEMBL1085692,8.38347248844507,data/fep/merck/merck_eg5_extraprotomers_CHEMBL1085692.sdf,,data/fep/merck/merck_eg5_extraprotomers_protein.pdb,CHEMBL1085692,-11.391841888427734,-12.34000015258789,0.0900000035762786,merck/eg5_extraprotomers,merck,941,merck_eg5_extraprotomers_CHEMBL1085692.sdf,merck_eg5_extraprotomers_protein.pdb,5.823789,7.781878,7.2204933,7.4678917,7.154574,7.797195,7.4472723,7.4913235,7.888177,7.0651636,7.3137755
merck/eg5_extraprotomers/CHEMBL1084143,8.785364605166457,data/fep/merck/merck_eg5_extraprotomers_CHEMBL1084143.sdf,,data/fep/merck/merck_eg5_extraprotomers_protein.pdb,CHEMBL1084143,-11.93795108795166,-11.869999885559082,0.1000000014901161,merck/eg5_extraprotomers,merck,942,merck_eg5_extraprotomers_CHEMBL1084143.sdf,merck_eg5_extraprotomers_protein.pdb,6.493834,7.1010895,6.341617,7.4487586,6.803177,7.981077,7.5727477,6.4275255,6.9958754,6.9874945,7.01532
merck/eg5_extraprotomers/CHEMBL1096002,8.235893005435665,data/fep/merck/merck_eg5_extraprotomers_CHEMBL1096002.sdf,,data/fep/merck/merck_eg5_extraprotomers_protein.pdb,CHEMBL1096002,-11.191304206848145,-10.670000076293944,0.0900000035762786,merck/eg5_extraprotomers,merck,943,merck_eg5_extraprotomers_CHEMBL1096002.sdf,merck_eg5_extraprotomers_protein.pdb,6.8003836,7.021969,6.4738607,7.8383994,6.2308836,7.2992883,7.56703,7.5663123,7.4702682,5.8727784,7.014118
merck/eg5_extraprotomers/CHEMBL1089056,6.98955349981574,data/fep/merck/merck_eg5_extraprotomers_CHEMBL1089056.sdf,,data/fep/merck/merck_eg5_extraprotomers_protein.pdb,CHEMBL1089056,-9.497721672058104,-10.0,0.0900000035762786,merck/eg5_extraprotomers,merck,944,merck_eg5_extraprotomers_CHEMBL1089056.sdf,merck_eg5_extraprotomers_protein.pdb,6.477244,6.2328777,5.73698,6.145666,5.7684455,6.5063696,6.4894834,6.515762,6.7481813,6.6458983,6.3266907
merck/eg5_extraprotomers/CHEMBL1093088,8.303504212808697,data/fep/merck/merck_eg5_extraprotomers_CHEMBL1093088.sdf,,data/fep/merck/merck_eg5_extraprotomers_protein.pdb,CHEMBL1093088,-11.283177375793455,-10.479999542236328,0.0900000035762786,merck/eg5_extraprotomers,merck,945,merck_eg5_extraprotomers_CHEMBL1093088.sdf,merck_eg5_extraprotomers_protein.pdb,5.7567153,7.1912475,6.9954567,7.520013,6.924426,7.3770747,6.983847,6.956458,6.3175564,6.434992,6.8457785
merck/eg5_extraprotomers/CHEMBL1084676,7.931873473345141,data/fep/merck/merck_eg5_extraprotomers_CHEMBL1084676.sdf,,data/fep/merck/merck_eg5_extraprotomers_protein.pdb,CHEMBL1084676,-10.778188705444336,-10.869999885559082,0.0900000035762786,merck/eg5_extraprotomers,merck,946,merck_eg5_extraprotomers_CHEMBL1084676.sdf,merck_eg5_extraprotomers_protein.pdb,6.7184544,7.825181,6.7786965,7.6528854,7.0289073,7.769933,7.2005353,7.168692,7.2997665,6.558021,7.2001076
merck/eg5_extraprotomers/CHEMBL1084935,7.79793048924848,data/fep/merck/merck_eg5_extraprotomers_CHEMBL1084935.sdf,,data/fep/merck/merck_eg5_extraprotomers_protein.pdb,CHEMBL1084935,-10.59618091583252,-8.4399995803833,0.0900000035762786,merck/eg5_extraprotomers,merck,947,merck_eg5_extraprotomers_CHEMBL1084935.sdf,merck_eg5_extraprotomers_protein.pdb,7.1414814,6.5481744,6.08065,6.9493375,6.6755285,6.670923,7.1321874,7.136213,7.8777804,5.5860662,6.779834
merck/eg5_extraprotomers/CHEMBL1078998,7.677560137806143,data/fep/merck/merck_eg5_extraprotomers_CHEMBL1078998.sdf,,data/fep/merck/merck_eg5_extraprotomers_protein.pdb,CHEMBL1078998,-10.432616233825684,-10.25,0.1000000014901161,merck/eg5_extraprotomers,merck,948,merck_eg5_extraprotomers_CHEMBL1078998.sdf,merck_eg5_extraprotomers_protein.pdb,6.043382,6.164614,6.610478,6.2968125,6.0273676,6.7663517,6.883133,6.282191,7.252655,5.7893987,6.4116387
merck/eg5_extraprotomers/CHEMBL1088740,6.440081900084949,data/fep/merck/merck_eg5_extraprotomers_CHEMBL1088740.sdf,,data/fep/merck/merck_eg5_extraprotomers_protein.pdb,CHEMBL1088740,-8.75107479095459,-9.4399995803833,0.1000000014901161,merck/eg5_extraprotomers,merck,949,merck_eg5_extraprotomers_CHEMBL1088740.sdf,merck_eg5_extraprotomers_protein.pdb,6.4486923,6.27535,6.233097,6.925027,6.740385,6.357607,6.6664853,6.6496644,6.5740013,6.7940373,6.5664344
merck/eg5_extraprotomers/CHEMBL1084143_1,8.785364605166457,data/fep/merck/merck_eg5_extraprotomers_CHEMBL1084143_1.sdf,,data/fep/merck/merck_eg5_extraprotomers_protein.pdb,CHEMBL1084143_1,-11.93795108795166,-11.869999885559082,0.1000000014901161,merck/eg5_extraprotomers,merck,950,merck_eg5_extraprotomers_CHEMBL1084143_1.sdf,merck_eg5_extraprotomers_protein.pdb,5.8372583,7.812914,6.9045434,7.9958086,6.8543725,7.6664696,7.7415323,6.3838286,7.5185437,7.15498,7.1870255
merck/eg5_extraprotomers/CHEMBL1096003_1,8.785364605166457,data/fep/merck/merck_eg5_extraprotomers_CHEMBL1096003_1.sdf,,data/fep/merck/merck_eg5_extraprotomers_protein.pdb,CHEMBL1096003_1,-11.93795108795166,-11.739999771118164,0.1000000014901161,merck/eg5_extraprotomers,merck,951,merck_eg5_extraprotomers_CHEMBL1096003_1.sdf,merck_eg5_extraprotomers_protein.pdb,7.046034,8.220867,7.049168,8.261844,7.1565285,7.4214253,7.8323336,7.355636,7.215496,6.865125,7.4424453
merck/eg5_extraprotomers/CHEMBL1096002_1,8.235893005435665,data/fep/merck/merck_eg5_extraprotomers_CHEMBL1096002_1.sdf,,data/fep/merck/merck_eg5_extraprotomers_protein.pdb,CHEMBL1096002_1,-11.191304206848145,-10.670000076293944,0.1000000014901161,merck/eg5_extraprotomers,merck,952,merck_eg5_extraprotomers_CHEMBL1096002_1.sdf,merck_eg5_extraprotomers_protein.pdb,6.8507133,7.114706,6.5379777,7.31477,6.7851524,7.5144258,7.9587946,8.040502,7.684635,6.0764165,7.187809
merck/eg5_extraprotomers/CHEMBL1084676_1,7.931873473345141,data/fep/merck/merck_eg5_extraprotomers_CHEMBL1084676_1.sdf,,data/fep/merck/merck_eg5_extraprotomers_protein.pdb,CHEMBL1084676_1,-10.778188705444336,-10.869999885559082,0.0900000035762786,merck/eg5_extraprotomers,merck,953,merck_eg5_extraprotomers_CHEMBL1084676_1.sdf,merck_eg5_extraprotomers_protein.pdb,6.5125537,6.447526,6.8562026,7.569058,7.561567,7.51875,6.952188,7.2960944,7.2279916,6.95555,7.0897474
merck/eg5_extraprotomers/CHEMBL1084677_1,8.481344371248918,data/fep/merck/merck_eg5_extraprotomers_CHEMBL1084677_1.sdf,,data/fep/merck/merck_eg5_extraprotomers_protein.pdb,CHEMBL1084677_1,-11.524834632873535,-11.970000267028809,0.0900000035762786,merck/eg5_extraprotomers,merck,954,merck_eg5_extraprotomers_CHEMBL1084677_1.sdf,merck_eg5_extraprotomers_protein.pdb,7.27869,7.6493707,6.8776007,8.1971035,6.703711,7.3497066,7.971246,7.067494,7.8684545,6.5368905,7.3500266
merck/eg5_extraprotomers/CHEMBL1084935_1,7.79793048924848,data/fep/merck/merck_eg5_extraprotomers_CHEMBL1084935_1.sdf,,data/fep/merck/merck_eg5_extraprotomers_protein.pdb,CHEMBL1084935_1,-10.59618091583252,-8.449999809265137,0.1000000014901161,merck/eg5_extraprotomers,merck,955,merck_eg5_extraprotomers_CHEMBL1084935_1.sdf,merck_eg5_extraprotomers_protein.pdb,6.728924,6.943871,6.0771794,7.023846,6.100527,6.6381445,6.483551,7.0251336,7.292893,5.9214687,6.6235533
merck/syk_4puz_fullmap/CHEMBL3265014,7.653727496011036,data/fep/merck/merck_syk_4puz_fullmap_CHEMBL3265014.sdf,,data/fep/merck/merck_syk_4puz_fullmap_protein.pdb,CHEMBL3265014,-10.40023136138916,-10.43000030517578,0.0700000002980232,merck/syk_4puz_fullmap,merck,956,merck_syk_4puz_fullmap_CHEMBL3265014.sdf,merck_syk_4puz_fullmap_protein.pdb,7.5639215,7.2879257,7.773275,7.877207,7.1529613,7.5753593,7.6821184,7.6201334,6.748467,6.3235226,7.360489
merck/syk_4puz_fullmap/CHEMBL3265036,7.666744281669023,data/fep/merck/merck_syk_4puz_fullmap_CHEMBL3265036.sdf,,data/fep/merck/merck_syk_4puz_fullmap_protein.pdb,CHEMBL3265036,-10.417919158935549,-11.800000190734863,0.0799999982118606,merck/syk_4puz_fullmap,merck,957,merck_syk_4puz_fullmap_CHEMBL3265036.sdf,merck_syk_4puz_fullmap_protein.pdb,7.8258014,7.6727,8.02871,7.6002836,7.447354,7.726494,7.570449,7.365322,7.7073913,7.5025706,7.6447077
merck/syk_4puz_fullmap/CHEMBL3265020,8.097563602491618,data/fep/merck/merck_syk_4puz_fullmap_CHEMBL3265020.sdf,,data/fep/merck/merck_syk_4puz_fullmap_protein.pdb,CHEMBL3265020,-11.003335952758787,-10.06999969482422,0.0700000002980232,merck/syk_4puz_fullmap,merck,958,merck_syk_4puz_fullmap_CHEMBL3265020.sdf,merck_syk_4puz_fullmap_protein.pdb,7.902954,7.510163,7.8198104,7.6739383,7.6780963,8.037336,6.758863,7.018235,7.3567786,6.8861203,7.4642296
merck/syk_4puz_fullmap/CHEMBL3265023,7.710382481843832,data/fep/merck/merck_syk_4puz_fullmap_CHEMBL3265023.sdf,,data/fep/merck/merck_syk_4puz_fullmap_protein.pdb,CHEMBL3265023,-10.477216720581056,-9.720000267028809,0.0700000002980232,merck/syk_4puz_fullmap,merck,959,merck_syk_4puz_fullmap_CHEMBL3265023.sdf,merck_syk_4puz_fullmap_protein.pdb,8.953758,7.6726527,8.6424465,8.425021,8.144269,8.232736,7.487619,7.8172116,7.7202935,6.8637147,7.9959717
merck/syk_4puz_fullmap/CHEMBL3265033,8.712276339763827,data/fep/merck/merck_syk_4puz_fullmap_CHEMBL3265033.sdf,,data/fep/merck/merck_syk_4puz_fullmap_protein.pdb,CHEMBL3265033,-11.838635444641112,-11.5600004196167,0.0700000002980232,merck/syk_4puz_fullmap,merck,960,merck_syk_4puz_fullmap_CHEMBL3265033.sdf,merck_syk_4puz_fullmap_protein.pdb,8.305677,7.071109,8.173114,8.264891,7.611733,7.9872904,8.06547,7.997773,8.228164,7.603626,7.9308844
merck/syk_4puz_fullmap/CHEMBL3265027,7.601964946303858,data/fep/merck/merck_syk_4puz_fullmap_CHEMBL3265027.sdf,,data/fep/merck/merck_syk_4puz_fullmap_protein.pdb,CHEMBL3265027,-10.329894065856934,-10.390000343322754,0.0700000002980232,merck/syk_4puz_fullmap,merck,961,merck_syk_4puz_fullmap_CHEMBL3265027.sdf,merck_syk_4puz_fullmap_protein.pdb,7.4899497,7.344016,7.015329,7.583524,6.7960753,6.2076974,6.6019025,6.7652836,7.040233,6.2273526,6.9071364
merck/syk_4puz_fullmap/CHEMBL3265028,8.102663077586833,data/fep/merck/merck_syk_4puz_fullmap_CHEMBL3265028.sdf,,data/fep/merck/merck_syk_4puz_fullmap_protein.pdb,CHEMBL3265028,-11.010265350341797,-10.699999809265137,0.0700000002980232,merck/syk_4puz_fullmap,merck,962,merck_syk_4puz_fullmap_CHEMBL3265028.sdf,merck_syk_4puz_fullmap_protein.pdb,9.013593,7.8966527,7.7045827,7.829407,8.089331,7.7541113,7.6753187,7.493068,7.7823615,6.819672,7.8058105
merck/syk_4puz_fullmap/CHEMBL3265032,8.145761572786661,data/fep/merck/merck_syk_4puz_fullmap_CHEMBL3265032.sdf,,data/fep/merck/merck_syk_4puz_fullmap_protein.pdb,CHEMBL3265032,-11.068829536437988,-11.199999809265137,0.0700000002980232,merck/syk_4puz_fullmap,merck,963,merck_syk_4puz_fullmap_CHEMBL3265032.sdf,merck_syk_4puz_fullmap_protein.pdb,8.171625,8.160325,8.260911,7.6230288,7.397562,8.137235,7.942003,7.838661,8.02514,7.504059,7.9060545
merck/syk_4puz_fullmap/CHEMBL3265031,8.889067266815754,data/fep/merck/merck_syk_4puz_fullmap_CHEMBL3265031.sdf,,data/fep/merck/merck_syk_4puz_fullmap_protein.pdb,CHEMBL3265031,-12.078866958618164,-11.520000457763672,0.0700000002980232,merck/syk_4puz_fullmap,merck,964,merck_syk_4puz_fullmap_CHEMBL3265031.sdf,merck_syk_4puz_fullmap_protein.pdb,7.9345136,8.067758,8.1817465,7.5329294,7.3661795,7.204647,7.28139,7.744745,7.247055,7.965453,7.6526413
merck/syk_4puz_fullmap/CHEMBL3265037,9.393741248141998,data/fep/merck/merck_syk_4puz_fullmap_CHEMBL3265037.sdf,,data/fep/merck/merck_syk_4puz_fullmap_protein.pdb,CHEMBL3265037,-12.764640808105469,-11.609999656677246,0.0700000002980232,merck/syk_4puz_fullmap,merck,965,merck_syk_4puz_fullmap_CHEMBL3265037.sdf,merck_syk_4puz_fullmap_protein.pdb,7.65787,7.899709,8.283211,7.9012327,7.691746,7.5215163,7.316374,8.034637,7.6356854,7.191567,7.713355
merck/syk_4puz_fullmap/CHEMBL3265026,8.361007005676315,data/fep/merck/merck_syk_4puz_fullmap_CHEMBL3265026.sdf,,data/fep/merck/merck_syk_4puz_fullmap_protein.pdb,CHEMBL3265026,-11.36131477355957,-10.210000038146973,0.0700000002980232,merck/syk_4puz_fullmap,merck,966,merck_syk_4puz_fullmap_CHEMBL3265026.sdf,merck_syk_4puz_fullmap_protein.pdb,7.491962,7.0375233,8.465803,8.180761,7.6860304,8.077264,7.133246,7.4291854,7.6812515,6.996787,7.617982
merck/syk_4puz_fullmap/CHEMBL3265012,7.76121721623641,data/fep/merck/merck_syk_4puz_fullmap_CHEMBL3265012.sdf,,data/fep/merck/merck_syk_4puz_fullmap_protein.pdb,CHEMBL3265012,-10.546293258666992,-9.670000076293944,0.0700000002980232,merck/syk_4puz_fullmap,merck,967,merck_syk_4puz_fullmap_CHEMBL3265012.sdf,merck_syk_4puz_fullmap_protein.pdb,7.216488,7.4305367,8.342967,8.098261,7.518765,7.623684,7.524453,7.8608727,7.248519,6.6364226,7.550097
merck/syk_4puz_fullmap/CHEMBL3265029,8.187318855860273,data/fep/merck/merck_syk_4puz_fullmap_CHEMBL3265029.sdf,,data/fep/merck/merck_syk_4puz_fullmap_protein.pdb,CHEMBL3265029,-11.125299453735352,-11.0600004196167,0.0700000002980232,merck/syk_4puz_fullmap,merck,968,merck_syk_4puz_fullmap_CHEMBL3265029.sdf,merck_syk_4puz_fullmap_protein.pdb,8.542204,7.405248,8.080497,7.6518016,7.439053,7.3422394,7.3588123,7.383166,7.736986,6.5908246,7.553084
merck/syk_4puz_fullmap/CHEMBL3265035,8.151461811807211,data/fep/merck/merck_syk_4puz_fullmap_CHEMBL3265035.sdf,,data/fep/merck/merck_syk_4puz_fullmap_protein.pdb,CHEMBL3265035,-11.07657527923584,-11.609999656677246,0.0700000002980232,merck/syk_4puz_fullmap,merck,969,merck_syk_4puz_fullmap_CHEMBL3265035.sdf,merck_syk_4puz_fullmap_protein.pdb,8.125172,8.010474,7.6396275,7.397857,7.5438805,7.4182825,8.219023,7.387918,7.6104765,6.762499,7.6115203
merck/syk_4puz_fullmap/CHEMBL3265024,8.672610480497209,data/fep/merck/merck_syk_4puz_fullmap_CHEMBL3265024.sdf,,data/fep/merck/merck_syk_4puz_fullmap_protein.pdb,CHEMBL3265024,-11.784735679626465,-11.06999969482422,0.0700000002980232,merck/syk_4puz_fullmap,merck,970,merck_syk_4puz_fullmap_CHEMBL3265024.sdf,merck_syk_4puz_fullmap_protein.pdb,7.61866,7.4369316,7.625951,7.043109,7.31669,7.212683,7.658072,7.6041284,7.1511617,6.7349763,7.3402367
merck/syk_4puz_fullmap/CHEMBL3265018,8.233258346819172,data/fep/merck/merck_syk_4puz_fullmap_CHEMBL3265018.sdf,,data/fep/merck/merck_syk_4puz_fullmap_protein.pdb,CHEMBL3265018,-11.187724113464355,-11.050000190734863,0.0700000002980232,merck/syk_4puz_fullmap,merck,971,merck_syk_4puz_fullmap_CHEMBL3265018.sdf,merck_syk_4puz_fullmap_protein.pdb,9.003936,7.640219,8.290883,7.9925876,7.9155974,7.7767577,7.254602,7.488496,7.616524,6.652356,7.763196
merck/syk_4puz_fullmap/CHEMBL3265008,7.200494627618835,data/fep/merck/merck_syk_4puz_fullmap_CHEMBL3265008.sdf,,data/fep/merck/merck_syk_4puz_fullmap_protein.pdb,CHEMBL3265008,-9.784358024597168,-9.789999961853027,0.0700000002980232,merck/syk_4puz_fullmap,merck,972,merck_syk_4puz_fullmap_CHEMBL3265008.sdf,merck_syk_4puz_fullmap_protein.pdb,6.763294,6.590545,7.655642,7.6386075,6.817414,7.207566,7.4094377,7.7854557,6.1389527,6.0575805,7.0064497
merck/syk_4puz_fullmap/CHEMBL3265016,8.602697982340084,data/fep/merck/merck_syk_4puz_fullmap_CHEMBL3265016.sdf,,data/fep/merck/merck_syk_4puz_fullmap_protein.pdb,CHEMBL3265016,-11.689735412597656,-11.100000381469728,0.0700000002980232,merck/syk_4puz_fullmap,merck,973,merck_syk_4puz_fullmap_CHEMBL3265016.sdf,merck_syk_4puz_fullmap_protein.pdb,7.6561356,7.428537,7.849944,7.4003043,7.752177,7.992691,6.83965,6.91067,7.5733094,6.857337,7.426076
merck/syk_4puz_fullmap/CHEMBL3265025 flip,7.505972556247736,data/fep/merck/merck_syk_4puz_fullmap_CHEMBL3265025_flip.sdf,,data/fep/merck/merck_syk_4puz_fullmap_protein.pdb,CHEMBL3265025 flip,-10.199455261230469,-10.619999885559082,0.0700000002980232,merck/syk_4puz_fullmap,merck,974,merck_syk_4puz_fullmap_CHEMBL3265025_flip.sdf,merck_syk_4puz_fullmap_protein.pdb,7.6530204,7.7255974,7.6348205,7.320277,7.4984965,7.284952,6.4294953,7.2008724,7.356588,6.3650312,7.2469153
merck/syk_4puz_fullmap/CHEMBL3265013,7.221736124072416,data/fep/merck/merck_syk_4puz_fullmap_CHEMBL3265013.sdf,,data/fep/merck/merck_syk_4puz_fullmap_protein.pdb,CHEMBL3265013,-9.81322193145752,-10.579999923706056,0.0700000002980232,merck/syk_4puz_fullmap,merck,975,merck_syk_4puz_fullmap_CHEMBL3265013.sdf,merck_syk_4puz_fullmap_protein.pdb,7.289526,7.564066,7.8409944,7.958799,7.7790365,6.874405,6.990823,7.77895,7.3248696,6.4654,7.386687
merck/syk_4puz_fullmap/CHEMBL3259820,7.782842612067514,data/fep/merck/merck_syk_4puz_fullmap_CHEMBL3259820.sdf,,data/fep/merck/merck_syk_4puz_fullmap_protein.pdb,CHEMBL3259820,-10.575678825378418,-10.0,0.0700000002980232,merck/syk_4puz_fullmap,merck,976,merck_syk_4puz_fullmap_CHEMBL3259820.sdf,merck_syk_4puz_fullmap_protein.pdb,7.372163,7.825253,8.470159,8.121863,7.5882807,7.53912,7.3185186,7.597469,7.334998,6.4071975,7.557502
merck/syk_4puz_fullmap/CHEMBL3265006,7.328312065523503,data/fep/merck/merck_syk_4puz_fullmap_CHEMBL3265006.sdf,,data/fep/merck/merck_syk_4puz_fullmap_protein.pdb,CHEMBL3265006,-9.95804214477539,-9.029999732971191,0.0799999982118606,merck/syk_4puz_fullmap,merck,977,merck_syk_4puz_fullmap_CHEMBL3265006.sdf,merck_syk_4puz_fullmap_protein.pdb,7.769658,7.5585995,8.000926,7.162185,7.388057,8.170039,7.4513535,6.7284193,7.492951,6.6036077,7.43258
merck/syk_4puz_fullmap/CHEMBL3265030_n,8.442362091495475,data/fep/merck/merck_syk_4puz_fullmap_CHEMBL3265030_n.sdf,,data/fep/merck/merck_syk_4puz_fullmap_protein.pdb,CHEMBL3265030_n,-11.471863746643066,-11.329999923706056,0.0700000002980232,merck/syk_4puz_fullmap,merck,978,merck_syk_4puz_fullmap_CHEMBL3265030_n.sdf,merck_syk_4puz_fullmap_protein.pdb,8.614458,7.6658,8.374578,7.840626,7.4343777,7.385413,8.023568,7.8471327,7.5037045,7.3894014,7.807906
merck/syk_4puz_fullmap/CHEMBL3265022,7.941539035003728,data/fep/merck/merck_syk_4puz_fullmap_CHEMBL3265022.sdf,,data/fep/merck/merck_syk_4puz_fullmap_protein.pdb,CHEMBL3265022,-10.791322708129885,-9.81999969482422,0.0700000002980232,merck/syk_4puz_fullmap,merck,979,merck_syk_4puz_fullmap_CHEMBL3265022.sdf,merck_syk_4puz_fullmap_protein.pdb,8.563456,7.412692,8.45619,8.178223,7.198613,8.135965,7.4873686,7.2097783,6.9276147,6.921274,7.6491175
merck/syk_4puz_fullmap/CHEMBL3265019,7.93103198275346,data/fep/merck/merck_syk_4puz_fullmap_CHEMBL3265019.sdf,,data/fep/merck/merck_syk_4puz_fullmap_protein.pdb,CHEMBL3265019,-10.777045249938965,-11.670000076293944,0.0700000002980232,merck/syk_4puz_fullmap,merck,980,merck_syk_4puz_fullmap_CHEMBL3265019.sdf,merck_syk_4puz_fullmap_protein.pdb,8.575835,8.067468,8.120688,7.9922514,7.6912045,7.4853954,8.14785,7.678158,7.1167707,7.259511,7.8135138
merck/syk_4puz_fullmap/CHEMBL3265009,7.578219331058683,data/fep/merck/merck_syk_4puz_fullmap_CHEMBL3265009.sdf,,data/fep/merck/merck_syk_4puz_fullmap_protein.pdb,CHEMBL3265009,-10.297627449035645,-10.239999771118164,0.0700000002980232,merck/syk_4puz_fullmap,merck,981,merck_syk_4puz_fullmap_CHEMBL3265009.sdf,merck_syk_4puz_fullmap_protein.pdb,7.222439,7.4449844,8.165999,7.564649,7.6662297,7.3097763,7.835158,7.2448053,7.4993434,6.412419,7.4365807
merck/syk_4puz_fullmap/CHEMBL3265021,8.014700290415975,data/fep/merck/merck_syk_4puz_fullmap_CHEMBL3265021.sdf,,data/fep/merck/merck_syk_4puz_fullmap_protein.pdb,CHEMBL3265021,-10.890737533569336,-10.260000228881836,0.0700000002980232,merck/syk_4puz_fullmap,merck,982,merck_syk_4puz_fullmap_CHEMBL3265021.sdf,merck_syk_4puz_fullmap_protein.pdb,8.794914,7.874101,8.255056,8.072597,7.836645,7.7370963,7.3631363,7.602651,7.6769967,6.743664,7.795685
merck/syk_4puz_fullmap/CHEMBL3265005,7.597111110664098,data/fep/merck/merck_syk_4puz_fullmap_CHEMBL3265005.sdf,,data/fep/merck/merck_syk_4puz_fullmap_protein.pdb,CHEMBL3265005,-10.323298454284668,-10.1899995803833,0.0700000002980232,merck/syk_4puz_fullmap,merck,983,merck_syk_4puz_fullmap_CHEMBL3265005.sdf,merck_syk_4puz_fullmap_protein.pdb,8.044071,7.684706,8.2567,7.907069,7.5193257,7.888617,7.7482285,7.713519,7.7114253,6.6557865,7.712945
merck/syk_4puz_fullmap/CHEMBL3265017,8.453688175872925,data/fep/merck/merck_syk_4puz_fullmap_CHEMBL3265017.sdf,,data/fep/merck/merck_syk_4puz_fullmap_protein.pdb,CHEMBL3265017,-11.48725414276123,-11.40999984741211,0.0700000002980232,merck/syk_4puz_fullmap,merck,984,merck_syk_4puz_fullmap_CHEMBL3265017.sdf,merck_syk_4puz_fullmap_protein.pdb,8.844002,7.8278885,8.187863,7.9937296,7.863731,7.8601913,7.3231993,7.6021643,7.645739,6.75978,7.7908287
merck/syk_4puz_fullmap/CHEMBL3265010,7.45665236455478,data/fep/merck/merck_syk_4puz_fullmap_CHEMBL3265010.sdf,,data/fep/merck/merck_syk_4puz_fullmap_protein.pdb,CHEMBL3265010,-10.132436752319336,-9.5600004196167,0.0700000002980232,merck/syk_4puz_fullmap,merck,985,merck_syk_4puz_fullmap_CHEMBL3265010.sdf,merck_syk_4puz_fullmap_protein.pdb,6.789244,6.9810214,7.481946,6.8976297,7.070343,7.229105,7.825577,7.7284203,6.7868237,6.1773624,7.096747
merck/syk_4puz_fullmap/CHEMBL3265034,8.453688175872925,data/fep/merck/merck_syk_4puz_fullmap_CHEMBL3265034.sdf,,data/fep/merck/merck_syk_4puz_fullmap_protein.pdb,CHEMBL3265034,-11.48725414276123,-11.59000015258789,0.0799999982118606,merck/syk_4puz_fullmap,merck,986,merck_syk_4puz_fullmap_CHEMBL3265034.sdf,merck_syk_4puz_fullmap_protein.pdb,8.25271,8.059785,8.203536,7.8421144,7.5953383,8.087331,7.824682,7.942358,7.6523943,6.934579,7.839483
merck/syk_4puz_fullmap/CHEMBL3265011 flip,6.356783455259643,data/fep/merck/merck_syk_4puz_fullmap_CHEMBL3265011_flip.sdf,,data/fep/merck/merck_syk_4puz_fullmap_protein.pdb,CHEMBL3265011 flip,-8.637885093688965,-8.359999656677246,0.0700000002980232,merck/syk_4puz_fullmap,merck,987,merck_syk_4puz_fullmap_CHEMBL3265011_flip.sdf,merck_syk_4puz_fullmap_protein.pdb,7.0247416,7.1854815,7.2937565,7.2871823,7.329,7.042749,7.1480274,7.0597887,6.5270934,5.9353733,6.9833193
merck/syk_4puz_fullmap/CHEMBL3265015 flip,6.974536507163348,data/fep/merck/merck_syk_4puz_fullmap_CHEMBL3265015_flip.sdf,,data/fep/merck/merck_syk_4puz_fullmap_protein.pdb,CHEMBL3265015 flip,-9.47731590270996,-7.869999885559082,0.0700000002980232,merck/syk_4puz_fullmap,merck,988,merck_syk_4puz_fullmap_CHEMBL3265015_flip.sdf,merck_syk_4puz_fullmap_protein.pdb,7.018043,7.5852013,7.591025,7.3690987,7.696611,6.8154144,6.7436595,7.476735,6.5434732,6.2967434,7.1136007
merck/syk_4puz_fullmap/CHEMBL3265002,7.81345279735209,data/fep/merck/merck_syk_4puz_fullmap_CHEMBL3265002.sdf,,data/fep/merck/merck_syk_4puz_fullmap_protein.pdb,CHEMBL3265002,-10.617273330688477,-12.270000457763672,0.0700000002980232,merck/syk_4puz_fullmap,merck,989,merck_syk_4puz_fullmap_CHEMBL3265002.sdf,merck_syk_4puz_fullmap_protein.pdb,6.376984,6.6538587,7.2723002,7.530619,6.299728,6.773656,5.8114157,6.9261603,6.9064364,7.159018,6.7710176
merck/syk_4puz_fullmap/docked CHEMBL3264998,8.619153720374417,data/fep/merck/merck_syk_4puz_fullmap_docked_CHEMBL3264998.sdf,,data/fep/merck/merck_syk_4puz_fullmap_protein.pdb,docked CHEMBL3264998,-11.712096214294434,-12.279999732971191,0.1000000014901161,merck/syk_4puz_fullmap,merck,990,merck_syk_4puz_fullmap_docked_CHEMBL3264998.sdf,merck_syk_4puz_fullmap_protein.pdb,8.429833,8.490132,7.953245,7.9529514,8.7262535,6.7514963,7.3891363,8.078078,8.046353,7.0948477,7.891233
merck/syk_4puz_fullmap/CHEMBL3264997,8.082612581578694,data/fep/merck/merck_syk_4puz_fullmap_CHEMBL3264997.sdf,,data/fep/merck/merck_syk_4puz_fullmap_protein.pdb,CHEMBL3264997,-10.983019828796388,-11.5600004196167,0.0799999982118606,merck/syk_4puz_fullmap,merck,991,merck_syk_4puz_fullmap_CHEMBL3264997.sdf,merck_syk_4puz_fullmap_protein.pdb,8.26407,7.962258,8.230755,7.9127994,8.366739,7.0126824,7.601463,8.153036,8.501741,7.892106,7.989764
merck/syk_4puz_fullmap/docked CHEMBL3264994,7.215656196636436,data/fep/merck/merck_syk_4puz_fullmap_docked_CHEMBL3264994.sdf,,data/fep/merck/merck_syk_4puz_fullmap_protein.pdb,docked CHEMBL3264994,-9.804960250854492,-10.670000076293944,0.1299999952316284,merck/syk_4puz_fullmap,merck,992,merck_syk_4puz_fullmap_docked_CHEMBL3264994.sdf,merck_syk_4puz_fullmap_protein.pdb,7.8650966,8.091389,6.1570864,7.5132227,7.64816,7.224786,7.183232,7.035698,7.1192074,7.5883965,7.342627
merck/syk_4puz_fullmap/CHEMBL3264995,9.111798386653598,data/fep/merck/merck_syk_4puz_fullmap_CHEMBL3264995.sdf,,data/fep/merck/merck_syk_4puz_fullmap_protein.pdb,CHEMBL3264995,-12.381524085998535,-12.020000457763672,0.0700000002980232,merck/syk_4puz_fullmap,merck,993,merck_syk_4puz_fullmap_CHEMBL3264995.sdf,merck_syk_4puz_fullmap_protein.pdb,8.398913,8.340215,8.269465,8.094299,8.572095,7.265823,8.286581,8.0515,8.59618,7.8625526,8.173762
merck/syk_4puz_fullmap/docked CHEMBL3265004,7.990244426231032,data/fep/merck/merck_syk_4puz_fullmap_docked_CHEMBL3265004.sdf,,data/fep/merck/merck_syk_4puz_fullmap_protein.pdb,docked CHEMBL3265004,-10.857505798339844,-11.93000030517578,0.0799999982118606,merck/syk_4puz_fullmap,merck,994,merck_syk_4puz_fullmap_docked_CHEMBL3265004.sdf,merck_syk_4puz_fullmap_protein.pdb,6.7875566,7.069778,7.4411187,7.808371,7.5739775,6.953655,6.6773458,6.966481,7.32559,7.0968137,7.170069
merck/syk_4puz_fullmap/CHEMBL3265001,8.858985557273913,data/fep/merck/merck_syk_4puz_fullmap_CHEMBL3265001.sdf,,data/fep/merck/merck_syk_4puz_fullmap_protein.pdb,CHEMBL3265001,-12.03799057006836,-12.15999984741211,0.0799999982118606,merck/syk_4puz_fullmap,merck,995,merck_syk_4puz_fullmap_CHEMBL3265001.sdf,merck_syk_4puz_fullmap_protein.pdb,7.0541577,6.3956547,7.1438203,7.156877,7.2568436,7.0130987,6.264111,6.2149396,7.352298,6.7774725,6.8629274
merck/syk_4puz_fullmap/CHEMBL3264996,7.849234745914483,data/fep/merck/merck_syk_4puz_fullmap_CHEMBL3264996.sdf,,data/fep/merck/merck_syk_4puz_fullmap_protein.pdb,CHEMBL3264996,-10.665895462036133,-11.529999732971191,0.0700000002980232,merck/syk_4puz_fullmap,merck,996,merck_syk_4puz_fullmap_CHEMBL3264996.sdf,merck_syk_4puz_fullmap_protein.pdb,7.6641507,7.6164618,7.499955,7.169393,8.442456,7.3014874,7.790423,6.9912114,7.620373,7.7223372,7.5818253
merck/syk_4puz_fullmap/docked CHEMBL3264999 adjust,8.399789966557334,data/fep/merck/merck_syk_4puz_fullmap_docked_CHEMBL3264999_adjust.sdf,,data/fep/merck/merck_syk_4puz_fullmap_protein.pdb,docked CHEMBL3264999 adjust,-11.41401481628418,-11.489999771118164,0.0700000002980232,merck/syk_4puz_fullmap,merck,997,merck_syk_4puz_fullmap_docked_CHEMBL3264999_adjust.sdf,merck_syk_4puz_fullmap_protein.pdb,6.3859687,6.9165215,7.685864,7.3104625,8.370295,6.5678353,7.705474,6.7591724,7.5827236,7.2054806,7.2489805
merck/syk_4puz_fullmap/redocked CHEMBL3265000 ground state,8.691992837186515,data/fep/merck/merck_syk_4puz_fullmap_redocked_CHEMBL3265000_ground_state.sdf,,data/fep/merck/merck_syk_4puz_fullmap_protein.pdb,redocked CHEMBL3265000 ground state,-11.811073303222656,-12.470000267028809,0.0799999982118606,merck/syk_4puz_fullmap,merck,998,merck_syk_4puz_fullmap_redocked_CHEMBL3265000_ground_state.sdf,merck_syk_4puz_fullmap_protein.pdb,7.240324,7.8345118,7.201422,7.807657,7.941762,7.404211,6.9786158,7.5218754,7.5332217,7.592641,7.505624
merck/syk_4puz_fullmap/redocked CHEMBL3265000,8.691992837186515,data/fep/merck/merck_syk_4puz_fullmap_redocked_CHEMBL3265000.sdf,,data/fep/merck/merck_syk_4puz_fullmap_protein.pdb,redocked CHEMBL3265000,-11.811073303222656,-12.470000267028809,0.0700000002980232,merck/syk_4puz_fullmap,merck,999,merck_syk_4puz_fullmap_redocked_CHEMBL3265000.sdf,merck_syk_4puz_fullmap_protein.pdb,7.019936,7.621625,7.1227508,7.9278173,8.1111555,7.268953,6.941458,7.151233,7.468878,7.3412843,7.3975096
merck/syk_4puz_fullmap/CHEMBL3265003 tautomer 1,7.963344098550819,data/fep/merck/merck_syk_4puz_fullmap_CHEMBL3265003_tautomer_1.sdf,,data/fep/merck/merck_syk_4puz_fullmap_protein.pdb,CHEMBL3265003 tautomer 1,-10.820952415466309,-12.039999961853027,0.0700000002980232,merck/syk_4puz_fullmap,merck,1000,merck_syk_4puz_fullmap_CHEMBL3265003_tautomer_1.sdf,merck_syk_4puz_fullmap_protein.pdb,6.0307417,6.913953,7.3037844,7.48401,6.821352,6.948974,6.2900367,6.5185685,7.2416005,7.209573,6.87626
merck/syk_4puz_fullmap/CHEMBL3265003 tautomer 2,7.963344098550819,data/fep/merck/merck_syk_4puz_fullmap_CHEMBL3265003_tautomer_2.sdf,,data/fep/merck/merck_syk_4puz_fullmap_protein.pdb,CHEMBL3265003 tautomer 2,-10.820952415466309,-12.029999732971191,0.0799999982118606,merck/syk_4puz_fullmap,merck,1001,merck_syk_4puz_fullmap_CHEMBL3265003_tautomer_2.sdf,merck_syk_4puz_fullmap_protein.pdb,6.3400197,7.0001087,7.3131347,7.5207295,6.7658467,6.953472,6.2665615,6.486571,7.268577,7.201064,6.9116087
merck/hif2a_automap/338,7.917405309418934,data/fep/merck/merck_hif2a_automap_338.sdf,,data/fep/merck/merck_hif2a_automap_protein.pdb,338,-10.75852870941162,-11.210000038146973,0.0700000002980232,merck/hif2a_automap,merck,1002,merck_hif2a_automap_338.sdf,merck_hif2a_automap_protein.pdb,7.7250247,7.5933084,7.7726626,8.036713,7.8779936,7.9120665,8.210916,7.7050443,7.993617,7.6574783,7.8484826
merck/hif2a_automap/43,6.402099723828708,data/fep/merck/merck_hif2a_automap_43.sdf,,data/fep/merck/merck_hif2a_automap_protein.pdb,43,-8.699462890625,-9.210000038146973,0.0700000002980232,merck/hif2a_automap,merck,1003,merck_hif2a_automap_43.sdf,merck_hif2a_automap_protein.pdb,6.892533,6.587403,7.854,6.727726,7.3269253,7.5566654,7.077718,7.4814167,7.708164,6.248154,7.146071
merck/hif2a_automap/235,7.449712699024714,data/fep/merck/merck_hif2a_automap_235.sdf,,data/fep/merck/merck_hif2a_automap_protein.pdb,235,-10.123006820678713,-9.9399995803833,0.0700000002980232,merck/hif2a_automap,merck,1004,merck_hif2a_automap_235.sdf,merck_hif2a_automap_protein.pdb,8.107874,7.85704,7.7307687,7.98343,8.084685,7.334494,7.8580117,8.104071,8.555382,7.9924984,7.960826
merck/hif2a_automap/234,7.615178243526206,data/fep/merck/merck_hif2a_automap_234.sdf,,data/fep/merck/merck_hif2a_automap_protein.pdb,234,-10.347848892211914,-9.850000381469728,0.0700000002980232,merck/hif2a_automap,merck,1005,merck_hif2a_automap_234.sdf,merck_hif2a_automap_protein.pdb,6.8536215,7.6247053,7.6481824,7.543724,7.591225,7.108246,7.8823953,7.444806,7.2307835,7.1661353,7.409383
merck/hif2a_automap/30,7.775514134370815,data/fep/merck/merck_hif2a_automap_30.sdf,,data/fep/merck/merck_hif2a_automap_protein.pdb,30,-10.565720558166504,-11.039999961853027,0.0700000002980232,merck/hif2a_automap,merck,1006,merck_hif2a_automap_30.sdf,merck_hif2a_automap_protein.pdb,7.2499657,6.7701955,7.8460774,7.1932063,7.286565,7.0228186,7.339594,7.4776983,7.5541344,6.301071,7.204132
merck/hif2a_automap/1,8.334028073370357,data/fep/merck/merck_hif2a_automap_1.sdf,,data/fep/merck/merck_hif2a_automap_protein.pdb,1,-11.324654579162598,-10.149999618530272,0.0700000002980232,merck/hif2a_automap,merck,1007,merck_hif2a_automap_1.sdf,merck_hif2a_automap_protein.pdb,7.595022,6.8923454,7.8389487,7.530174,7.5702767,7.3793774,7.7442255,7.311941,7.386703,7.323509,7.4572525
merck/hif2a_automap/237,7.027826232456432,data/fep/merck/merck_hif2a_automap_237.sdf,,data/fep/merck/merck_hif2a_automap_protein.pdb,237,-9.549728393554688,-10.520000457763672,0.0900000035762786,merck/hif2a_automap,merck,1008,merck_hif2a_automap_237.sdf,merck_hif2a_automap_protein.pdb,7.886083,8.035267,7.6947775,7.5208144,7.7365046,7.4365134,7.59076,7.925872,8.142045,7.640071,7.7608705
merck/hif2a_automap/227,7.917405309418934,data/fep/merck/merck_hif2a_automap_227.sdf,,data/fep/merck/merck_hif2a_automap_protein.pdb,227,-10.75852870941162,-11.15999984741211,0.0700000002980232,merck/hif2a_automap,merck,1009,merck_hif2a_automap_227.sdf,merck_hif2a_automap_protein.pdb,7.880848,7.699072,7.820033,7.3416743,7.9908113,7.497914,7.892301,7.9831767,8.119427,7.3095546,7.7534804
merck/hif2a_automap/266,7.751939764917442,data/fep/merck/merck_hif2a_automap_266.sdf,,data/fep/merck/merck_hif2a_automap_protein.pdb,266,-10.533686637878418,-11.039999961853027,0.0700000002980232,merck/hif2a_automap,merck,1010,merck_hif2a_automap_266.sdf,merck_hif2a_automap_protein.pdb,7.0414734,7.5757995,7.4581676,7.3066797,7.7081013,7.569608,7.3348975,7.719249,7.7270045,7.749077,7.519006
merck/hif2a_automap/206,7.449712699024714,data/fep/merck/merck_hif2a_automap_206.sdf,,data/fep/merck/merck_hif2a_automap_protein.pdb,206,-10.123006820678713,-9.050000190734863,0.0700000002980232,merck/hif2a_automap,merck,1011,merck_hif2a_automap_206.sdf,merck_hif2a_automap_protein.pdb,6.20523,7.2269263,7.0712337,7.3588533,6.8226647,6.8731885,7.079079,7.0958023,6.09364,6.7637053,6.8590326
merck/hif2a_automap/67,7.48557044490479,data/fep/merck/merck_hif2a_automap_67.sdf,,data/fep/merck/merck_hif2a_automap_protein.pdb,67,-10.17173194885254,-11.850000381469728,0.1000000014901161,merck/hif2a_automap,merck,1012,merck_hif2a_automap_67.sdf,merck_hif2a_automap_protein.pdb,8.001396,7.7912855,7.024125,7.493852,7.647106,7.2052374,7.77266,7.1173744,7.247914,7.4580965,7.475905
merck/hif2a_automap/156,7.165046748715857,data/fep/merck/merck_hif2a_automap_156.sdf,,data/fep/merck/merck_hif2a_automap_protein.pdb,156,-9.73618984222412,-8.829999923706055,0.0700000002980232,merck/hif2a_automap,merck,1013,merck_hif2a_automap_156.sdf,merck_hif2a_automap_protein.pdb,7.062483,6.50921,7.452974,5.5506887,6.858823,6.8445635,6.136053,6.7735734,7.772418,6.558099,6.751889
merck/hif2a_automap/31,6.507250956438166,data/fep/merck/merck_hif2a_automap_31.sdf,,data/fep/merck/merck_hif2a_automap_protein.pdb,31,-8.842347145080566,-9.220000267028809,0.0700000002980232,merck/hif2a_automap,merck,1014,merck_hif2a_automap_31.sdf,merck_hif2a_automap_protein.pdb,6.6520295,5.4895196,7.1863213,5.924233,6.8079877,6.6979513,6.4687033,6.2646003,6.8276076,5.685909,6.400486
merck/hif2a_automap/289,8.031801007477627,data/fep/merck/merck_hif2a_automap_289.sdf,,data/fep/merck/merck_hif2a_automap_protein.pdb,289,-10.91397476196289,-11.140000343322754,0.0700000002980232,merck/hif2a_automap,merck,1015,merck_hif2a_automap_289.sdf,merck_hif2a_automap_protein.pdb,6.236036,7.202678,7.1813183,7.366263,7.3830934,7.0047517,7.5157022,7.348553,6.551645,6.761318,7.055136
merck/hif2a_automap/61,7.438387316474279,data/fep/merck/merck_hif2a_automap_61.sdf,,data/fep/merck/merck_hif2a_automap_protein.pdb,61,-10.107617378234863,-9.279999732971191,0.0700000002980232,merck/hif2a_automap,merck,1016,merck_hif2a_automap_61.sdf,merck_hif2a_automap_protein.pdb,6.987354,6.891936,7.1376553,7.091443,7.3528194,7.0560503,7.3067994,6.489748,6.6173983,7.339215,7.0270414
merck/hif2a_automap/167,7.855010080425701,data/fep/merck/merck_hif2a_automap_167.sdf,,data/fep/merck/merck_hif2a_automap_protein.pdb,167,-10.67374324798584,-10.380000114440918,0.0700000002980232,merck/hif2a_automap,merck,1017,merck_hif2a_automap_167.sdf,merck_hif2a_automap_protein.pdb,7.8412957,7.697868,7.848286,7.5280843,7.6934433,7.466136,7.984204,7.893199,7.7669973,7.452274,7.7171783
merck/hif2a_automap/165,6.796461236672911,data/fep/merck/merck_hif2a_automap_165.sdf,,data/fep/merck/merck_hif2a_automap_protein.pdb,165,-9.235339164733888,-8.539999961853027,0.0700000002980232,merck/hif2a_automap,merck,1018,merck_hif2a_automap_165.sdf,merck_hif2a_automap_protein.pdb,6.8233414,7.4103565,7.061513,7.537799,7.1252337,7.167156,7.6003494,7.9040933,7.216032,7.428899,7.327478
merck/hif2a_automap/41,7.2024428994140886,data/fep/merck/merck_hif2a_automap_41.sdf,,data/fep/merck/merck_hif2a_automap_protein.pdb,41,-9.787005424499512,-10.350000381469728,0.0700000002980232,merck/hif2a_automap,merck,1019,merck_hif2a_automap_41.sdf,merck_hif2a_automap_protein.pdb,7.341837,7.404061,7.5422487,7.0169864,7.7080216,7.440323,7.1292863,7.639345,7.373488,7.269267,7.386487
merck/hif2a_automap/7b,5.4417627980688135,data/fep/merck/merck_hif2a_automap_7b.sdf,,data/fep/merck/merck_hif2a_automap_protein.pdb,7b,-7.394513607025146,-6.340000152587891,0.0700000002980232,merck/hif2a_automap,merck,1020,merck_hif2a_automap_7b.sdf,merck_hif2a_automap_protein.pdb,6.849238,6.6783586,7.5010185,7.488199,6.842145,7.011179,7.4540143,6.757844,6.922938,7.2683773,7.0773315
merck/hif2a_automap/54,6.85103460357749,data/fep/merck/merck_hif2a_automap_54.sdf,,data/fep/merck/merck_hif2a_automap_protein.pdb,54,-9.30949592590332,-9.619999885559082,0.0700000002980232,merck/hif2a_automap,merck,1021,merck_hif2a_automap_54.sdf,merck_hif2a_automap_protein.pdb,6.528239,7.2999487,7.430202,5.7899246,7.347036,7.285742,7.678347,6.7426963,6.2198033,7.1043687,6.942631
merck/hif2a_automap/215,7.800436011694105,data/fep/merck/merck_hif2a_automap_215.sdf,,data/fep/merck/merck_hif2a_automap_protein.pdb,215,-10.59958553314209,-10.31999969482422,0.0700000002980232,merck/hif2a_automap,merck,1022,merck_hif2a_automap_215.sdf,merck_hif2a_automap_protein.pdb,7.896536,7.964077,7.507527,7.542017,7.7930207,7.792157,7.8040457,7.78567,7.767484,7.575788,7.742833
merck/hif2a_automap/57,7.855010080425701,data/fep/merck/merck_hif2a_automap_57.sdf,,data/fep/merck/merck_hif2a_automap_protein.pdb,57,-10.67374324798584,-10.31999969482422,0.0700000002980232,merck/hif2a_automap,merck,1023,merck_hif2a_automap_57.sdf,merck_hif2a_automap_protein.pdb,7.720446,7.347106,7.768439,7.1278014,7.9827356,7.5057425,7.8566527,7.7367306,8.307032,7.4008517,7.675353
merck/hif2a_automap/42,6.578890650880635,data/fep/merck/merck_hif2a_automap_42.sdf,,data/fep/merck/merck_hif2a_automap_protein.pdb,42,-8.93969440460205,-9.960000038146973,0.0700000002980232,merck/hif2a_automap,merck,1024,merck_hif2a_automap_42.sdf,merck_hif2a_automap_protein.pdb,7.6417227,7.283565,7.723281,7.494812,7.8884926,7.6918416,7.495723,7.5984693,7.569035,6.976813,7.5363755
merck/hif2a_automap/252,7.147486334959001,data/fep/merck/merck_hif2a_automap_252.sdf,,data/fep/merck/merck_hif2a_automap_protein.pdb,252,-9.71232795715332,-10.479999542236328,0.0700000002980232,merck/hif2a_automap,merck,1025,merck_hif2a_automap_252.sdf,merck_hif2a_automap_protein.pdb,7.3835716,7.4692755,7.701018,7.727335,7.5567374,7.789734,7.9001303,7.689327,7.819832,7.725197,7.676215
merck/hif2a_automap/336,7.229283571797977,data/fep/merck/merck_hif2a_automap_336.sdf,,data/fep/merck/merck_hif2a_automap_protein.pdb,336,-9.823477745056152,-10.390000343322754,0.1199999973177909,merck/hif2a_automap,merck,1026,merck_hif2a_automap_336.sdf,merck_hif2a_automap_protein.pdb,7.175067,7.6134877,7.5821447,7.6635346,7.5808525,7.5265822,7.738946,7.773293,7.655879,7.653064,7.5962844
merck/hif2a_automap/290,7.775514134370815,data/fep/merck/merck_hif2a_automap_290.sdf,,data/fep/merck/merck_hif2a_automap_protein.pdb,290,-10.565720558166504,-11.380000114440918,0.0700000002980232,merck/hif2a_automap,merck,1027,merck_hif2a_automap_290.sdf,merck_hif2a_automap_protein.pdb,7.930001,7.9936624,8.10998,7.9428616,7.7965546,7.9515786,7.9666624,8.303147,7.596374,7.6735806,7.9264402
merck/hif2a_automap/155,7.729574643411915,data/fep/merck/merck_hif2a_automap_155.sdf,,data/fep/merck/merck_hif2a_automap_protein.pdb,155,-10.5032958984375,-9.6899995803833,0.0700000002980232,merck/hif2a_automap,merck,1028,merck_hif2a_automap_155.sdf,merck_hif2a_automap_protein.pdb,7.366813,6.7507267,7.3747435,6.4189224,7.454406,7.126299,6.9465327,7.277158,7.4806457,6.858869,7.105512
merck/hif2a_automap/164,4.978318697513414,data/fep/merck/merck_hif2a_automap_164.sdf,,data/fep/merck/merck_hif2a_automap_protein.pdb,164,-6.764764785766602,-6.599999904632568,0.0700000002980232,merck/hif2a_automap,merck,1029,merck_hif2a_automap_164.sdf,merck_hif2a_automap_protein.pdb,5.7408185,6.578108,6.2052307,6.7365103,6.4739885,7.0425367,6.462171,6.9664645,6.689012,7.2352333,6.6130066
merck/hif2a_automap/7a,7.357031528828103,data/fep/merck/merck_hif2a_automap_7a.sdf,,data/fep/merck/merck_hif2a_automap_protein.pdb,7a,-9.99706745147705,-8.569999694824219,0.0700000002980232,merck/hif2a_automap,merck,1030,merck_hif2a_automap_7a.sdf,merck_hif2a_automap_protein.pdb,7.6378646,6.5286984,7.6164646,7.549959,7.41491,7.062809,7.3362217,6.753622,6.7733774,7.3783183,7.2052245
merck/hif2a_automap/224,7.109069727780117,data/fep/merck/merck_hif2a_automap_224.sdf,,data/fep/merck/merck_hif2a_automap_protein.pdb,224,-9.660125732421877,-10.279999732971191,0.0700000002980232,merck/hif2a_automap,merck,1031,merck_hif2a_automap_224.sdf,merck_hif2a_automap_protein.pdb,7.289842,7.2975144,7.206993,7.2956753,7.043457,7.469629,6.713165,7.695582,6.872454,7.580692,7.2465005
merck/hif2a_automap/84,5.574915524945932,data/fep/merck/merck_hif2a_automap_84.sdf,,data/fep/merck/merck_hif2a_automap_protein.pdb,84,-7.5754475593566895,-9.369999885559082,0.0700000002980232,merck/hif2a_automap,merck,1032,merck_hif2a_automap_84.sdf,merck_hif2a_automap_protein.pdb,7.575285,7.524034,7.4828825,7.376247,7.76169,7.224213,7.3531,7.2665353,7.1153083,7.1599665,7.3839264
merck/hif2a_automap/254,7.027826232456432,data/fep/merck/merck_hif2a_automap_254.sdf,,data/fep/merck/merck_hif2a_automap_protein.pdb,254,-9.549728393554688,-10.210000038146973,0.0700000002980232,merck/hif2a_automap,merck,1033,merck_hif2a_automap_254.sdf,merck_hif2a_automap_protein.pdb,7.1434646,7.8866816,7.5504284,7.5587063,7.552715,7.625322,7.9670734,7.6944056,7.999325,7.4294477,7.640757
merck/hif2a_automap/23,5.201049115524241,data/fep/merck/merck_hif2a_automap_23.sdf,,data/fep/merck/merck_hif2a_automap_protein.pdb,23,-7.067420959472656,-6.900000095367432,0.0700000002980232,merck/hif2a_automap,merck,1034,merck_hif2a_automap_23.sdf,merck_hif2a_automap_protein.pdb,7.653953,6.573676,7.5042086,7.264664,7.4829106,7.6241565,7.408236,7.4677873,7.515028,7.309273,7.380389
merck/hif2a_automap/251,7.538486096398566,data/fep/merck/merck_hif2a_automap_251.sdf,,data/fep/merck/merck_hif2a_automap_protein.pdb,251,-10.24363613128662,-10.539999961853027,0.0700000002980232,merck/hif2a_automap,merck,1035,merck_hif2a_automap_251.sdf,merck_hif2a_automap_protein.pdb,7.584661,7.384157,7.45078,7.4784184,7.548943,7.5094624,7.5753107,7.413174,7.153232,7.414739,7.4512877
merck/hif2a_automap/256,7.855010080425701,data/fep/merck/merck_hif2a_automap_256.sdf,,data/fep/merck/merck_hif2a_automap_protein.pdb,256,-10.67374324798584,-9.720000267028809,0.0700000002980232,merck/hif2a_automap,merck,1036,merck_hif2a_automap_256.sdf,merck_hif2a_automap_protein.pdb,7.7159977,7.6063876,7.663849,7.73538,7.258566,7.695396,7.564531,7.5380363,6.8900557,7.5733147,7.524152
merck/hif2a_automap/50,7.136160250581551,data/fep/merck/merck_hif2a_automap_50.sdf,,data/fep/merck/merck_hif2a_automap_protein.pdb,50,-9.696937561035156,-8.630000114440918,0.0700000002980232,merck/hif2a_automap,merck,1037,merck_hif2a_automap_50.sdf,merck_hif2a_automap_protein.pdb,6.1327434,6.05021,7.00328,6.764029,7.5054555,6.872184,6.7715135,6.3565693,6.7919393,6.089645,6.633757
merck/hif2a_automap/231,7.375992087481046,data/fep/merck/merck_hif2a_automap_231.sdf,,data/fep/merck/merck_hif2a_automap_protein.pdb,231,-10.022831916809082,-9.600000381469728,0.0700000002980232,merck/hif2a_automap,merck,1038,merck_hif2a_automap_231.sdf,merck_hif2a_automap_protein.pdb,5.553341,5.6832666,6.3271194,6.69813,6.1421456,6.044796,6.7012587,6.2502456,5.7786517,6.4480047,6.162696
merck/hif2a_automap/15,8.129096690301685,data/fep/merck/merck_hif2a_automap_15.sdf,,data/fep/merck/merck_hif2a_automap_protein.pdb,15,-11.046184539794922,-11.40999984741211,0.0700000002980232,merck/hif2a_automap,merck,1039,merck_hif2a_automap_15.sdf,merck_hif2a_automap_protein.pdb,7.9634585,8.154216,8.023275,7.866132,8.0521,7.88842,8.278303,8.201581,8.323837,7.757638,8.050897
merck/hif2a_automap/124,7.449712699024714,data/fep/merck/merck_hif2a_automap_124.sdf,,data/fep/merck/merck_hif2a_automap_protein.pdb,124,-10.123006820678713,-10.15999984741211,0.0700000002980232,merck/hif2a_automap,merck,1040,merck_hif2a_automap_124.sdf,merck_hif2a_automap_protein.pdb,7.5119133,7.665599,7.91826,6.985182,7.465882,7.238157,7.155533,7.453697,7.2765,7.7414446,7.441217
merck/hif2a_automap/25,7.567564895135143,data/fep/merck/merck_hif2a_automap_25.sdf,,data/fep/merck/merck_hif2a_automap_protein.pdb,25,-10.28314971923828,-9.68000030517578,0.0700000002980232,merck/hif2a_automap,merck,1041,merck_hif2a_automap_25.sdf,merck_hif2a_automap_protein.pdb,7.9135923,7.2416816,7.741026,6.9480176,7.9823203,7.6720347,7.762842,7.6509957,7.73711,7.697656,7.6347275
merck/hif2a_automap/163,8.102663077586833,data/fep/merck/merck_hif2a_automap_163.sdf,,data/fep/merck/merck_hif2a_automap_protein.pdb,163,-11.010265350341797,-10.470000267028809,0.0700000002980232,merck/hif2a_automap,merck,1042,merck_hif2a_automap_163.sdf,merck_hif2a_automap_protein.pdb,6.7124696,7.5700316,7.361127,7.5847435,7.305188,7.2737446,7.8305955,7.783063,7.232798,6.952669,7.360643
merck/tnks2_fullmap/1a,6.292521366404964,data/fep/merck/merck_tnks2_fullmap_1a.sdf,,data/fep/merck/merck_tnks2_fullmap_protein.pdb,1a,-8.550562858581543,-8.75,0.0700000002980232,merck/tnks2_fullmap,merck,1043,merck_tnks2_fullmap_1a.sdf,merck_tnks2_fullmap_protein.pdb,6.5042973,5.975212,5.8727093,6.141162,6.058228,6.624242,6.573986,5.8571467,6.323371,6.259928,6.2190285
merck/tnks2_fullmap/1b,7.312951879460493,data/fep/merck/merck_tnks2_fullmap_1b.sdf,,data/fep/merck/merck_tnks2_fullmap_protein.pdb,1b,-9.937170028686523,-10.079999923706056,0.0700000002980232,merck/tnks2_fullmap,merck,1044,merck_tnks2_fullmap_1b.sdf,merck_tnks2_fullmap_protein.pdb,7.02904,6.770765,7.4107747,7.2512217,7.001662,6.9714665,7.437964,7.175426,7.1976666,7.2161803,7.1462164
merck/tnks2_fullmap/3a,8.092522379038702,data/fep/merck/merck_tnks2_fullmap_3a.sdf,,data/fep/merck/merck_tnks2_fullmap_protein.pdb,3a,-10.996485710144045,-12.5,0.0700000002980232,merck/tnks2_fullmap,merck,1045,merck_tnks2_fullmap_3a.sdf,merck_tnks2_fullmap_protein.pdb,7.405823,7.4279156,7.1374855,6.668533,7.1412754,7.6171217,7.7826357,7.675176,7.7284207,6.100207,7.2684593
merck/tnks2_fullmap/3b,8.477262545326298,data/fep/merck/merck_tnks2_fullmap_3b.sdf,,data/fep/merck/merck_tnks2_fullmap_protein.pdb,3b,-11.519288063049316,-12.239999771118164,0.0700000002980232,merck/tnks2_fullmap,merck,1046,merck_tnks2_fullmap_3b.sdf,merck_tnks2_fullmap_protein.pdb,7.313654,7.9105263,7.956533,6.977121,6.9108834,7.8232865,7.750652,8.063628,8.005864,7.0375896,7.574974
merck/tnks2_fullmap/5f,7.552783716359988,data/fep/merck/merck_tnks2_fullmap_5f.sdf,,data/fep/merck/merck_tnks2_fullmap_protein.pdb,5f,-10.26306438446045,-11.609999656677246,0.0700000002980232,merck/tnks2_fullmap,merck,1047,merck_tnks2_fullmap_5f.sdf,merck_tnks2_fullmap_protein.pdb,7.8046083,7.650129,7.193649,7.036281,7.2613606,7.318691,8.077887,7.5198994,8.197893,7.862564,7.5922956
merck/tnks2_fullmap/5l,7.427348279346202,data/fep/merck/merck_tnks2_fullmap_5l.sdf,,data/fep/merck/merck_tnks2_fullmap_protein.pdb,5l,-10.09261703491211,-12.010000228881836,0.0700000002980232,merck/tnks2_fullmap,merck,1048,merck_tnks2_fullmap_5l.sdf,merck_tnks2_fullmap_protein.pdb,7.7160726,7.853829,7.399329,7.0760155,7.1246667,6.869288,8.15395,7.841442,7.474163,7.8345375,7.5343294
merck/tnks2_fullmap/5g,7.952305061422743,data/fep/merck/merck_tnks2_fullmap_5g.sdf,,data/fep/merck/merck_tnks2_fullmap_protein.pdb,5g,-10.805952072143556,-11.899999618530272,0.0700000002980232,merck/tnks2_fullmap,merck,1049,merck_tnks2_fullmap_5g.sdf,merck_tnks2_fullmap_protein.pdb,7.739656,7.240367,7.179062,7.010872,7.2596626,7.116125,8.077914,7.232047,7.717545,7.3563166,7.392957
merck/tnks2_fullmap/5e,7.438387316474279,data/fep/merck/merck_tnks2_fullmap_5e.sdf,,data/fep/merck/merck_tnks2_fullmap_protein.pdb,5e,-10.107617378234863,-11.18000030517578,0.0700000002980232,merck/tnks2_fullmap,merck,1050,merck_tnks2_fullmap_5e.sdf,merck_tnks2_fullmap_protein.pdb,7.6243196,7.7176867,7.0511703,6.8995385,7.101902,6.9138217,6.098504,6.4796457,7.2936,7.1216583,7.0301843
merck/tnks2_fullmap/5i,8.889067266815754,data/fep/merck/merck_tnks2_fullmap_5i.sdf,,data/fep/merck/merck_tnks2_fullmap_protein.pdb,5i,-12.078866958618164,-13.100000381469728,0.0700000002980232,merck/tnks2_fullmap,merck,1051,merck_tnks2_fullmap_5i.sdf,merck_tnks2_fullmap_protein.pdb,7.6550655,7.680099,6.8933334,7.6096206,7.5343866,7.015379,7.867208,7.7426333,7.6080804,7.8966713,7.550247
merck/tnks2_fullmap/5b,7.708300862915617,data/fep/merck/merck_tnks2_fullmap_5b.sdf,,data/fep/merck/merck_tnks2_fullmap_protein.pdb,5b,-10.474388122558594,-12.270000457763672,0.0700000002980232,merck/tnks2_fullmap,merck,1052,merck_tnks2_fullmap_5b.sdf,merck_tnks2_fullmap_protein.pdb,7.643421,7.5910425,7.348826,7.017298,7.205557,7.0591707,8.188519,7.2819214,7.4676514,7.6972923,7.4500704
merck/tnks2_fullmap/5h,7.395814489709122,data/fep/merck/merck_tnks2_fullmap_5h.sdf,,data/fep/merck/merck_tnks2_fullmap_protein.pdb,5h,-10.04976749420166,-10.68000030517578,0.0700000002980232,merck/tnks2_fullmap,merck,1053,merck_tnks2_fullmap_5h.sdf,merck_tnks2_fullmap_protein.pdb,6.8856955,6.9979315,6.057227,6.8197846,6.809735,6.8390174,7.1584535,7.2458787,7.65367,7.2143207,6.9681716
merck/tnks2_fullmap/5a,7.917405309418934,data/fep/merck/merck_tnks2_fullmap_5a.sdf,,data/fep/merck/merck_tnks2_fullmap_protein.pdb,5a,-10.75852870941162,-11.56999969482422,0.0700000002980232,merck/tnks2_fullmap,merck,1054,merck_tnks2_fullmap_5a.sdf,merck_tnks2_fullmap_protein.pdb,7.40906,7.5269394,6.867545,7.25604,7.6570525,7.4219465,8.230657,6.285764,7.888502,7.226645,7.377015
merck/tnks2_fullmap/5k,8.068157752365781,data/fep/merck/merck_tnks2_fullmap_5k.sdf,,data/fep/merck/merck_tnks2_fullmap_protein.pdb,5k,-10.963377952575684,-10.779999732971191,0.0700000002980232,merck/tnks2_fullmap,merck,1055,merck_tnks2_fullmap_5k.sdf,merck_tnks2_fullmap_protein.pdb,7.8926573,8.019144,7.6214924,7.16366,7.086567,7.2355475,7.9457073,7.886158,8.225866,7.7566886,7.6833487
merck/tnks2_fullmap/5p,7.729574643411915,data/fep/merck/merck_tnks2_fullmap_5p.sdf,,data/fep/merck/merck_tnks2_fullmap_protein.pdb,5p,-10.5032958984375,-10.869999885559082,0.0700000002980232,merck/tnks2_fullmap,merck,1056,merck_tnks2_fullmap_5p.sdf,merck_tnks2_fullmap_protein.pdb,7.321513,7.2609563,7.4865956,6.7207885,6.9559784,6.811562,6.94088,7.845067,7.9742603,6.9548726,7.2272477
merck/tnks2_fullmap/5j,8.157236444491414,data/fep/merck/merck_tnks2_fullmap_5j.sdf,,data/fep/merck/merck_tnks2_fullmap_protein.pdb,5j,-11.08442211151123,-11.449999809265137,0.0700000002980232,merck/tnks2_fullmap,merck,1057,merck_tnks2_fullmap_5j.sdf,merck_tnks2_fullmap_protein.pdb,7.5236273,8.090609,7.548811,7.0254335,7.2479086,6.8305454,7.8330026,7.67636,7.7240458,7.5591526,7.50595
merck/tnks2_fullmap/5d,8.010527928808346,data/fep/merck/merck_tnks2_fullmap_5d.sdf,,data/fep/merck/merck_tnks2_fullmap_protein.pdb,5d,-10.8850679397583,-11.020000457763672,0.0700000002980232,merck/tnks2_fullmap,merck,1058,merck_tnks2_fullmap_5d.sdf,merck_tnks2_fullmap_protein.pdb,7.8020515,7.7573967,7.4261875,7.1220016,7.0065136,7.300499,7.6206985,7.5464797,7.606074,7.809497,7.499739
merck/tnks2_fullmap/5m,9.338002848391552,data/fep/merck/merck_tnks2_fullmap_5m.sdf,,data/fep/merck/merck_tnks2_fullmap_protein.pdb,5m,-12.6889009475708,-12.369999885559082,0.0700000002980232,merck/tnks2_fullmap,merck,1059,merck_tnks2_fullmap_5m.sdf,merck_tnks2_fullmap_protein.pdb,8.078845,7.503217,7.050951,7.4672284,7.1044216,7.240031,7.5549064,8.094622,7.565916,7.591546,7.5251684
merck/tnks2_fullmap/5n,7.885092491794558,data/fep/merck/merck_tnks2_fullmap_5n.sdf,,data/fep/merck/merck_tnks2_fullmap_protein.pdb,5n,-10.71462059020996,-10.989999771118164,0.0700000002980232,merck/tnks2_fullmap,merck,1060,merck_tnks2_fullmap_5n.sdf,merck_tnks2_fullmap_protein.pdb,7.4386168,7.1406817,7.450963,6.9619193,7.1557727,6.9390163,7.1240287,7.896428,8.051334,6.7477274,7.290648
merck/tnks2_fullmap/5c,7.330052596522145,data/fep/merck/merck_tnks2_fullmap_5c.sdf,,data/fep/merck/merck_tnks2_fullmap_protein.pdb,5c,-9.960407257080078,-12.15999984741211,0.0700000002980232,merck/tnks2_fullmap,merck,1061,merck_tnks2_fullmap_5c.sdf,merck_tnks2_fullmap_protein.pdb,7.6414304,7.327941,7.4208775,7.0126925,6.957807,6.8564014,7.6913967,6.792049,7.178793,7.107653,7.198704
merck/tnks2_fullmap/7,6.1793686039908655,data/fep/merck/merck_tnks2_fullmap_7.sdf,,data/fep/merck/merck_tnks2_fullmap_protein.pdb,7,-8.396805763244629,-8.699999809265137,0.0700000002980232,merck/tnks2_fullmap,merck,1062,merck_tnks2_fullmap_7.sdf,merck_tnks2_fullmap_protein.pdb,7.368856,7.402154,7.4945717,6.9491334,6.8397903,6.770374,7.544405,6.790865,7.2550006,6.9299097,7.1345053
merck/tnks2_fullmap/8a neutral,7.952305061422743,data/fep/merck/merck_tnks2_fullmap_8a_neutral.sdf,,data/fep/merck/merck_tnks2_fullmap_protein.pdb,8a neutral,-10.805952072143556,-10.260000228881836,0.0700000002980232,merck/tnks2_fullmap,merck,1063,merck_tnks2_fullmap_8a_neutral.sdf,merck_tnks2_fullmap_protein.pdb,7.407721,7.3583493,7.813019,7.2749853,7.137972,7.879001,7.6950235,7.683421,7.250427,8.022362,7.5522285
merck/tnks2_fullmap/8b neutral,8.779489611219027,data/fep/merck/merck_tnks2_fullmap_8b_neutral.sdf,,data/fep/merck/merck_tnks2_fullmap_protein.pdb,8b neutral,-11.929967880249023,-11.770000457763672,0.0700000002980232,merck/tnks2_fullmap,merck,1064,merck_tnks2_fullmap_8b_neutral.sdf,merck_tnks2_fullmap_protein.pdb,7.7841873,7.253078,7.210163,7.404766,6.518809,7.7319903,7.548352,7.962818,7.3209534,8.126182,7.4861307
merck/tnks2_fullmap/8c adjust,7.449712699024714,data/fep/merck/merck_tnks2_fullmap_8c_adjust.sdf,,data/fep/merck/merck_tnks2_fullmap_protein.pdb,8c adjust,-10.123006820678713,-8.119999885559082,0.0700000002980232,merck/tnks2_fullmap,merck,1065,merck_tnks2_fullmap_8c_adjust.sdf,merck_tnks2_fullmap_protein.pdb,8.055394,8.567642,8.459544,8.366987,8.253228,7.922263,8.031028,7.9604373,8.131532,8.092966,8.184102
merck/tnks2_fullmap/8d,9.191294332708484,data/fep/merck/merck_tnks2_fullmap_8d.sdf,,data/fep/merck/merck_tnks2_fullmap_protein.pdb,8d,-12.489546775817873,-9.8100004196167,0.0700000002980232,merck/tnks2_fullmap,merck,1066,merck_tnks2_fullmap_8d.sdf,merck_tnks2_fullmap_protein.pdb,8.1612625,8.606876,7.963198,8.200375,8.422964,7.8566637,8.36777,8.098597,7.4840846,7.68867,8.085046
merck/tnks2_fullmap/8e adjust neutral,7.538486096398566,data/fep/merck/merck_tnks2_fullmap_8e_adjust_neutral.sdf,,data/fep/merck/merck_tnks2_fullmap_protein.pdb,8e adjust neutral,-10.24363613128662,-9.010000228881836,0.0700000002980232,merck/tnks2_fullmap,merck,1067,merck_tnks2_fullmap_8e_adjust_neutral.sdf,merck_tnks2_fullmap_protein.pdb,8.067821,8.2934265,8.232183,7.802694,7.9507732,7.5517592,7.82335,7.857072,7.9840627,7.8206244,7.9383764
merck/tnks2_fullmap/8f neutral,8.691992837186515,data/fep/merck/merck_tnks2_fullmap_8f_neutral.sdf,,data/fep/merck/merck_tnks2_fullmap_protein.pdb,8f neutral,-11.811073303222656,-10.65999984741211,0.0700000002980232,merck/tnks2_fullmap,merck,1068,merck_tnks2_fullmap_8f_neutral.sdf,merck_tnks2_fullmap_protein.pdb,8.084339,7.81691,7.801954,7.772332,7.347878,7.5100536,7.9381137,8.187256,7.0304594,7.7116566,7.720095
merck/tnks2_fullmap/8d neutral equitorial,9.191294332708484,data/fep/merck/merck_tnks2_fullmap_8d_neutral_equitorial.sdf,,data/fep/merck/merck_tnks2_fullmap_protein.pdb,8d neutral equitorial,-12.489546775817873,-9.81999969482422,0.0700000002980232,merck/tnks2_fullmap,merck,1069,merck_tnks2_fullmap_8d_neutral_equitorial.sdf,merck_tnks2_fullmap_protein.pdb,8.327068,8.458368,8.046379,8.136723,8.122074,7.645193,8.023546,8.0427065,7.0338073,7.8452682,7.968113
merck/tnks2_fullmap/8c neutral equitorial,7.449712699024714,data/fep/merck/merck_tnks2_fullmap_8c_neutral_equitorial.sdf,,data/fep/merck/merck_tnks2_fullmap_protein.pdb,8c neutral equitorial,-10.123006820678713,-8.119999885559082,0.0700000002980232,merck/tnks2_fullmap,merck,1070,merck_tnks2_fullmap_8c_neutral_equitorial.sdf,merck_tnks2_fullmap_protein.pdb,8.200317,8.369356,8.34118,8.211167,8.223621,7.891935,7.755518,7.7654104,8.310904,8.103318,8.117273
merck/tnks2_fullmap/5o adjust,8.858985557273913,data/fep/merck/merck_tnks2_fullmap_5o_adjust.sdf,,data/fep/merck/merck_tnks2_fullmap_protein.pdb,5o adjust,-12.03799057006836,-12.149999618530272,0.0700000002980232,merck/tnks2_fullmap,merck,1071,merck_tnks2_fullmap_5o_adjust.sdf,merck_tnks2_fullmap_protein.pdb,7.3104606,7.1882963,6.8516192,7.0828395,7.056968,6.7144747,6.589452,8.094108,7.1004677,7.365336,7.1354017
merck/tnks2_fullmap/8f,8.691992837186515,data/fep/merck/merck_tnks2_fullmap_8f.sdf,,data/fep/merck/merck_tnks2_fullmap_protein.pdb,8f,-11.811073303222656,-10.65999984741211,0.0700000002980232,merck/tnks2_fullmap,merck,1072,merck_tnks2_fullmap_8f.sdf,merck_tnks2_fullmap_protein.pdb,7.9171457,7.969117,7.7706337,7.936058,7.6042547,7.433246,7.883094,8.122494,7.2194877,7.7765536,7.763208
merck/tnks2_fullmap/8b,8.779489611219027,data/fep/merck/merck_tnks2_fullmap_8b.sdf,,data/fep/merck/merck_tnks2_fullmap_protein.pdb,8b,-11.929967880249023,-11.779999732971191,0.0700000002980232,merck/tnks2_fullmap,merck,1073,merck_tnks2_fullmap_8b.sdf,merck_tnks2_fullmap_protein.pdb,7.540846,7.288053,7.652601,7.49142,6.834247,7.3509645,7.8093457,7.9414945,7.5979414,7.945265,7.545218
merck/tnks2_fullmap/8e,7.538486096398566,data/fep/merck/merck_tnks2_fullmap_8e.sdf,,data/fep/merck/merck_tnks2_fullmap_protein.pdb,8e,-10.24363613128662,-9.010000228881836,0.0700000002980232,merck/tnks2_fullmap,merck,1074,merck_tnks2_fullmap_8e.sdf,merck_tnks2_fullmap_protein.pdb,7.8701925,8.198787,8.373953,8.338272,7.8435426,7.791509,7.9292397,7.7044907,7.578983,7.926435,7.9555407
merck/tnks2_fullmap/8a,7.952305061422743,data/fep/merck/merck_tnks2_fullmap_8a.sdf,,data/fep/merck/merck_tnks2_fullmap_protein.pdb,8a,-10.805952072143556,-10.270000457763672,0.0700000002980232,merck/tnks2_fullmap,merck,1075,merck_tnks2_fullmap_8a.sdf,merck_tnks2_fullmap_protein.pdb,7.2913322,7.3329005,8.169752,8.14336,7.4441237,7.7769957,7.975416,7.5922394,7.5210857,7.457376,7.6704583
merck/cdk8_5cei_new_helix_loop_extra/43,8.785364605166457,data/fep/merck/merck_cdk8_5cei_new_helix_loop_extra_43.sdf,,data/fep/merck/merck_cdk8_5cei_new_helix_loop_extra_protein.pdb,43,-11.93795108795166,-11.720000267028809,0.0900000035762786,merck/cdk8_5cei_new_helix_loop_extra,merck,1076,merck_cdk8_5cei_new_helix_loop_extra_43.sdf,merck_cdk8_5cei_new_helix_loop_extra_protein.pdb,8.276187,7.9335656,8.415268,9.069765,8.46733,7.5278,7.843119,7.8732514,8.279656,7.348832,8.1034775
merck/cdk8_5cei_new_helix_loop_extra/22,7.56928577497735,data/fep/merck/merck_cdk8_5cei_new_helix_loop_extra_22.sdf,,data/fep/merck/merck_cdk8_5cei_new_helix_loop_extra_protein.pdb,22,-10.28548812866211,-10.260000228881836,0.1000000014901161,merck/cdk8_5cei_new_helix_loop_extra,merck,1077,merck_cdk8_5cei_new_helix_loop_extra_22.sdf,merck_cdk8_5cei_new_helix_loop_extra_protein.pdb,7.562528,7.383355,7.298386,7.0075226,7.9997597,6.4324145,7.722792,6.607304,7.5821824,8.033546,7.362979
merck/cdk8_5cei_new_helix_loop_extra/30,8.607524446726236,data/fep/merck/merck_cdk8_5cei_new_helix_loop_extra_30.sdf,,data/fep/merck/merck_cdk8_5cei_new_helix_loop_extra_protein.pdb,30,-11.696293830871582,-11.329999923706056,0.1000000014901161,merck/cdk8_5cei_new_helix_loop_extra,merck,1078,merck_cdk8_5cei_new_helix_loop_extra_30.sdf,merck_cdk8_5cei_new_helix_loop_extra_protein.pdb,7.879914,7.861423,8.276598,8.370249,7.716917,7.3209944,7.475542,7.437778,8.022912,7.966733,7.832907
merck/cdk8_5cei_new_helix_loop_extra/21,7.178497965296488,data/fep/merck/merck_cdk8_5cei_new_helix_loop_extra_21.sdf,,data/fep/merck/merck_cdk8_5cei_new_helix_loop_extra_protein.pdb,21,-9.754467964172363,-9.630000114440918,0.1000000014901161,merck/cdk8_5cei_new_helix_loop_extra,merck,1079,merck_cdk8_5cei_new_helix_loop_extra_21.sdf,merck_cdk8_5cei_new_helix_loop_extra_protein.pdb,7.579338,7.3220286,7.198338,6.9521494,7.789203,6.5027833,7.8761954,6.61202,7.639898,7.6635838,7.313554
merck/cdk8_5cei_new_helix_loop_extra/24,7.612462172975906,data/fep/merck/merck_cdk8_5cei_new_helix_loop_extra_24.sdf,,data/fep/merck/merck_cdk8_5cei_new_helix_loop_extra_protein.pdb,24,-10.344158172607422,-8.640000343322754,0.1000000014901161,merck/cdk8_5cei_new_helix_loop_extra,merck,1080,merck_cdk8_5cei_new_helix_loop_extra_24.sdf,merck_cdk8_5cei_new_helix_loop_extra_protein.pdb,7.227241,7.3311443,7.6783905,7.8762865,7.7566338,6.397464,7.046158,6.6014004,7.1427817,7.74956,7.280706
merck/cdk8_5cei_new_helix_loop_extra/38,8.38347248844507,data/fep/merck/merck_cdk8_5cei_new_helix_loop_extra_38.sdf,,data/fep/merck/merck_cdk8_5cei_new_helix_loop_extra_protein.pdb,38,-11.391841888427734,-12.739999771118164,0.0900000035762786,merck/cdk8_5cei_new_helix_loop_extra,merck,1081,merck_cdk8_5cei_new_helix_loop_extra_38.sdf,merck_cdk8_5cei_new_helix_loop_extra_protein.pdb,8.175771,7.9131904,8.342402,8.650722,8.453898,7.517826,7.901103,7.5849833,8.214885,7.434587,8.018936
merck/cdk8_5cei_new_helix_loop_extra/31,8.785364605166457,data/fep/merck/merck_cdk8_5cei_new_helix_loop_extra_31.sdf,,data/fep/merck/merck_cdk8_5cei_new_helix_loop_extra_protein.pdb,31,-11.93795108795166,-12.31999969482422,0.0900000035762786,merck/cdk8_5cei_new_helix_loop_extra,merck,1082,merck_cdk8_5cei_new_helix_loop_extra_31.sdf,merck_cdk8_5cei_new_helix_loop_extra_protein.pdb,7.821706,7.948038,8.309121,8.2908325,7.671574,7.2318277,7.480389,7.477181,8.28789,7.5252028,7.8043756
merck/cdk8_5cei_new_helix_loop_extra/41,8.303504212808697,data/fep/merck/merck_cdk8_5cei_new_helix_loop_extra_41.sdf,,data/fep/merck/merck_cdk8_5cei_new_helix_loop_extra_protein.pdb,41,-11.283177375793455,-12.770000457763672,0.1099999994039535,merck/cdk8_5cei_new_helix_loop_extra,merck,1083,merck_cdk8_5cei_new_helix_loop_extra_41.sdf,merck_cdk8_5cei_new_helix_loop_extra_protein.pdb,8.357155,7.7691445,8.113252,7.8321433,7.7454042,6.629678,7.4772134,7.2413745,7.2866096,6.777648,7.522962
merck/cdk8_5cei_new_helix_loop_extra/29,6.81171334137552,data/fep/merck/merck_cdk8_5cei_new_helix_loop_extra_29.sdf,,data/fep/merck/merck_cdk8_5cei_new_helix_loop_extra_protein.pdb,29,-9.256064414978027,-11.300000190734863,0.1099999994039535,merck/cdk8_5cei_new_helix_loop_extra,merck,1084,merck_cdk8_5cei_new_helix_loop_extra_29.sdf,merck_cdk8_5cei_new_helix_loop_extra_protein.pdb,7.9516478,7.3400297,8.293108,7.619278,7.877916,6.534737,7.6467605,7.507591,8.320944,7.7705965,7.686261
merck/cdk8_5cei_new_helix_loop_extra/26,7.517624990187431,data/fep/merck/merck_cdk8_5cei_new_helix_loop_extra_26.sdf,,data/fep/merck/merck_cdk8_5cei_new_helix_loop_extra_protein.pdb,26,-10.215289115905762,-8.720000267028809,0.1299999952316284,merck/cdk8_5cei_new_helix_loop_extra,merck,1085,merck_cdk8_5cei_new_helix_loop_extra_26.sdf,merck_cdk8_5cei_new_helix_loop_extra_protein.pdb,8.202165,8.037958,8.504526,7.930356,8.172273,6.8167605,6.8404727,7.185315,7.748577,7.541139,7.6979537
merck/cdk8_5cei_new_helix_loop_extra/20,7.873305307067873,data/fep/merck/merck_cdk8_5cei_new_helix_loop_extra_20.sdf,,data/fep/merck/merck_cdk8_5cei_new_helix_loop_extra_protein.pdb,20,-10.698603630065918,-9.6899995803833,0.1000000014901161,merck/cdk8_5cei_new_helix_loop_extra,merck,1086,merck_cdk8_5cei_new_helix_loop_extra_20.sdf,merck_cdk8_5cei_new_helix_loop_extra_protein.pdb,6.0135946,7.561476,7.674453,7.1671047,7.270436,7.13994,6.909186,6.892358,8.111564,7.5146832,7.22548
merck/cdk8_5cei_new_helix_loop_extra/35,8.481344371248918,data/fep/merck/merck_cdk8_5cei_new_helix_loop_extra_35.sdf,,data/fep/merck/merck_cdk8_5cei_new_helix_loop_extra_protein.pdb,35,-11.524834632873535,-11.949999809265137,0.1099999994039535,merck/cdk8_5cei_new_helix_loop_extra,merck,1087,merck_cdk8_5cei_new_helix_loop_extra_35.sdf,merck_cdk8_5cei_new_helix_loop_extra_protein.pdb,7.9016438,7.7773814,8.262032,8.505372,7.632621,7.145461,7.3114343,7.12545,8.135919,7.856804,7.7654123
merck/cdk8_5cei_new_helix_loop_extra/40,8.235893005435665,data/fep/merck/merck_cdk8_5cei_new_helix_loop_extra_40.sdf,,data/fep/merck/merck_cdk8_5cei_new_helix_loop_extra_protein.pdb,40,-11.191304206848145,-12.43000030517578,0.1000000014901161,merck/cdk8_5cei_new_helix_loop_extra,merck,1088,merck_cdk8_5cei_new_helix_loop_extra_40.sdf,merck_cdk8_5cei_new_helix_loop_extra_protein.pdb,7.7721977,7.7080817,8.114839,7.84289,7.642699,6.302212,7.1532874,7.1328096,8.098287,7.623907,7.539121
merck/cdk8_5cei_new_helix_loop_extra/19,7.901612096087311,data/fep/merck/merck_cdk8_5cei_new_helix_loop_extra_19.sdf,,data/fep/merck/merck_cdk8_5cei_new_helix_loop_extra_protein.pdb,19,-10.737068176269531,-9.630000114440918,0.0900000035762786,merck/cdk8_5cei_new_helix_loop_extra,merck,1089,merck_cdk8_5cei_new_helix_loop_extra_19.sdf,merck_cdk8_5cei_new_helix_loop_extra_protein.pdb,7.3781033,7.098279,7.8120184,7.300141,7.7716103,6.2277513,6.8301277,6.4451423,7.443317,7.7604294,7.2066917
merck/cdk8_5cei_new_helix_loop_extra/33,8.177324839158397,data/fep/merck/merck_cdk8_5cei_new_helix_loop_extra_33.sdf,,data/fep/merck/merck_cdk8_5cei_new_helix_loop_extra_protein.pdb,33,-11.111719131469728,-10.010000228881836,0.0900000035762786,merck/cdk8_5cei_new_helix_loop_extra,merck,1090,merck_cdk8_5cei_new_helix_loop_extra_33.sdf,merck_cdk8_5cei_new_helix_loop_extra_protein.pdb,7.994385,7.9758196,8.291084,8.2042675,7.594463,7.113823,7.8592625,6.981147,7.617413,7.9659595,7.759763
merck/cdk8_5cei_new_helix_loop_extra/27,6.228743538191035,data/fep/merck/merck_cdk8_5cei_new_helix_loop_extra_27.sdf,,data/fep/merck/merck_cdk8_5cei_new_helix_loop_extra_protein.pdb,27,-8.463898658752441,-11.029999732971191,0.1099999994039535,merck/cdk8_5cei_new_helix_loop_extra,merck,1091,merck_cdk8_5cei_new_helix_loop_extra_27.sdf,merck_cdk8_5cei_new_helix_loop_extra_protein.pdb,6.747805,6.8680058,7.801618,7.60864,7.426248,5.9189215,7.413567,6.7047358,7.9368196,7.209301,7.1635666
merck/cdk8_5cei_new_helix_loop_extra/13,8.303504212808697,data/fep/merck/merck_cdk8_5cei_new_helix_loop_extra_13.sdf,,data/fep/merck/merck_cdk8_5cei_new_helix_loop_extra_protein.pdb,13,-11.283177375793455,-9.949999809265137,0.0900000035762786,merck/cdk8_5cei_new_helix_loop_extra,merck,1092,merck_cdk8_5cei_new_helix_loop_extra_13.sdf,merck_cdk8_5cei_new_helix_loop_extra_protein.pdb,7.361692,6.1349707,7.8786716,6.941512,7.054863,6.907944,6.3147597,6.629888,7.2438936,7.5128717,6.9981065
merck/cdk8_5cei_new_helix_loop_extra/39,8.481344371248918,data/fep/merck/merck_cdk8_5cei_new_helix_loop_extra_39.sdf,,data/fep/merck/merck_cdk8_5cei_new_helix_loop_extra_protein.pdb,39,-11.524834632873535,-12.239999771118164,0.1099999994039535,merck/cdk8_5cei_new_helix_loop_extra,merck,1093,merck_cdk8_5cei_new_helix_loop_extra_39.sdf,merck_cdk8_5cei_new_helix_loop_extra_protein.pdb,7.270121,7.5545506,7.9611425,7.5888724,6.8798537,6.341844,7.1283417,7.2889614,7.637467,6.750336,7.240149
merck/cdk8_5cei_new_helix_loop_extra/32,7.0277174492690175,data/fep/merck/merck_cdk8_5cei_new_helix_loop_extra_32.sdf,,data/fep/merck/merck_cdk8_5cei_new_helix_loop_extra_protein.pdb,32,-9.549580574035645,-9.949999809265137,0.0900000035762786,merck/cdk8_5cei_new_helix_loop_extra,merck,1094,merck_cdk8_5cei_new_helix_loop_extra_32.sdf,merck_cdk8_5cei_new_helix_loop_extra_protein.pdb,7.4752364,6.8661695,7.9567256,6.787643,7.781351,5.923354,6.8736,6.3508315,7.0311236,8.1386595,7.118469
merck/cdk8_5cei_new_helix_loop_extra/37,8.481344371248918,data/fep/merck/merck_cdk8_5cei_new_helix_loop_extra_37.sdf,,data/fep/merck/merck_cdk8_5cei_new_helix_loop_extra_protein.pdb,37,-11.524834632873535,-12.880000114440918,0.1500000059604644,merck/cdk8_5cei_new_helix_loop_extra,merck,1095,merck_cdk8_5cei_new_helix_loop_extra_37.sdf,merck_cdk8_5cei_new_helix_loop_extra_protein.pdb,8.1994295,7.8237705,8.121857,7.919378,7.4472475,6.9536414,7.4904065,7.2611804,7.68032,7.4672527,7.636448
merck/cdk8_5cei_new_helix_loop_extra/23,6.633873182935299,data/fep/merck/merck_cdk8_5cei_new_helix_loop_extra_23.sdf,,data/fep/merck/merck_cdk8_5cei_new_helix_loop_extra_protein.pdb,23,-9.01440715789795,-7.420000076293945,0.1099999994039535,merck/cdk8_5cei_new_helix_loop_extra,merck,1096,merck_cdk8_5cei_new_helix_loop_extra_23.sdf,merck_cdk8_5cei_new_helix_loop_extra_protein.pdb,7.472367,7.1227884,6.7159977,6.736206,7.6444426,6.1751027,7.5163016,6.4926267,7.089656,8.038947,7.1004434
merck/cdk8_5cei_new_helix_loop_extra/15,5.65769707417426,data/fep/merck/merck_cdk8_5cei_new_helix_loop_extra_15.sdf,,data/fep/merck/merck_cdk8_5cei_new_helix_loop_extra_protein.pdb,15,-7.687934875488281,-6.429999828338623,0.0900000035762786,merck/cdk8_5cei_new_helix_loop_extra,merck,1097,merck_cdk8_5cei_new_helix_loop_extra_15.sdf,merck_cdk8_5cei_new_helix_loop_extra_protein.pdb,5.3168964,5.5550995,6.5009427,5.998973,6.154438,6.032798,6.1578236,6.4586563,6.7987657,5.4963975,6.0470796
merck/cdk8_5cei_new_helix_loop_extra/34,8.235893005435665,data/fep/merck/merck_cdk8_5cei_new_helix_loop_extra_34.sdf,,data/fep/merck/merck_cdk8_5cei_new_helix_loop_extra_protein.pdb,34,-11.191304206848145,-12.029999732971191,0.1000000014901161,merck/cdk8_5cei_new_helix_loop_extra,merck,1098,merck_cdk8_5cei_new_helix_loop_extra_34.sdf,merck_cdk8_5cei_new_helix_loop_extra_protein.pdb,7.7053056,7.2990565,8.085777,8.426896,8.258122,7.452689,7.5336995,7.2993217,8.4062195,7.6794786,7.8146567
merck/cdk8_5cei_new_helix_loop_extra/25,7.207555709222598,data/fep/merck/merck_cdk8_5cei_new_helix_loop_extra_25.sdf,,data/fep/merck/merck_cdk8_5cei_new_helix_loop_extra_protein.pdb,25,-9.793952941894531,-10.65999984741211,0.1000000014901161,merck/cdk8_5cei_new_helix_loop_extra,merck,1099,merck_cdk8_5cei_new_helix_loop_extra_25.sdf,merck_cdk8_5cei_new_helix_loop_extra_protein.pdb,7.2959213,6.986075,7.7889857,7.289434,7.83017,6.3976464,7.6920543,6.693599,8.039762,7.965223,7.397887
merck/cdk8_5cei_new_helix_loop_extra/14,6.136062367994426,data/fep/merck/merck_cdk8_5cei_new_helix_loop_extra_14.sdf,,data/fep/merck/merck_cdk8_5cei_new_helix_loop_extra_protein.pdb,14,-8.337959289550781,-7.659999847412109,0.0900000035762786,merck/cdk8_5cei_new_helix_loop_extra,merck,1100,merck_cdk8_5cei_new_helix_loop_extra_14.sdf,merck_cdk8_5cei_new_helix_loop_extra_protein.pdb,4.8438,6.0415826,4.491657,5.8556685,6.0375657,4.8228097,6.341613,5.808177,5.3659196,5.1591268,5.4767923
merck/cdk8_5cei_new_helix_loop_extra/36,8.303504212808697,data/fep/merck/merck_cdk8_5cei_new_helix_loop_extra_36.sdf,,data/fep/merck/merck_cdk8_5cei_new_helix_loop_extra_protein.pdb,36,-11.283177375793455,-12.100000381469728,0.1000000014901161,merck/cdk8_5cei_new_helix_loop_extra,merck,1101,merck_cdk8_5cei_new_helix_loop_extra_36.sdf,merck_cdk8_5cei_new_helix_loop_extra_protein.pdb,7.390807,7.72966,7.9721346,8.329382,7.5586915,7.1407585,7.1060996,7.381536,8.27243,6.9522305,7.583373
merck/cdk8_5cei_new_helix_loop_extra/18 flipped,8.079452254527531,data/fep/merck/merck_cdk8_5cei_new_helix_loop_extra_18_flipped.sdf,,data/fep/merck/merck_cdk8_5cei_new_helix_loop_extra_protein.pdb,18 flipped,-10.97872543334961,-9.079999923706056,0.0900000035762786,merck/cdk8_5cei_new_helix_loop_extra,merck,1102,merck_cdk8_5cei_new_helix_loop_extra_18_flipped.sdf,merck_cdk8_5cei_new_helix_loop_extra_protein.pdb,6.891214,6.881305,7.941393,6.731356,7.094964,5.8621583,6.5741124,6.925786,7.0516186,6.6812744,6.8635187
merck/cdk8_5cei_new_helix_loop_extra/16 flipped,6.836783304199098,data/fep/merck/merck_cdk8_5cei_new_helix_loop_extra_16_flipped.sdf,,data/fep/merck/merck_cdk8_5cei_new_helix_loop_extra_protein.pdb,16 flipped,-9.290130615234377,-8.479999542236328,0.0900000035762786,merck/cdk8_5cei_new_helix_loop_extra,merck,1103,merck_cdk8_5cei_new_helix_loop_extra_16_flipped.sdf,merck_cdk8_5cei_new_helix_loop_extra_protein.pdb,5.946132,5.845846,5.1936274,6.636982,5.288517,4.9197645,5.435082,6.563247,6.6509404,6.4954653,5.8975606
merck/cdk8_5cei_new_helix_loop_extra/17 flipped,6.61792205852517,data/fep/merck/merck_cdk8_5cei_new_helix_loop_extra_17_flipped.sdf,,data/fep/merck/merck_cdk8_5cei_new_helix_loop_extra_protein.pdb,17 flipped,-8.992732048034668,-8.949999809265137,0.0900000035762786,merck/cdk8_5cei_new_helix_loop_extra,merck,1104,merck_cdk8_5cei_new_helix_loop_extra_17_flipped.sdf,merck_cdk8_5cei_new_helix_loop_extra_protein.pdb,6.4637003,6.450198,7.809707,6.9799433,6.148485,5.6690235,6.5028505,6.596758,6.806986,7.318023,6.674567
merck/cdk8_5cei_new_helix_loop_extra/44 flipped,8.481344371248918,data/fep/merck/merck_cdk8_5cei_new_helix_loop_extra_44_flipped.sdf,,data/fep/merck/merck_cdk8_5cei_new_helix_loop_extra_protein.pdb,44 flipped,-11.524834632873535,-11.390000343322754,0.0900000035762786,merck/cdk8_5cei_new_helix_loop_extra,merck,1105,merck_cdk8_5cei_new_helix_loop_extra_44_flipped.sdf,merck_cdk8_5cei_new_helix_loop_extra_protein.pdb,7.6529145,7.6100965,8.293983,7.671211,7.5322094,7.2113233,6.9493513,7.3225827,8.11719,7.154798,7.551566
merck/cdk8_5cei_new_helix_loop_extra/45 flipped,8.235893005435665,data/fep/merck/merck_cdk8_5cei_new_helix_loop_extra_45_flipped.sdf,,data/fep/merck/merck_cdk8_5cei_new_helix_loop_extra_protein.pdb,45 flipped,-11.191304206848145,-11.670000076293944,0.0900000035762786,merck/cdk8_5cei_new_helix_loop_extra,merck,1106,merck_cdk8_5cei_new_helix_loop_extra_45_flipped.sdf,merck_cdk8_5cei_new_helix_loop_extra_protein.pdb,6.9460964,7.719596,8.171188,7.4779897,8.114107,7.1319294,7.437894,7.6002135,8.067973,7.1023865,7.576937
merck/cdk8_5cei_new_helix_loop_extra/42 flipped,8.481344371248918,data/fep/merck/merck_cdk8_5cei_new_helix_loop_extra_42_flipped.sdf,,data/fep/merck/merck_cdk8_5cei_new_helix_loop_extra_protein.pdb,42 flipped,-11.524834632873535,-11.550000190734863,0.0900000035762786,merck/cdk8_5cei_new_helix_loop_extra,merck,1107,merck_cdk8_5cei_new_helix_loop_extra_42_flipped.sdf,merck_cdk8_5cei_new_helix_loop_extra_protein.pdb,7.8759623,7.764355,8.210275,7.707285,8.028216,7.542839,7.456487,7.544101,7.9377685,7.2228265,7.7290115
"waterset/urokinase/10302 (1GJ7, no water pose)",7.964377187917757,"data/fep/waterset/waterset_urokinase_10302_(1GJ7,_no_water_pose).sdf",,data/fep/waterset/waterset_urokinase_protein.pdb,"10302 (1GJ7, no water pose)",-10.82235622406006,-11.039999961853027,0.209999993443489,waterset/urokinase,waterset,1108,"waterset_urokinase_10302_(1GJ7,_no_water_pose).sdf",waterset_urokinase_protein.pdb,5.018298,6.2408333,6.261112,5.663862,6.0850263,5.891714,6.119772,6.8184795,5.643963,5.589958,5.933302
waterset/urokinase/11417 (no water pose),7.775432722437008,data/fep/waterset/waterset_urokinase_11417_(no_water_pose).sdf,,data/fep/waterset/waterset_urokinase_protein.pdb,11417 (no water pose),-10.5656099319458,-10.050000190734863,0.209999993443489,waterset/urokinase,waterset,1109,waterset_urokinase_11417_(no_water_pose).sdf,waterset_urokinase_protein.pdb,6.0400586,7.185417,6.7489724,6.0262876,6.8210564,5.721157,6.9171443,7.3077145,6.7469296,6.6935096,6.6208243
waterset/urokinase/7806 (no water pose),6.366802035907066,data/fep/waterset/waterset_urokinase_7806_(no_water_pose).sdf,,data/fep/waterset/waterset_urokinase_protein.pdb,7806 (no water pose),-8.651498794555664,-8.960000038146973,0.209999993443489,waterset/urokinase,waterset,1110,waterset_urokinase_7806_(no_water_pose).sdf,waterset_urokinase_protein.pdb,6.320427,6.838237,6.357423,6.1747155,6.3809443,6.3468065,6.772953,6.9824557,6.2454004,6.3671885,6.4786553
waterset/urokinase/8696 (no water pose),7.213605458096906,data/fep/waterset/waterset_urokinase_8696_(no_water_pose).sdf,,data/fep/waterset/waterset_urokinase_protein.pdb,8696 (no water pose),-9.802173614501951,-9.789999961853027,0.209999993443489,waterset/urokinase,waterset,1111,waterset_urokinase_8696_(no_water_pose).sdf,waterset_urokinase_protein.pdb,6.6454916,7.1223493,6.8820744,6.331968,6.515504,6.625944,7.0624948,7.0355825,6.7689834,6.7827106,6.7773104
waterset/scyt_dehyd/3d,6.765500839707557,data/fep/waterset/waterset_scyt_dehyd_3d.sdf,,data/fep/waterset/waterset_scyt_dehyd_protein.pdb,3d,-9.19326877593994,-9.1899995803833,0.3100000023841858,waterset/scyt_dehyd,waterset,1112,waterset_scyt_dehyd_3d.sdf,waterset_scyt_dehyd_protein.pdb,6.532244,6.515902,6.765303,6.8315053,6.263922,6.576645,7.2713556,5.886175,6.474053,6.2273436,6.5344443
waterset/scyt_dehyd/8d,7.821641013142876,data/fep/waterset/waterset_scyt_dehyd_8d.sdf,,data/fep/waterset/waterset_scyt_dehyd_protein.pdb,8d,-10.628399848937988,-10.970000267028809,0.3199999928474426,waterset/scyt_dehyd,waterset,1113,waterset_scyt_dehyd_8d.sdf,waterset_scyt_dehyd_protein.pdb,5.9825673,6.131558,6.595914,6.546579,6.071627,6.420282,7.445809,6.0469933,6.3405037,6.410472,6.3992305
waterset/scyt_dehyd/2d,9.921475159719192,data/fep/waterset/waterset_scyt_dehyd_2d.sdf,,data/fep/waterset/waterset_scyt_dehyd_protein.pdb,2d,-13.481749534606934,-13.5,0.3199999928474426,waterset/scyt_dehyd,waterset,1114,waterset_scyt_dehyd_2d.sdf,waterset_scyt_dehyd_protein.pdb,5.9106593,6.239741,6.5345044,6.597225,6.0946765,6.3062434,7.161169,6.2939634,6.237102,6.4216022,6.3796883
waterset/scyt_dehyd/4d,11.29149904394903,data/fep/waterset/waterset_scyt_dehyd_4d.sdf,,data/fep/waterset/waterset_scyt_dehyd_protein.pdb,4d,-15.34340000152588,-13.619999885559082,0.2899999916553497,waterset/scyt_dehyd,waterset,1115,waterset_scyt_dehyd_4d.sdf,waterset_scyt_dehyd_protein.pdb,7.73697,6.9095235,7.0573707,7.378297,7.369084,6.8545055,7.465216,7.7491612,7.310881,7.3525996,7.318361
waterset/scyt_dehyd/5d,9.753494969020874,data/fep/waterset/waterset_scyt_dehyd_5d.sdf,,data/fep/waterset/waterset_scyt_dehyd_protein.pdb,5d,-13.253490447998049,-14.68000030517578,0.3000000119209289,waterset/scyt_dehyd,waterset,1116,waterset_scyt_dehyd_5d.sdf,waterset_scyt_dehyd_protein.pdb,5.841418,6.493915,6.4464793,6.457028,5.991408,6.559246,6.399175,6.360162,6.0137815,6.2750797,6.283769
waterset/scyt_dehyd/6d,6.921941590615693,data/fep/waterset/waterset_scyt_dehyd_6d.sdf,,data/fep/waterset/waterset_scyt_dehyd_protein.pdb,6d,-9.405847549438477,-10.949999809265137,0.3100000023841858,waterset/scyt_dehyd,waterset,1117,waterset_scyt_dehyd_6d.sdf,waterset_scyt_dehyd_protein.pdb,6.0681477,6.347148,6.419212,6.6708865,6.15215,6.504329,7.105497,6.006146,6.2448587,6.453295,6.3971667
waterset/scyt_dehyd/7d,11.223882923786883,data/fep/waterset/waterset_scyt_dehyd_7d.sdf,,data/fep/waterset/waterset_scyt_dehyd_protein.pdb,7d,-15.251520156860352,-13.65999984741211,0.2899999916553497,waterset/scyt_dehyd,waterset,1118,waterset_scyt_dehyd_7d.sdf,waterset_scyt_dehyd_protein.pdb,7.3958316,6.97241,6.958024,7.4548044,7.1517715,7.328555,7.287863,7.684754,6.815277,7.57919,7.262849
waterset/brd41_ASH106/cmpd 5 (1-Butenyl),5.622420791976594,data/fep/waterset/waterset_brd41_ASH106_cmpd_5_(1-Butenyl).sdf,,data/fep/waterset/waterset_brd41_ASH106_protein.pdb,cmpd 5 (1-Butenyl),-7.639999866485596,-8.529999732971191,0.1800000071525573,waterset/brd41_ASH106,waterset,1119,waterset_brd41_ASH106_cmpd_5_(1-Butenyl).sdf,waterset_brd41_ASH106_protein.pdb,5.407249,5.9132504,6.3518686,6.5704274,6.292986,6.127661,6.0412683,5.9298267,5.996033,5.644783,6.0275354
waterset/brd41_ASH106/cmpd 2 (methyl),7.057462983670396,data/fep/waterset/waterset_brd41_ASH106_cmpd_2_(methyl).sdf,,data/fep/waterset/waterset_brd41_ASH106_protein.pdb,cmpd 2 (methyl),-9.59000015258789,-7.550000190734863,0.1599999964237213,waterset/brd41_ASH106,waterset,1120,waterset_brd41_ASH106_cmpd_2_(methyl).sdf,waterset_brd41_ASH106_protein.pdb,5.9006157,5.6677938,5.999082,6.7819924,6.2496333,5.6054845,6.0575595,5.8815436,5.7678814,5.757373,5.9668956
waterset/brd41_ASH106/cmpd 3 (Allyl),5.217665571945142,data/fep/waterset/waterset_brd41_ASH106_cmpd_3_(Allyl).sdf,,data/fep/waterset/waterset_brd41_ASH106_protein.pdb,cmpd 3 (Allyl),-7.090000152587891,-7.710000038146973,0.1700000017881393,waterset/brd41_ASH106,waterset,1121,waterset_brd41_ASH106_cmpd_3_(Allyl).sdf,waterset_brd41_ASH106_protein.pdb,5.433708,5.6343966,6.1184015,6.485348,6.5615654,6.272282,5.982163,5.7677994,5.9441366,5.5001674,5.969997
waterset/brd41_ASH106/cmpd 9 (methoxyethyl),5.31333477066059,data/fep/waterset/waterset_brd41_ASH106_cmpd_9_(methoxyethyl).sdf,,data/fep/waterset/waterset_brd41_ASH106_protein.pdb,cmpd 9 (methoxyethyl),-7.21999979019165,-6.929999828338623,0.1599999964237213,waterset/brd41_ASH106,waterset,1122,waterset_brd41_ASH106_cmpd_9_(methoxyethyl).sdf,waterset_brd41_ASH106_protein.pdb,5.599854,6.3335357,6.39734,7.1542087,6.823572,5.9982147,6.310982,6.743298,6.2553616,6.203938,6.38203
waterset/brd41_ASH106/cmpd 6 (ethyl),6.321544018980295,data/fep/waterset/waterset_brd41_ASH106_cmpd_6_(ethyl).sdf,,data/fep/waterset/waterset_brd41_ASH106_protein.pdb,cmpd 6 (ethyl),-8.59000015258789,-7.849999904632568,0.1800000071525573,waterset/brd41_ASH106,waterset,1123,waterset_brd41_ASH106_cmpd_6_(ethyl).sdf,waterset_brd41_ASH106_protein.pdb,5.646284,5.5722837,5.8340592,6.5719233,6.3705397,5.891628,6.2154427,6.2420154,5.939141,5.723524,6.0006843
waterset/brd41_ASH106/cmpd 8 (n-Butyl),5.637139157233856,data/fep/waterset/waterset_brd41_ASH106_cmpd_8_(n-Butyl).sdf,,data/fep/waterset/waterset_brd41_ASH106_protein.pdb,cmpd 8 (n-Butyl),-7.659999847412109,-8.59000015258789,0.1599999964237213,waterset/brd41_ASH106,waterset,1124,waterset_brd41_ASH106_cmpd_8_(n-Butyl).sdf,waterset_brd41_ASH106_protein.pdb,5.4789076,6.225055,6.4202604,7.3156967,6.5229254,6.057741,6.4804506,6.276546,6.214374,5.5620694,6.2554026
waterset/brd41_ASH106/cmpd 7 (n-propyl),5.1661511180879724,data/fep/waterset/waterset_brd41_ASH106_cmpd_7_(n-propyl).sdf,,data/fep/waterset/waterset_brd41_ASH106_protein.pdb,cmpd 7 (n-propyl),-7.019999980926514,-7.909999847412109,0.1700000017881393,waterset/brd41_ASH106,waterset,1125,waterset_brd41_ASH106_cmpd_7_(n-propyl).sdf,waterset_brd41_ASH106_protein.pdb,5.3549967,5.984977,6.2106752,6.8105254,6.473587,6.083936,6.4769187,6.443794,5.936026,5.6846895,6.1460123
waterset/brd41_ASH106/cmpd 4 (Crotyl),6.358340107580203,data/fep/waterset/waterset_brd41_ASH106_cmpd_4_(Crotyl).sdf,,data/fep/waterset/waterset_brd41_ASH106_protein.pdb,cmpd 4 (Crotyl),-8.640000343322754,-8.390000343322754,0.1700000017881393,waterset/brd41_ASH106,waterset,1126,waterset_brd41_ASH106_cmpd_4_(Crotyl).sdf,waterset_brd41_ASH106_protein.pdb,5.392971,5.7294044,6.421542,7.0923123,6.190117,6.0610003,5.942688,6.073837,5.955518,5.5109134,6.03703
waterset/hsp90_woodhead/4,6.571756579267252,data/fep/waterset/waterset_hsp90_woodhead_4.sdf,,data/fep/waterset/waterset_hsp90_woodhead_protein.pdb,4,-8.930000305175781,-8.800000190734863,0.2000000029802322,waterset/hsp90_woodhead,waterset,1127,waterset_hsp90_woodhead_4.sdf,waterset_hsp90_woodhead_protein.pdb,7.8700266,7.925235,7.958249,7.0691175,7.2793093,6.5754747,6.7426896,8.294732,7.529642,6.9797416,7.422422
waterset/hsp90_woodhead/1,9.360889427369656,data/fep/waterset/waterset_hsp90_woodhead_1.sdf,,data/fep/waterset/waterset_hsp90_woodhead_protein.pdb,1,-12.720000267028809,-13.100000381469728,0.209999993443489,waterset/hsp90_woodhead,waterset,1128,waterset_hsp90_woodhead_1.sdf,waterset_hsp90_woodhead_protein.pdb,6.6246023,6.02119,7.1490674,7.9624686,6.681191,6.5427737,6.270211,6.909942,6.2140307,6.562493,6.693797
waterset/hsp90_woodhead/3,5.946225178549859,data/fep/waterset/waterset_hsp90_woodhead_3.sdf,,data/fep/waterset/waterset_hsp90_woodhead_protein.pdb,3,-8.079999923706055,-7.949999809265137,0.2000000029802322,waterset/hsp90_woodhead,waterset,1129,waterset_hsp90_woodhead_3.sdf,waterset_hsp90_woodhead_protein.pdb,7.111883,7.546495,7.2306004,7.472157,7.270604,6.605166,6.683038,7.705425,7.3544407,6.8878193,7.186763
waterset/hsp90_woodhead/2,7.903769512333207,data/fep/waterset/waterset_hsp90_woodhead_2.sdf,,data/fep/waterset/waterset_hsp90_woodhead_protein.pdb,2,-10.739999771118164,-10.619999885559082,0.2000000029802322,waterset/hsp90_woodhead,waterset,1130,waterset_hsp90_woodhead_2.sdf,waterset_hsp90_woodhead_protein.pdb,5.5982914,5.3085675,6.7753286,6.0591383,5.6860332,5.4765887,6.0760517,6.0124674,6.28061,5.2095075,5.848258
waterset/throm_nozob_hip75/2d pose 2,4.879784290006857,data/fep/waterset/waterset_throm_nozob_hip75_2d_pose_2.sdf,,data/fep/waterset/waterset_throm_nozob_hip75_protein.pdb,2d pose 2,-6.630871772766113,-7.0,0.0900000035762786,waterset/throm_nozob_hip75,waterset,1131,waterset_throm_nozob_hip75_2d_pose_2.sdf,waterset_throm_nozob_hip75_protein.pdb,5.5983047,5.083261,5.8376627,6.57988,5.8163085,5.4848475,6.014972,7.034925,5.6949778,5.087911,5.8233047
waterset/throm_nozob_hip75/2c pose 2,5.361644331451108,data/fep/waterset/waterset_throm_nozob_hip75_2c_pose_2.sdf,,data/fep/waterset/waterset_throm_nozob_hip75_protein.pdb,2c pose 2,-7.285645008087158,-7.300000190734863,0.0900000035762786,waterset/throm_nozob_hip75,waterset,1132,waterset_throm_nozob_hip75_2c_pose_2.sdf,waterset_throm_nozob_hip75_protein.pdb,5.700584,5.2850556,6.1188807,5.762504,6.1737165,5.428443,5.6411514,7.173734,5.829657,5.2020326,5.8315763
waterset/throm_nozob_hip75/7b,5.452648135080479,data/fep/waterset/waterset_throm_nozob_hip75_7b.sdf,,data/fep/waterset/waterset_throm_nozob_hip75_protein.pdb,7b,-7.409305095672607,-6.900000095367432,0.0900000035762786,waterset/throm_nozob_hip75,waterset,1133,waterset_throm_nozob_hip75_7b.sdf,waterset_throm_nozob_hip75_protein.pdb,6.754588,5.9319797,6.707004,6.2030373,7.7225695,5.711343,7.247439,7.8356285,7.167166,6.304419,6.7585173
waterset/throm_nozob_hip75/7c pose 1,5.893599381613517,data/fep/waterset/waterset_throm_nozob_hip75_7c_pose_1.sdf,,data/fep/waterset/waterset_throm_nozob_hip75_protein.pdb,7c pose 1,-8.008489608764648,-7.449999809265137,0.0900000035762786,waterset/throm_nozob_hip75,waterset,1134,waterset_throm_nozob_hip75_7c_pose_1.sdf,waterset_throm_nozob_hip75_protein.pdb,6.259002,5.072482,6.2534637,5.4094734,5.371107,5.3109426,6.103381,5.7756443,5.6550546,4.8874784,5.609803
waterset/throm_nozob_hip75/7f,4.505861734423919,data/fep/waterset/waterset_throm_nozob_hip75_7f.sdf,,data/fep/waterset/waterset_throm_nozob_hip75_protein.pdb,7f,-6.122768878936768,-7.380000114440918,0.0900000035762786,waterset/throm_nozob_hip75,waterset,1135,waterset_throm_nozob_hip75_7f.sdf,waterset_throm_nozob_hip75_protein.pdb,7.614551,6.022445,7.0229125,6.648756,7.631442,5.3099217,7.0455832,6.9833703,6.9256425,7.0782185,6.8282843
waterset/throm_nozob_hip75/2b pose 1,5.361644331451108,data/fep/waterset/waterset_throm_nozob_hip75_2b_pose_1.sdf,,data/fep/waterset/waterset_throm_nozob_hip75_protein.pdb,2b pose 1,-7.285645008087158,-7.539999961853027,0.0900000035762786,waterset/throm_nozob_hip75,waterset,1136,waterset_throm_nozob_hip75_2b_pose_1.sdf,waterset_throm_nozob_hip75_protein.pdb,6.3738766,6.0427155,6.0231385,5.6720986,5.7933087,5.4491277,5.8969913,7.063751,5.9839997,5.105202,5.940421
waterset/throm_nozob_hip75/1a pose 2,5.452648135080479,data/fep/waterset/waterset_throm_nozob_hip75_1a_pose_2.sdf,,data/fep/waterset/waterset_throm_nozob_hip75_protein.pdb,1a pose 2,-7.409305095672607,-6.869999885559082,0.0900000035762786,waterset/throm_nozob_hip75,waterset,1137,waterset_throm_nozob_hip75_1a_pose_2.sdf,waterset_throm_nozob_hip75_protein.pdb,6.184843,5.037499,6.0999346,4.975647,5.4751573,5.1568303,5.375097,7.16079,5.619091,4.9232097,5.60081
waterset/throm_nozob_hip75/7e pose 1,4.1614260899871205,data/fep/waterset/waterset_throm_nozob_hip75_7e_pose_1.sdf,,data/fep/waterset/waterset_throm_nozob_hip75_protein.pdb,7e pose 1,-5.654734134674072,-7.659999847412109,0.0900000035762786,waterset/throm_nozob_hip75,waterset,1138,waterset_throm_nozob_hip75_7e_pose_1.sdf,waterset_throm_nozob_hip75_protein.pdb,7.4464254,5.574507,6.3274183,6.5292406,6.877387,5.1418576,6.3748364,7.5230765,6.068512,6.162928,6.4026184
waterset/throm_nozob_hip75/6a pose 1,7.293573031906265,data/fep/waterset/waterset_throm_nozob_hip75_6a_pose_1.sdf,,data/fep/waterset/waterset_throm_nozob_hip75_protein.pdb,6a pose 1,-9.910837173461914,-9.09000015258789,0.0900000035762786,waterset/throm_nozob_hip75,waterset,1139,waterset_throm_nozob_hip75_6a_pose_1.sdf,waterset_throm_nozob_hip75_protein.pdb,8.518347,6.723044,8.251824,6.9276147,7.744597,7.494363,7.3747253,7.094846,7.032255,6.941193,7.4102807
waterset/throm_nozob_hip75/5,4.999559843053488,data/fep/waterset/waterset_throm_nozob_hip75_5.sdf,,data/fep/waterset/waterset_throm_nozob_hip75_protein.pdb,5,-6.793628215789795,-6.230000019073486,0.0900000035762786,waterset/throm_nozob_hip75,waterset,1140,waterset_throm_nozob_hip75_5.sdf,waterset_throm_nozob_hip75_protein.pdb,5.0668645,5.0152097,6.4581304,4.50747,4.752178,5.4402575,4.9454083,6.196237,5.403927,4.3948946,5.2180576
waterset/throm_nozob_hip75/1c pose 2,6.313901824607631,data/fep/waterset/waterset_throm_nozob_hip75_1c_pose_2.sdf,,data/fep/waterset/waterset_throm_nozob_hip75_protein.pdb,1c pose 2,-8.579615592956543,-8.75,0.0900000035762786,waterset/throm_nozob_hip75,waterset,1141,waterset_throm_nozob_hip75_1c_pose_2.sdf,waterset_throm_nozob_hip75_protein.pdb,6.4087753,5.5521207,7.102448,5.234738,5.954787,6.0688553,5.6753793,7.113995,6.062643,5.969001,6.1142745
waterset/throm_nozob_hip75/2a pose 2,4.869193720341736,data/fep/waterset/waterset_throm_nozob_hip75_2a_pose_2.sdf,,data/fep/waterset/waterset_throm_nozob_hip75_protein.pdb,2a pose 2,-6.616480827331543,-6.909999847412109,0.0900000035762786,waterset/throm_nozob_hip75,waterset,1142,waterset_throm_nozob_hip75_2a_pose_2.sdf,waterset_throm_nozob_hip75_protein.pdb,7.3183994,6.7523704,7.2828803,6.625731,7.0609035,6.4262075,7.2076254,6.2995634,7.4708004,6.661374,6.910586
waterset/throm_nozob_hip75/7a pose 2,5.611134711739032,data/fep/waterset/waterset_throm_nozob_hip75_7a_pose_2.sdf,,data/fep/waterset/waterset_throm_nozob_hip75_protein.pdb,7a pose 2,-7.624663829803467,-7.610000133514404,0.0900000035762786,waterset/throm_nozob_hip75,waterset,1143,waterset_throm_nozob_hip75_7a_pose_2.sdf,waterset_throm_nozob_hip75_protein.pdb,6.7970557,5.6405416,6.0296917,6.250808,5.891642,6.090894,6.8278112,6.9843903,5.6433215,5.4800334,6.163619
waterset/throm_nozob_hip75/3b pose 1,5.33901251567966,data/fep/waterset/waterset_throm_nozob_hip75_3b_pose_1.sdf,,data/fep/waterset/waterset_throm_nozob_hip75_protein.pdb,3b pose 1,-7.254891872406006,-7.420000076293945,0.0900000035762786,waterset/throm_nozob_hip75,waterset,1144,waterset_throm_nozob_hip75_3b_pose_1.sdf,waterset_throm_nozob_hip75_protein.pdb,6.2221937,5.46629,6.6631775,5.437358,5.749124,5.4245315,6.056847,6.972025,5.8827996,5.5663075,5.9440656
waterset/throm_nozob_hip75/6d pose 2,6.426712095438126,data/fep/waterset/waterset_throm_nozob_hip75_6d_pose_2.sdf,,data/fep/waterset/waterset_throm_nozob_hip75_protein.pdb,6d pose 2,-8.73290729522705,-9.65999984741211,0.0900000035762786,waterset/throm_nozob_hip75,waterset,1145,waterset_throm_nozob_hip75_6d_pose_2.sdf,waterset_throm_nozob_hip75_protein.pdb,7.3037667,4.4804587,6.197985,5.310796,6.7542796,5.5989885,5.3010874,7.023089,5.546074,6.3395734,5.98561
waterset/throm_nozob_hip75/6c pose 1,6.633873182935299,data/fep/waterset/waterset_throm_nozob_hip75_6c_pose_1.sdf,,data/fep/waterset/waterset_throm_nozob_hip75_protein.pdb,6c pose 1,-9.01440715789795,-8.869999885559082,0.0900000035762786,waterset/throm_nozob_hip75,waterset,1146,waterset_throm_nozob_hip75_6c_pose_1.sdf,waterset_throm_nozob_hip75_protein.pdb,6.712851,6.345567,5.9894648,5.914744,6.755714,5.7308316,7.086182,7.1676064,6.687645,5.417856,6.3808465
waterset/throm_nozob_hip75/3a xtal pose,5.975981942183488,data/fep/waterset/waterset_throm_nozob_hip75_3a_xtal_pose.sdf,,data/fep/waterset/waterset_throm_nozob_hip75_protein.pdb,3a xtal pose,-8.120434761047363,-7.96999979019165,0.0900000035762786,waterset/throm_nozob_hip75,waterset,1147,waterset_throm_nozob_hip75_3a_xtal_pose.sdf,waterset_throm_nozob_hip75_protein.pdb,5.6922865,5.3562055,6.5689044,5.4711194,5.035321,5.6729283,5.3753543,7.0949044,5.3761272,5.152073,5.6795225
waterset/throm_nozob_hip75/1b pose 2,6.81171334137552,data/fep/waterset/waterset_throm_nozob_hip75_1b_pose_2.sdf,,data/fep/waterset/waterset_throm_nozob_hip75_protein.pdb,1b pose 2,-9.256064414978027,-8.010000228881836,0.0900000035762786,waterset/throm_nozob_hip75,waterset,1148,waterset_throm_nozob_hip75_1b_pose_2.sdf,waterset_throm_nozob_hip75_protein.pdb,6.796402,5.195319,6.7591004,5.192143,5.802027,5.50951,6.522656,7.20384,5.775358,5.2817655,6.003812
waterset/throm_nozob_hip75/6b pose 2,6.650425773097783,data/fep/waterset/waterset_throm_nozob_hip75_6b_pose_2.sdf,,data/fep/waterset/waterset_throm_nozob_hip75_protein.pdb,6b pose 2,-9.03689956665039,-8.34000015258789,0.0900000035762786,waterset/throm_nozob_hip75,waterset,1149,waterset_throm_nozob_hip75_6b_pose_2.sdf,waterset_throm_nozob_hip75_protein.pdb,6.94581,4.6939654,6.119069,5.7911925,6.693281,6.4791837,6.056928,7.1021385,6.1006966,5.6176395,6.159991
waterset/throm_nozob_hip75/6e pose 1,6.363608722986172,data/fep/waterset/waterset_throm_nozob_hip75_6e_pose_1.sdf,,data/fep/waterset/waterset_throm_nozob_hip75_protein.pdb,6e pose 1,-8.647159576416016,-8.220000267028809,0.0900000035762786,waterset/throm_nozob_hip75,waterset,1150,waterset_throm_nozob_hip75_6e_pose_1.sdf,waterset_throm_nozob_hip75_protein.pdb,7.8214025,5.779547,7.431742,5.964252,6.815213,6.330795,6.86574,6.891006,6.857471,5.9293036,6.668647
waterset/throm_nozob_hip75/1d pose 2,6.329852949017761,data/fep/waterset/waterset_throm_nozob_hip75_1d_pose_2.sdf,,data/fep/waterset/waterset_throm_nozob_hip75_protein.pdb,1d pose 2,-8.601290702819824,-8.8100004196167,0.0900000035762786,waterset/throm_nozob_hip75,waterset,1151,waterset_throm_nozob_hip75_1d_pose_2.sdf,waterset_throm_nozob_hip75_protein.pdb,6.473229,5.7021475,5.8156505,5.558353,5.547624,5.73839,5.9132347,7.287748,7.296646,6.0275254,6.136055
waterset/taf12/cmpd 5 (1-Butenyl),7.359189646901015,data/fep/waterset/waterset_taf12_cmpd_5_(1-Butenyl).sdf,,data/fep/waterset/waterset_taf12_protein.pdb,cmpd 5 (1-Butenyl),-10.0,-9.59000015258789,0.1599999964237213,waterset/taf12,waterset,1152,waterset_taf12_cmpd_5_(1-Butenyl).sdf,waterset_taf12_protein.pdb,6.569196,6.13122,6.6671705,7.0807824,6.6020346,6.0558915,6.5638556,6.583394,6.6888165,6.340274,6.528263
waterset/taf12/cmpd 2 (methyl),7.256160739186676,data/fep/waterset/waterset_taf12_cmpd_2_(methyl).sdf,,data/fep/waterset/waterset_taf12_protein.pdb,cmpd 2 (methyl),-9.859999656677246,-9.449999809265137,0.1500000059604644,waterset/taf12,waterset,1153,waterset_taf12_cmpd_2_(methyl).sdf,waterset_taf12_protein.pdb,6.339498,6.348819,6.2175727,5.926213,6.5154405,5.5187774,6.4510374,6.232796,6.414679,6.401085,6.236592
waterset/taf12/cmpd 3 (Allyl),6.137564277807769,data/fep/waterset/waterset_taf12_cmpd_3_(Allyl).sdf,,data/fep/waterset/waterset_taf12_protein.pdb,cmpd 3 (Allyl),-8.34000015258789,-8.670000076293945,0.1599999964237213,waterset/taf12,waterset,1154,waterset_taf12_cmpd_3_(Allyl).sdf,waterset_taf12_protein.pdb,6.2193456,6.104062,6.281258,6.704363,6.5796523,6.089029,6.715791,6.1883473,6.4555807,6.2708483,6.3608274
waterset/taf12/cmpd 9 (methoxyethyl),5.659216880576502,data/fep/waterset/waterset_taf12_cmpd_9_(methoxyethyl).sdf,,data/fep/waterset/waterset_taf12_protein.pdb,cmpd 9 (methoxyethyl),-7.690000057220459,-7.610000133514404,0.1599999964237213,waterset/taf12,waterset,1155,waterset_taf12_cmpd_9_(methoxyethyl).sdf,waterset_taf12_protein.pdb,7.4252853,7.2817283,6.9438777,7.181343,6.7682023,6.2207236,6.7971644,6.1747737,6.751523,6.669901,6.821452
waterset/taf12/cmpd 6 (ethyl),6.277388572295002,data/fep/waterset/waterset_taf12_cmpd_6_(ethyl).sdf,,data/fep/waterset/waterset_taf12_protein.pdb,cmpd 6 (ethyl),-8.529999732971191,-8.819999694824219,0.1599999964237213,waterset/taf12,waterset,1156,waterset_taf12_cmpd_6_(ethyl).sdf,waterset_taf12_protein.pdb,6.650239,6.354223,6.1351056,6.6854486,6.543999,5.950522,6.5247226,6.3436284,6.6625533,6.5788474,6.4429293
waterset/taf12/cmpd 8 (n-Butyl),6.093408831122477,data/fep/waterset/waterset_taf12_cmpd_8_(n-Butyl).sdf,,data/fep/waterset/waterset_taf12_protein.pdb,cmpd 8 (n-Butyl),-8.279999732971191,-8.680000305175781,0.1599999964237213,waterset/taf12,waterset,1157,waterset_taf12_cmpd_8_(n-Butyl).sdf,waterset_taf12_protein.pdb,7.3988886,6.771828,6.3085146,7.0824122,6.717452,6.6288886,6.8795366,6.5050864,6.911815,7.3687077,6.8573127
waterset/taf12/cmpd 7 (n-propyl),5.975661909064383,data/fep/waterset/waterset_taf12_cmpd_7_(n-propyl).sdf,,data/fep/waterset/waterset_taf12_protein.pdb,cmpd 7 (n-propyl),-8.119999885559082,-8.369999885559082,0.1599999964237213,waterset/taf12,waterset,1158,waterset_taf12_cmpd_7_(n-propyl).sdf,waterset_taf12_protein.pdb,6.630882,6.4988966,6.2021837,6.8799357,6.725874,6.2366924,6.5915136,6.408949,6.6607366,6.90039,6.573606
waterset/taf12/cmpd 4 (Crotyl),6.409854210523865,data/fep/waterset/waterset_taf12_cmpd_4_(Crotyl).sdf,,data/fep/waterset/waterset_taf12_protein.pdb,cmpd 4 (Crotyl),-8.710000038146973,-8.329999923706055,0.1599999964237213,waterset/taf12,waterset,1159,waterset_taf12_cmpd_4_(Crotyl).sdf,waterset_taf12_protein.pdb,6.719992,6.146658,6.7446046,6.4530516,6.6647315,5.934951,6.6535797,6.5315647,6.8430247,6.643317,6.5335474
waterset/chk1/21 (Xtal),9.617452820320608,data/fep/waterset/waterset_chk1_21_(Xtal).sdf,,data/fep/waterset/waterset_chk1_protein.pdb,21 (Xtal),-13.06863021850586,-13.100000381469728,0.2399999946355819,waterset/chk1,waterset,1160,waterset_chk1_21_(Xtal).sdf,waterset_chk1_protein.pdb,8.834006,9.094246,8.765647,8.363938,8.416845,8.964464,8.145453,8.742199,8.558914,8.598674,8.648438
waterset/chk1/22,9.617452820320608,data/fep/waterset/waterset_chk1_22.sdf,,data/fep/waterset/waterset_chk1_protein.pdb,22,-13.06863021850586,-12.640000343322754,0.3499999940395355,waterset/chk1,waterset,1161,waterset_chk1_22.sdf,waterset_chk1_protein.pdb,8.585554,9.378333,8.760609,8.614267,8.734063,8.888725,8.264105,8.465821,8.538452,8.268478,8.64984
waterset/chk1/24 pose 2,9.697425306919072,data/fep/waterset/waterset_chk1_24_pose_2.sdf,,data/fep/waterset/waterset_chk1_protein.pdb,24 pose 2,-13.177300453186035,-11.510000228881836,0.2800000011920929,waterset/chk1,waterset,1162,waterset_chk1_24_pose_2.sdf,waterset_chk1_protein.pdb,6.7884016,7.708608,7.37154,8.022277,6.356495,8.628624,6.251332,8.234578,6.766249,7.271859,7.3399963
waterset/chk1/14 docked,7.999483277064144,data/fep/waterset/waterset_chk1_14_docked.sdf,,data/fep/waterset/waterset_chk1_protein.pdb,14 docked,-10.870059967041016,-11.229999542236328,0.3799999952316284,waterset/chk1,waterset,1163,waterset_chk1_14_docked.sdf,waterset_chk1_protein.pdb,7.4508915,7.7874207,8.429301,8.395435,8.595124,7.7229595,7.810118,8.534614,7.8030157,8.2077675,8.073665
waterset/chk1/18 docked,7.0277167474420015,data/fep/waterset/waterset_chk1_18_docked.sdf,,data/fep/waterset/waterset_chk1_protein.pdb,18 docked,-9.549579620361328,-10.270000457763672,0.3199999928474426,waterset/chk1,waterset,1164,waterset_chk1_18_docked.sdf,waterset_chk1_protein.pdb,8.142107,7.803989,8.796442,8.015467,8.083856,7.3269286,7.721402,8.653935,7.8774877,8.290394,8.0712
waterset/chk1/13 docked,7.300944321050912,data/fep/waterset/waterset_chk1_13_docked.sdf,,data/fep/waterset/waterset_chk1_protein.pdb,13 docked,-9.920853614807127,-11.5,0.25,waterset/chk1,waterset,1165,waterset_chk1_13_docked.sdf,waterset_chk1_protein.pdb,8.001651,8.3334055,8.774983,8.014399,7.704326,7.448871,8.094246,8.139067,8.154696,8.030442,8.069609
waterset/chk1/20,7.419755914691645,data/fep/waterset/waterset_chk1_20.sdf,,data/fep/waterset/waterset_chk1_protein.pdb,20,-10.082300186157228,-9.229999542236328,0.2800000011920929,waterset/chk1,waterset,1166,waterset_chk1_20.sdf,waterset_chk1_protein.pdb,7.309899,6.692303,7.753291,8.206991,7.583557,6.8026233,7.1041603,7.5207543,7.5495777,6.486528,7.300969
waterset/chk1/12 docked,6.338051692213781,data/fep/waterset/waterset_chk1_12_docked.sdf,,data/fep/waterset/waterset_chk1_protein.pdb,12 docked,-8.612431526184082,-8.479999542236328,0.25,waterset/chk1,waterset,1167,waterset_chk1_12_docked.sdf,waterset_chk1_protein.pdb,8.0025,7.8816876,8.700894,8.358989,7.8737593,7.5423956,7.6252284,8.586839,7.901411,7.8997526,8.037346
waterset/chk1/16 docked,8.67028813490265,data/fep/waterset/waterset_chk1_16_docked.sdf,,data/fep/waterset/waterset_chk1_protein.pdb,16 docked,-11.781579971313477,-12.06999969482422,0.3100000023841858,waterset/chk1,waterset,1168,waterset_chk1_16_docked.sdf,waterset_chk1_protein.pdb,8.068457,8.326127,9.047273,7.7521772,8.171039,8.255566,7.9699764,8.546573,8.31971,8.159361,8.261625
waterset/chk1/19,7.542698462146085,data/fep/waterset/waterset_chk1_19.sdf,,data/fep/waterset/waterset_chk1_protein.pdb,19,-10.249360084533691,-9.59000015258789,0.3199999928474426,waterset/chk1,waterset,1169,waterset_chk1_19.sdf,waterset_chk1_protein.pdb,7.746627,7.9936852,8.913072,7.4992666,7.723803,8.09787,7.64505,8.447693,8.112782,7.9922166,8.017207
waterset/chk1/17 torsion adjust,7.597590458515739,data/fep/waterset/waterset_chk1_17_torsion_adjust.sdf,,data/fep/waterset/waterset_chk1_protein.pdb,17 torsion adjust,-10.323949813842772,-10.18000030517578,0.25,waterset/chk1,waterset,1170,waterset_chk1_17_torsion_adjust.sdf,waterset_chk1_protein.pdb,8.573897,7.8758674,8.654226,7.794872,8.972114,9.114525,8.343836,8.576481,8.070603,8.264132,8.424055
waterset/chk1/15 docked,7.391444914710115,data/fep/waterset/waterset_chk1_15_docked.sdf,,data/fep/waterset/waterset_chk1_protein.pdb,15 docked,-10.043829917907717,-9.109999656677246,0.25,waterset/chk1,waterset,1171,waterset_chk1_15_docked.sdf,waterset_chk1_protein.pdb,7.094339,7.822576,8.182832,8.359015,8.11788,7.8971753,7.526537,8.495844,7.739796,8.250469,7.9486465
waterset/chk1/11 docked,8.079455763662608,data/fep/waterset/waterset_chk1_11_docked.sdf,,data/fep/waterset/waterset_chk1_protein.pdb,11 docked,-10.978730201721191,-12.8100004196167,0.3799999952316284,waterset/chk1,waterset,1172,waterset_chk1_11_docked.sdf,waterset_chk1_protein.pdb,8.440215,8.936444,9.037214,8.617682,8.507772,7.729177,8.192858,8.767865,8.655277,8.373556,8.525806
waterset/hsp90_kung/cmpd 16,7.602042849102589,data/fep/waterset/waterset_hsp90_kung_cmpd_16.sdf,,data/fep/waterset/waterset_hsp90_kung_protein.pdb,cmpd 16,-10.329999923706056,-10.100000381469728,0.1400000005960464,waterset/hsp90_kung,waterset,1173,waterset_hsp90_kung_cmpd_16.sdf,waterset_hsp90_kung_protein.pdb,6.4079537,6.3351502,8.11404,7.4098754,7.216995,6.934651,7.4929943,6.4806304,6.939802,7.8154902,7.1147585
waterset/hsp90_kung/cmpd 9,5.828478256491765,data/fep/waterset/waterset_hsp90_kung_cmpd_9.sdf,,data/fep/waterset/waterset_hsp90_kung_protein.pdb,cmpd 9,-7.920000076293945,-8.3100004196167,0.1400000005960464,waterset/hsp90_kung,waterset,1174,waterset_hsp90_kung_cmpd_9.sdf,waterset_hsp90_kung_protein.pdb,6.234807,6.6836395,7.467248,6.867792,6.537105,6.955053,6.2949004,7.051792,7.0351954,7.4110484,6.8538575
waterset/hsp90_kung/cmpd 13,7.469577210873723,data/fep/waterset/waterset_hsp90_kung_cmpd_13.sdf,,data/fep/waterset/waterset_hsp90_kung_protein.pdb,cmpd 13,-10.149999618530272,-11.4399995803833,0.1500000059604644,waterset/hsp90_kung,waterset,1175,waterset_hsp90_kung_cmpd_13.sdf,waterset_hsp90_kung_protein.pdb,6.100115,6.661683,7.7523046,7.180184,7.097551,7.013971,7.451931,6.300103,6.6238346,7.7647696,6.994644
waterset/hsp90_kung/cmpd 14,5.754886430205457,data/fep/waterset/waterset_hsp90_kung_cmpd_14.sdf,,data/fep/waterset/waterset_hsp90_kung_protein.pdb,cmpd 14,-7.820000171661377,-7.349999904632568,0.1500000059604644,waterset/hsp90_kung,waterset,1176,waterset_hsp90_kung_cmpd_14.sdf,waterset_hsp90_kung_protein.pdb,6.39143,6.315359,7.5039244,7.0176306,6.962547,6.3267236,6.2796183,7.7042537,7.08864,7.3514543,6.8941584
waterset/hsp90_kung/cmpd 15,7.07218099801415,data/fep/waterset/waterset_hsp90_kung_cmpd_15.sdf,,data/fep/waterset/waterset_hsp90_kung_protein.pdb,cmpd 15,-9.609999656677246,-9.43000030517578,0.1400000005960464,waterset/hsp90_kung,waterset,1177,waterset_hsp90_kung_cmpd_15.sdf,waterset_hsp90_kung_protein.pdb,6.2078657,5.7697244,8.100161,6.6740665,6.552996,6.3141384,6.1662064,6.7379813,7.1966186,7.490219,6.720998
waterset/hsp90_kung/cmpd 7,6.924997345441533,data/fep/waterset/waterset_hsp90_kung_cmpd_7.sdf,,data/fep/waterset/waterset_hsp90_kung_protein.pdb,cmpd 7,-9.40999984741211,-7.070000171661377,0.1500000059604644,waterset/hsp90_kung,waterset,1178,waterset_hsp90_kung_cmpd_7.sdf,waterset_hsp90_kung_protein.pdb,5.0253253,6.267279,7.101105,7.6857543,7.032508,6.8571205,6.013466,5.6910863,6.704175,6.0323625,6.441018
waterset/hsp90_kung/cmpd 17,7.903769512333207,data/fep/waterset/waterset_hsp90_kung_cmpd_17.sdf,,data/fep/waterset/waterset_hsp90_kung_protein.pdb,cmpd 17,-10.739999771118164,-11.1899995803833,0.1400000005960464,waterset/hsp90_kung,waterset,1179,waterset_hsp90_kung_cmpd_17.sdf,waterset_hsp90_kung_protein.pdb,6.590388,6.4854217,8.046191,7.3434114,7.1743026,7.264402,7.2553134,7.173751,6.3300357,7.422393,7.108561
waterset/hsp90_kung/cmpd 11,6.763094976698146,data/fep/waterset/waterset_hsp90_kung_cmpd_11.sdf,,data/fep/waterset/waterset_hsp90_kung_protein.pdb,cmpd 11,-9.1899995803833,-9.670000076293944,0.1500000059604644,waterset/hsp90_kung,waterset,1180,waterset_hsp90_kung_cmpd_11.sdf,waterset_hsp90_kung_protein.pdb,6.7636538,6.4359894,7.642445,7.661164,6.8017726,6.9293885,7.096223,6.55215,7.1134505,7.733622,7.0729856
waterset/hsp90_kung/cmpd 12,6.763094976698146,data/fep/waterset/waterset_hsp90_kung_cmpd_12.sdf,,data/fep/waterset/waterset_hsp90_kung_protein.pdb,cmpd 12,-9.1899995803833,-10.529999732971191,0.1400000005960464,waterset/hsp90_kung,waterset,1181,waterset_hsp90_kung_cmpd_12.sdf,waterset_hsp90_kung_protein.pdb,6.2593336,6.073858,7.7759967,7.3788266,6.563704,6.78169,7.1881695,6.2324963,7.3864655,7.486781,6.912732
waterset/hsp90_kung/cmpd 10,6.763094976698146,data/fep/waterset/waterset_hsp90_kung_cmpd_10.sdf,,data/fep/waterset/waterset_hsp90_kung_protein.pdb,cmpd 10,-9.1899995803833,-10.300000190734863,0.1500000059604644,waterset/hsp90_kung,waterset,1182,waterset_hsp90_kung_cmpd_10.sdf,waterset_hsp90_kung_protein.pdb,5.9172244,6.028497,6.8101583,6.7457275,5.839031,6.6061716,5.876288,6.418467,6.117979,5.9268627,6.2286415
waterset/hsp90_kung/cmpd 8,5.048404196029879,data/fep/waterset/waterset_hsp90_kung_cmpd_8.sdf,,data/fep/waterset/waterset_hsp90_kung_protein.pdb,cmpd 8,-6.860000133514404,-5.039999961853027,0.1500000059604644,waterset/hsp90_kung,waterset,1183,waterset_hsp90_kung_cmpd_8.sdf,waterset_hsp90_kung_protein.pdb,4.974102,6.410211,7.0056357,7.063876,6.3905187,5.496801,5.664702,6.004318,6.4686255,6.213827,6.169262
