unique_id,pK,sdf_file,mol2_file,pdb_file,Ligand name,Exp. dG (kcal/mol),Pred. dG (kcal/mol),Pred. dG std. error (kcal/mol),group_id,group_abbreviation,graph_id,new_sdf_file,new_protein_file,preds_0,preds_1,preds_2,preds_3,preds_4,preds_5,preds_6,preds_7,preds_8,preds_9,preds
bayer_macrocycles/wagner_brd4/61a,8.831027576281219,data/fep/bayer_macrocycles/bayer_macrocycles_wagner_brd4_61a.sdf,,data/fep/bayer_macrocycles/bayer_macrocycles_wagner_brd4_protein.pdb,61a,-12.0,-12.100000381469728,0.2899999916553497,bayer_macrocycles/wagner_brd4,bayer_macrocycles,0,bayer_macrocycles_wagner_brd4_61a.sdf,bayer_macrocycles_wagner_brd4_protein.pdb,8.680661,8.45327,8.465238,8.33759,8.367147,8.811938,8.679211,8.551338,8.608667,8.307831,8.526289
bayer_macrocycles/wagner_brd4/25e,8.31588444136355,data/fep/bayer_macrocycles/bayer_macrocycles_wagner_brd4_25e.sdf,,data/fep/bayer_macrocycles/bayer_macrocycles_wagner_brd4_protein.pdb,25e,-11.300000190734863,-10.550000190734863,0.2899999916553497,bayer_macrocycles/wagner_brd4,bayer_macrocycles,1,bayer_macrocycles_wagner_brd4_25e.sdf,bayer_macrocycles_wagner_brd4_protein.pdb,7.633322,7.642574,7.6933417,7.509468,7.72314,7.6292095,8.026655,7.7361665,7.805541,7.684824,7.7084246
bayer_macrocycles/wagner_brd4/11,6.03453537009343,data/fep/bayer_macrocycles/bayer_macrocycles_wagner_brd4_11.sdf,,data/fep/bayer_macrocycles/bayer_macrocycles_wagner_brd4_protein.pdb,11,-8.199999809265137,-8.850000381469727,0.2899999916553497,bayer_macrocycles/wagner_brd4,bayer_macrocycles,2,bayer_macrocycles_wagner_brd4_11.sdf,bayer_macrocycles_wagner_brd4_protein.pdb,5.669846,5.377613,5.5887256,5.278291,5.8213167,5.5475726,6.0878534,5.3584704,5.5759573,5.141737,5.544739
"bayer_macrocycles/ftase_extraligs_custcore_stereo/lig 2, deprot",9.132754239511838,"data/fep/bayer_macrocycles/bayer_macrocycles_ftase_extraligs_custcore_stereo_lig_2,_deprot.sdf",,data/fep/bayer_macrocycles/bayer_macrocycles_ftase_extraligs_custcore_stereo_protein.pdb,"lig 2, deprot",-12.40999984741211,-12.640000343322754,0.3899999856948852,bayer_macrocycles/ftase_extraligs_custcore_stereo,bayer_macrocycles,3,"bayer_macrocycles_ftase_extraligs_custcore_stereo_lig_2,_deprot.sdf",bayer_macrocycles_ftase_extraligs_custcore_stereo_protein.pdb,8.472699,8.656511,8.586982,8.610616,8.687395,8.935829,9.0972185,8.268128,8.899132,8.95558,8.71701
"bayer_macrocycles/ftase_extraligs_custcore_stereo/lig 66, deprot",9.044444047968268,"data/fep/bayer_macrocycles/bayer_macrocycles_ftase_extraligs_custcore_stereo_lig_66,_deprot.sdf",,data/fep/bayer_macrocycles/bayer_macrocycles_ftase_extraligs_custcore_stereo_protein.pdb,"lig 66, deprot",-12.289999961853027,-12.029999732971191,0.3700000047683716,bayer_macrocycles/ftase_extraligs_custcore_stereo,bayer_macrocycles,4,"bayer_macrocycles_ftase_extraligs_custcore_stereo_lig_66,_deprot.sdf",bayer_macrocycles_ftase_extraligs_custcore_stereo_protein.pdb,8.632138,8.634595,8.655089,8.731941,8.820077,8.76634,8.663372,8.598546,9.008315,8.770506,8.728092
"bayer_macrocycles/ftase_extraligs_custcore_stereo/lig 68, deprot",8.911978409739405,"data/fep/bayer_macrocycles/bayer_macrocycles_ftase_extraligs_custcore_stereo_lig_68,_deprot.sdf",,data/fep/bayer_macrocycles/bayer_macrocycles_ftase_extraligs_custcore_stereo_protein.pdb,"lig 68, deprot",-12.109999656677246,-11.40999984741211,0.4099999964237213,bayer_macrocycles/ftase_extraligs_custcore_stereo,bayer_macrocycles,5,"bayer_macrocycles_ftase_extraligs_custcore_stereo_lig_68,_deprot.sdf",bayer_macrocycles_ftase_extraligs_custcore_stereo_protein.pdb,8.592109,8.502212,8.107838,8.249943,8.645778,8.666499,8.604668,8.3788395,8.849813,8.465058,8.506276
bayer_macrocycles/ftase_extraligs_custcore_stereo/lig 51 stereo,8.38947591673635,data/fep/bayer_macrocycles/bayer_macrocycles_ftase_extraligs_custcore_stereo_lig_51_stereo.sdf,,data/fep/bayer_macrocycles/bayer_macrocycles_ftase_extraligs_custcore_stereo_protein.pdb,lig 51 stereo,-11.399999618530272,-11.989999771118164,0.3899999856948852,bayer_macrocycles/ftase_extraligs_custcore_stereo,bayer_macrocycles,6,bayer_macrocycles_ftase_extraligs_custcore_stereo_lig_51_stereo.sdf,bayer_macrocycles_ftase_extraligs_custcore_stereo_protein.pdb,8.264655,7.5528765,7.726118,8.010224,8.01912,8.256771,7.996675,7.8492575,8.58566,7.8156285,8.007699
bayer_macrocycles/ftase_extraligs_custcore_stereo/lig 49 stereo,8.536660271135986,data/fep/bayer_macrocycles/bayer_macrocycles_ftase_extraligs_custcore_stereo_lig_49_stereo.sdf,,data/fep/bayer_macrocycles/bayer_macrocycles_ftase_extraligs_custcore_stereo_protein.pdb,lig 49 stereo,-11.600000381469728,-11.75,0.3700000047683716,bayer_macrocycles/ftase_extraligs_custcore_stereo,bayer_macrocycles,7,bayer_macrocycles_ftase_extraligs_custcore_stereo_lig_49_stereo.sdf,bayer_macrocycles_ftase_extraligs_custcore_stereo_protein.pdb,8.235014,7.3285036,7.7619386,8.113877,8.072949,8.286554,8.035216,7.919602,8.585336,7.586922,7.992591
jacs_set/ptp1b/23477,6.5128831182382045,data/fep/jacs_set/jacs_set_ptp1b_23477.sdf,,data/fep/jacs_set/jacs_set_ptp1b_protein.pdb,23477,-8.850000381469727,-8.770000457763672,0.1199999973177909,jacs_set/ptp1b,jacs_set,8,jacs_set_ptp1b_23477.sdf,jacs_set_ptp1b_protein.pdb,6.2086267,6.3119154,6.3241262,7.0051913,6.4175134,6.4616323,5.8571863,6.671814,6.7476435,6.382403,6.4388056
jacs_set/ptp1b/23484,5.703371976348287,data/fep/jacs_set/jacs_set_ptp1b_23484.sdf,,data/fep/jacs_set/jacs_set_ptp1b_protein.pdb,23484,-7.75,-8.020000457763672,0.1500000059604644,jacs_set/ptp1b,jacs_set,9,jacs_set_ptp1b_23484.sdf,jacs_set_ptp1b_protein.pdb,6.6002007,6.7431006,6.5711026,6.3871512,6.8032284,6.5547547,6.8019004,6.811066,7.2590175,6.659301,6.719082
jacs_set/ptp1b/23467,5.401645313117668,data/fep/jacs_set/jacs_set_ptp1b_23467.sdf,,data/fep/jacs_set/jacs_set_ptp1b_protein.pdb,23467,-7.340000152587891,-7.239999771118164,0.1199999973177909,jacs_set/ptp1b,jacs_set,10,jacs_set_ptp1b_23467.sdf,jacs_set_ptp1b_protein.pdb,5.638937,5.9066653,5.9657297,5.6538625,5.993748,5.630878,5.6719804,5.9586906,5.770764,5.7619658,5.7953224
jacs_set/ptp1b/20667,8.404194632907119,data/fep/jacs_set/jacs_set_ptp1b_20667.sdf,,data/fep/jacs_set/jacs_set_ptp1b_protein.pdb,20667,-11.420000076293944,-10.539999961853027,0.1599999964237213,jacs_set/ptp1b,jacs_set,11,jacs_set_ptp1b_20667.sdf,jacs_set_ptp1b_protein.pdb,7.663157,7.835933,7.7203703,7.603707,7.5734267,7.644132,7.766259,7.9113655,7.7582064,7.7175336,7.719409
jacs_set/ptp1b/23469,5.681294253005641,data/fep/jacs_set/jacs_set_ptp1b_23469.sdf,,data/fep/jacs_set/jacs_set_ptp1b_protein.pdb,23469,-7.71999979019165,-8.029999732971191,0.1199999973177909,jacs_set/ptp1b,jacs_set,12,jacs_set_ptp1b_23469.sdf,jacs_set_ptp1b_protein.pdb,5.991026,5.8429904,6.1690054,6.0672283,5.8942423,6.073963,5.9531803,5.956686,6.406409,5.9963365,6.0351076
jacs_set/ptp1b/23483,7.26352009727206,data/fep/jacs_set/jacs_set_ptp1b_23483.sdf,,data/fep/jacs_set/jacs_set_ptp1b_protein.pdb,23483,-9.869999885559082,-9.859999656677246,0.1400000005960464,jacs_set/ptp1b,jacs_set,13,jacs_set_ptp1b_23483.sdf,jacs_set_ptp1b_protein.pdb,6.8330803,7.0897336,7.1462727,7.0210905,6.856974,6.9020066,6.78433,7.0656266,7.0152864,6.7564864,6.9470887
jacs_set/ptp1b/23480,6.41721356860925,data/fep/jacs_set/jacs_set_ptp1b_23480.sdf,,data/fep/jacs_set/jacs_set_ptp1b_protein.pdb,23480,-8.720000267028809,-9.15999984741211,0.1199999973177909,jacs_set/ptp1b,jacs_set,14,jacs_set_ptp1b_23480.sdf,jacs_set_ptp1b_protein.pdb,7.2013392,7.0021396,6.8136363,7.507193,6.630452,6.721968,6.8257513,6.7214003,7.2353888,7.1763654,6.983564
jacs_set/ptp1b/23474,6.7042215156691,data/fep/jacs_set/jacs_set_ptp1b_23474.sdf,,data/fep/jacs_set/jacs_set_ptp1b_protein.pdb,23474,-9.109999656677246,-8.869999885559082,0.1199999973177909,jacs_set/ptp1b,jacs_set,15,jacs_set_ptp1b_23474.sdf,jacs_set_ptp1b_protein.pdb,6.6511354,6.5055094,6.7392373,6.9841027,6.4981866,6.89323,6.993599,7.2051735,7.1557503,6.655708,6.828163
jacs_set/ptp1b/23473,6.174360366407678,data/fep/jacs_set/jacs_set_ptp1b_23473.sdf,,data/fep/jacs_set/jacs_set_ptp1b_protein.pdb,23473,-8.390000343322754,-9.300000190734863,0.1199999973177909,jacs_set/ptp1b,jacs_set,16,jacs_set_ptp1b_23473.sdf,jacs_set_ptp1b_protein.pdb,6.2415957,6.0509725,5.9873304,5.358362,5.8559456,5.5770144,5.8575854,6.011858,5.824746,5.663727,5.8429136
jacs_set/ptp1b/23471,5.703371976348287,data/fep/jacs_set/jacs_set_ptp1b_23471.sdf,,data/fep/jacs_set/jacs_set_ptp1b_protein.pdb,23471,-7.75,-8.020000457763672,0.1199999973177909,jacs_set/ptp1b,jacs_set,17,jacs_set_ptp1b_23471.sdf,jacs_set_ptp1b_protein.pdb,5.9175177,6.120181,6.30514,6.2890234,6.0451236,6.07021,5.9522367,6.2203507,6.531362,6.792934,6.224408
jacs_set/ptp1b/20669,6.336262033324049,data/fep/jacs_set/jacs_set_ptp1b_20669.sdf,,data/fep/jacs_set/jacs_set_ptp1b_protein.pdb,20669,-8.609999656677246,-8.640000343322754,0.1199999973177909,jacs_set/ptp1b,jacs_set,18,jacs_set_ptp1b_20669.sdf,jacs_set_ptp1b_protein.pdb,5.51272,5.941262,6.167062,6.0046673,6.2317867,5.9882593,6.2358747,6.0402055,6.588498,5.8150244,6.052536
jacs_set/ptp1b/23476,6.924997345441533,data/fep/jacs_set/jacs_set_ptp1b_23476.sdf,,data/fep/jacs_set/jacs_set_ptp1b_protein.pdb,23476,-9.40999984741211,-10.020000457763672,0.1199999973177909,jacs_set/ptp1b,jacs_set,19,jacs_set_ptp1b_23476.sdf,jacs_set_ptp1b_protein.pdb,6.601603,6.5945234,6.7970853,6.8866806,6.6409035,6.746406,6.592768,6.9319916,7.141707,6.3873386,6.7321014
jacs_set/ptp1b/23466,5.776963802634596,data/fep/jacs_set/jacs_set_ptp1b_23466.sdf,,data/fep/jacs_set/jacs_set_ptp1b_protein.pdb,23466,-7.849999904632568,-7.190000057220459,0.1199999973177909,jacs_set/ptp1b,jacs_set,20,jacs_set_ptp1b_23466.sdf,jacs_set_ptp1b_protein.pdb,5.6390996,6.261887,6.057269,6.2425985,6.2143455,5.7236834,5.9219704,5.9633913,6.592037,6.0844626,6.0700746
jacs_set/ptp1b/23472,6.365698763838572,data/fep/jacs_set/jacs_set_ptp1b_23472.sdf,,data/fep/jacs_set/jacs_set_ptp1b_protein.pdb,23472,-8.649999618530273,-9.300000190734863,0.25,jacs_set/ptp1b,jacs_set,21,jacs_set_ptp1b_23472.sdf,jacs_set_ptp1b_protein.pdb,6.171734,6.6371417,6.8168178,6.320343,6.6375637,6.620994,6.1594367,6.7136173,6.4881,6.6341357,6.519988
jacs_set/ptp1b/23482,7.366549004986401,data/fep/jacs_set/jacs_set_ptp1b_23482.sdf,,data/fep/jacs_set/jacs_set_ptp1b_protein.pdb,23482,-10.010000228881836,-9.56999969482422,0.1199999973177909,jacs_set/ptp1b,jacs_set,22,jacs_set_ptp1b_23482.sdf,jacs_set_ptp1b_protein.pdb,7.2155657,6.960406,6.8989434,7.525677,6.8782554,6.9280133,6.753558,7.157519,7.1488385,7.2171283,7.068391
jacs_set/ptp1b/23486,9.176909686197131,data/fep/jacs_set/jacs_set_ptp1b_23486.sdf,,data/fep/jacs_set/jacs_set_ptp1b_protein.pdb,23486,-12.470000267028809,-11.25,0.1400000005960464,jacs_set/ptp1b,jacs_set,23,jacs_set_ptp1b_23486.sdf,jacs_set_ptp1b_protein.pdb,7.2624435,7.315391,6.9236717,7.2023506,7.217294,6.9358587,7.557006,7.2165356,7.3129992,7.3204384,7.2263994
jacs_set/ptp1b/23470,5.681294253005641,data/fep/jacs_set/jacs_set_ptp1b_23470.sdf,,data/fep/jacs_set/jacs_set_ptp1b_protein.pdb,23470,-7.71999979019165,-8.130000114440918,0.1199999973177909,jacs_set/ptp1b,jacs_set,24,jacs_set_ptp1b_23470.sdf,jacs_set_ptp1b_protein.pdb,6.31991,6.331073,6.502438,6.5709414,6.5642247,6.4537053,6.6693397,6.6615744,6.467416,6.968062,6.550868
jacs_set/ptp1b/23468,5.703371976348287,data/fep/jacs_set/jacs_set_ptp1b_23468.sdf,,data/fep/jacs_set/jacs_set_ptp1b_protein.pdb,23468,-7.75,-7.449999809265137,0.1199999973177909,jacs_set/ptp1b,jacs_set,25,jacs_set_ptp1b_23468.sdf,jacs_set_ptp1b_protein.pdb,6.1521053,6.1329803,6.214411,6.4379983,6.0331416,6.3455043,6.204822,6.675938,6.4155736,6.5385036,6.315098
jacs_set/ptp1b/23485,8.102467969676502,data/fep/jacs_set/jacs_set_ptp1b_23485.sdf,,data/fep/jacs_set/jacs_set_ptp1b_protein.pdb,23485,-11.010000228881836,-10.670000076293944,0.1599999964237213,jacs_set/ptp1b,jacs_set,26,jacs_set_ptp1b_23485.sdf,jacs_set_ptp1b_protein.pdb,7.4387436,6.9112387,6.885269,6.342724,7.0585847,7.051571,6.90557,6.8304605,7.5016932,6.950051,6.987591
jacs_set/ptp1b/23330,7.454859196529971,data/fep/jacs_set/jacs_set_ptp1b_23330.sdf,,data/fep/jacs_set/jacs_set_ptp1b_protein.pdb,23330,-10.130000114440918,-10.65999984741211,0.1199999973177909,jacs_set/ptp1b,jacs_set,27,jacs_set_ptp1b_23330.sdf,jacs_set_ptp1b_protein.pdb,6.651216,6.4861298,6.5672097,6.982007,6.285279,6.142179,6.592614,6.4211836,6.8747225,6.270028,6.527257
jacs_set/ptp1b/20670,6.682144143239962,data/fep/jacs_set/jacs_set_ptp1b_20670.sdf,,data/fep/jacs_set/jacs_set_ptp1b_protein.pdb,20670,-9.079999923706056,-9.1899995803833,0.1199999973177909,jacs_set/ptp1b,jacs_set,28,jacs_set_ptp1b_20670.sdf,jacs_set_ptp1b_protein.pdb,6.664185,6.7502427,6.8496785,7.1534534,6.7718024,6.757265,6.644528,7.1108136,7.273856,6.5911393,6.856696
jacs_set/ptp1b/23479,6.726299589925254,data/fep/jacs_set/jacs_set_ptp1b_23479.sdf,,data/fep/jacs_set/jacs_set_ptp1b_protein.pdb,23479,-9.140000343322754,-8.680000305175781,0.1199999973177909,jacs_set/ptp1b,jacs_set,29,jacs_set_ptp1b_23479.sdf,jacs_set_ptp1b_protein.pdb,7.022037,6.8542595,6.8820586,7.3386984,6.7357683,6.8813424,6.7592645,6.681357,6.8730297,7.1151013,6.9142923
jacs_set/ptp1b/23475,6.41721356860925,data/fep/jacs_set/jacs_set_ptp1b_23475.sdf,,data/fep/jacs_set/jacs_set_ptp1b_protein.pdb,23475,-8.720000267028809,-8.920000076293945,0.1199999973177909,jacs_set/ptp1b,jacs_set,30,jacs_set_ptp1b_23475.sdf,jacs_set_ptp1b_protein.pdb,6.692074,6.757118,6.589028,6.9372287,6.6857915,6.566938,6.544411,6.7226048,7.2224736,6.337017,6.7054687
jacs_set/mcl1_extra_flips/23,6.498164402283755,data/fep/jacs_set/jacs_set_mcl1_extra_flips_23.sdf,,data/fep/jacs_set/jacs_set_mcl1_extra_flips_protein.pdb,23,-8.829999924,-7.53000021,0.0700000003,jacs_set/mcl1_extra_flips,jacs_set,31,jacs_set_mcl1_extra_flips_23.sdf,jacs_set_mcl1_extra_flips_protein.pdb,5.875453,5.2132635,5.847595,5.9206395,6.1987586,6.0194373,6.30551,5.5711727,5.3139205,5.5419183,5.7807665
jacs_set/mcl1_extra_flips/26,6.063972100520995,data/fep/jacs_set/jacs_set_mcl1_extra_flips_26.sdf,,data/fep/jacs_set/jacs_set_mcl1_extra_flips_protein.pdb,26,-8.239999771,-8.25,0.0700000003,jacs_set/mcl1_extra_flips,jacs_set,32,jacs_set_mcl1_extra_flips_26.sdf,jacs_set_mcl1_extra_flips_protein.pdb,5.959173,5.0490556,5.825812,5.9242234,6.021647,5.900913,5.807694,5.7204504,5.6402254,5.357819,5.7207007
jacs_set/mcl1_extra_flips/27,4.503823980008659,data/fep/jacs_set/jacs_set_mcl1_extra_flips_27.sdf,,data/fep/jacs_set/jacs_set_mcl1_extra_flips_protein.pdb,27,-6.119999886,-6.449999809,0.05999999866,jacs_set/mcl1_extra_flips,jacs_set,33,jacs_set_mcl1_extra_flips_27.sdf,jacs_set_mcl1_extra_flips_protein.pdb,5.551543,5.77801,5.3696795,5.376835,5.4444513,5.6920915,5.541658,5.613268,5.411014,5.527187,5.530574
jacs_set/mcl1_extra_flips/28,4.87178346235371,data/fep/jacs_set/jacs_set_mcl1_extra_flips_28.sdf,,data/fep/jacs_set/jacs_set_mcl1_extra_flips_protein.pdb,28,-6.619999886,-6.059999943,0.05999999866,jacs_set/mcl1_extra_flips,jacs_set,34,jacs_set_mcl1_extra_flips_28.sdf,jacs_set_mcl1_extra_flips_protein.pdb,5.387009,6.228099,5.5634837,5.4935217,5.4013844,5.6828556,5.83893,5.5724087,5.422718,5.8162713,5.6406684
jacs_set/mcl1_extra_flips/29,5.107277656896685,data/fep/jacs_set/jacs_set_mcl1_extra_flips_29.sdf,,data/fep/jacs_set/jacs_set_mcl1_extra_flips_protein.pdb,29,-6.940000057,-6.480000019,0.05999999866,jacs_set/mcl1_extra_flips,jacs_set,35,jacs_set_mcl1_extra_flips_29.sdf,jacs_set_mcl1_extra_flips_protein.pdb,5.734047,5.4709697,5.69044,5.141906,4.9455576,5.647365,5.5231752,5.4836473,5.7953095,5.817726,5.5250144
jacs_set/mcl1_extra_flips/30 flip,5.776963802904995,data/fep/jacs_set/jacs_set_mcl1_extra_flips_30_flip.sdf,,data/fep/jacs_set/jacs_set_mcl1_extra_flips_protein.pdb,30 flip,-7.849999905,-6.980000019,0.05999999866,jacs_set/mcl1_extra_flips,jacs_set,36,jacs_set_mcl1_extra_flips_30_flip.sdf,jacs_set_mcl1_extra_flips_protein.pdb,5.7109733,5.857319,5.7348304,5.3822002,5.354642,6.1203604,6.3304906,5.999419,5.633091,5.799886,5.792321
jacs_set/mcl1_extra_flips/31,5.828478256275446,data/fep/jacs_set/jacs_set_mcl1_extra_flips_31.sdf,,data/fep/jacs_set/jacs_set_mcl1_extra_flips_protein.pdb,31,-7.920000076,-7.940000057,0.05999999866,jacs_set/mcl1_extra_flips,jacs_set,37,jacs_set_mcl1_extra_flips_31.sdf,jacs_set_mcl1_extra_flips_protein.pdb,5.620918,5.7350397,5.466924,4.8201666,4.8105893,5.386189,5.539483,5.4030023,5.7841926,5.838882,5.4405384
jacs_set/mcl1_extra_flips/32,4.842346731731027,data/fep/jacs_set/jacs_set_mcl1_extra_flips_32.sdf,,data/fep/jacs_set/jacs_set_mcl1_extra_flips_protein.pdb,32,-6.579999924,-6.590000153,0.05999999866,jacs_set/mcl1_extra_flips,jacs_set,38,jacs_set_mcl1_extra_flips_32.sdf,jacs_set_mcl1_extra_flips_protein.pdb,5.99228,5.7060933,5.5168457,5.2331333,5.613864,5.7952666,5.8900075,5.969807,5.497409,5.6883936,5.69031
jacs_set/mcl1_extra_flips/33,5.063122560962661,data/fep/jacs_set/jacs_set_mcl1_extra_flips_33.sdf,,data/fep/jacs_set/jacs_set_mcl1_extra_flips_protein.pdb,33,-6.880000114,-7.730000019,0.0700000003,jacs_set/mcl1_extra_flips,jacs_set,39,jacs_set_mcl1_extra_flips_33.sdf,jacs_set_mcl1_extra_flips_protein.pdb,6.33171,6.349771,5.746033,5.4120364,5.849759,5.8620048,6.1748276,5.920447,5.999279,5.925613,5.957148
jacs_set/mcl1_extra_flips/34,5.055763203526236,data/fep/jacs_set/jacs_set_mcl1_extra_flips_34.sdf,,data/fep/jacs_set/jacs_set_mcl1_extra_flips_protein.pdb,34,-6.869999886,-7.329999924,0.0700000003,jacs_set/mcl1_extra_flips,jacs_set,40,jacs_set_mcl1_extra_flips_34.sdf,jacs_set_mcl1_extra_flips_protein.pdb,5.79831,6.017,5.4764667,5.255547,4.740232,5.541305,5.8943005,5.9619675,5.927768,5.693652,5.630655
jacs_set/mcl1_extra_flips/35,6.48344638800576,data/fep/jacs_set/jacs_set_mcl1_extra_flips_35.sdf,,data/fep/jacs_set/jacs_set_mcl1_extra_flips_protein.pdb,35,-8.81000042,-8.010000229,0.05999999866,jacs_set/mcl1_extra_flips,jacs_set,41,jacs_set_mcl1_extra_flips_35.sdf,jacs_set_mcl1_extra_flips_protein.pdb,6.5073705,6.55664,6.163805,5.6961546,6.148485,6.345151,6.23419,6.1558456,5.8729773,6.441458,6.212208
jacs_set/mcl1_extra_flips/36,6.019817355620315,data/fep/jacs_set/jacs_set_mcl1_extra_flips_36.sdf,,data/fep/jacs_set/jacs_set_mcl1_extra_flips_protein.pdb,36,-8.180000305,-8.170000076,0.0700000003,jacs_set/mcl1_extra_flips,jacs_set,42,jacs_set_mcl1_extra_flips_36.sdf,jacs_set_mcl1_extra_flips_protein.pdb,6.444096,6.077044,5.847633,5.6293025,5.994854,6.2909865,6.6616898,6.07358,6.3078012,6.06644,6.139343
jacs_set/mcl1_extra_flips/37,6.586474593415886,data/fep/jacs_set/jacs_set_mcl1_extra_flips_37.sdf,,data/fep/jacs_set/jacs_set_mcl1_extra_flips_protein.pdb,37,-8.949999809,-8.729999542,0.0700000003,jacs_set/mcl1_extra_flips,jacs_set,43,jacs_set_mcl1_extra_flips_37.sdf,jacs_set_mcl1_extra_flips_protein.pdb,6.388546,6.4659557,6.130215,5.9325624,6.3425426,6.336461,6.4698915,5.891039,5.8866463,6.3370624,6.2180924
jacs_set/mcl1_extra_flips/38 flip,5.166151118142053,data/fep/jacs_set/jacs_set_mcl1_extra_flips_38_flip.sdf,,data/fep/jacs_set/jacs_set_mcl1_extra_flips_protein.pdb,38 flip,-7.019999981,-9.06000042,0.0700000003,jacs_set/mcl1_extra_flips,jacs_set,44,jacs_set_mcl1_extra_flips_38_flip.sdf,jacs_set_mcl1_extra_flips_protein.pdb,5.7952805,5.993461,5.652572,5.533559,5.639071,6.0367007,5.703597,5.7436504,5.9574084,5.6100793,5.766538
jacs_set/mcl1_extra_flips/39,5.173510476314396,data/fep/jacs_set/jacs_set_mcl1_extra_flips_39.sdf,,data/fep/jacs_set/jacs_set_mcl1_extra_flips_protein.pdb,39,-7.03000021,-8.0,0.0700000003,jacs_set/mcl1_extra_flips,jacs_set,45,jacs_set_mcl1_extra_flips_39.sdf,jacs_set_mcl1_extra_flips_protein.pdb,6.0166283,6.0735564,5.967055,5.6080112,5.921522,5.7339315,6.0827985,6.1703115,5.643149,5.8652887,5.908225
jacs_set/mcl1_extra_flips/40 flip,5.335412494003236,data/fep/jacs_set/jacs_set_mcl1_extra_flips_40_flip.sdf,,data/fep/jacs_set/jacs_set_mcl1_extra_flips_protein.pdb,40 flip,-7.25,-8.210000038,0.05999999866,jacs_set/mcl1_extra_flips,jacs_set,46,jacs_set_mcl1_extra_flips_40_flip.sdf,jacs_set_mcl1_extra_flips_protein.pdb,6.0904984,6.3377204,5.768265,5.8571625,5.954187,5.8621492,6.2033715,5.83702,5.9160743,5.6841984,5.951065
jacs_set/mcl1_extra_flips/41 flip,5.247102302135186,data/fep/jacs_set/jacs_set_mcl1_extra_flips_41_flip.sdf,,data/fep/jacs_set/jacs_set_mcl1_extra_flips_protein.pdb,41 flip,-7.130000114,-8.180000305,0.0700000003,jacs_set/mcl1_extra_flips,jacs_set,47,jacs_set_mcl1_extra_flips_41_flip.sdf,jacs_set_mcl1_extra_flips_protein.pdb,6.0221744,6.0672045,6.036344,5.8710957,6.160148,5.733466,6.0514336,6.010263,5.8548207,5.953032,5.9759984
jacs_set/mcl1_extra_flips/42,6.549678505356779,data/fep/jacs_set/jacs_set_mcl1_extra_flips_42.sdf,,data/fep/jacs_set/jacs_set_mcl1_extra_flips_protein.pdb,42,-8.899999619,-7.630000114,0.0700000003,jacs_set/mcl1_extra_flips,jacs_set,48,jacs_set_mcl1_extra_flips_42.sdf,jacs_set_mcl1_extra_flips_protein.pdb,5.678716,5.6580224,5.734186,5.795542,5.683629,6.1457524,5.9409094,5.563213,5.9692183,5.735407,5.7904596
jacs_set/mcl1_extra_flips/43 flip,5.173510476314396,data/fep/jacs_set/jacs_set_mcl1_extra_flips_43_flip.sdf,,data/fep/jacs_set/jacs_set_mcl1_extra_flips_protein.pdb,43 flip,-7.03000021,-7.739999771,0.05999999866,jacs_set/mcl1_extra_flips,jacs_set,49,jacs_set_mcl1_extra_flips_43_flip.sdf,jacs_set_mcl1_extra_flips_protein.pdb,5.9110804,6.017596,5.8184223,5.6554995,5.8533807,6.0219626,5.986835,5.8107877,5.989338,5.8567615,5.8921666
jacs_set/mcl1_extra_flips/44,6.380417479793023,data/fep/jacs_set/jacs_set_mcl1_extra_flips_44.sdf,,data/fep/jacs_set/jacs_set_mcl1_extra_flips_protein.pdb,44,-8.670000076,-8.420000076,0.0700000003,jacs_set/mcl1_extra_flips,jacs_set,50,jacs_set_mcl1_extra_flips_44.sdf,jacs_set_mcl1_extra_flips_protein.pdb,6.5640016,6.162068,5.8178425,5.911069,6.229445,5.9684772,6.446265,6.131264,6.2274427,6.382136,6.184001
jacs_set/mcl1_extra_flips/45,6.586474593415886,data/fep/jacs_set/jacs_set_mcl1_extra_flips_45.sdf,,data/fep/jacs_set/jacs_set_mcl1_extra_flips_protein.pdb,45,-8.949999809,-7.559999943,0.05999999866,jacs_set/mcl1_extra_flips,jacs_set,51,jacs_set_mcl1_extra_flips_45.sdf,jacs_set_mcl1_extra_flips_protein.pdb,6.4106936,6.458869,6.2339826,6.147919,6.3058357,6.1985426,6.5422077,6.338516,5.957445,6.3600183,6.295403
jacs_set/mcl1_extra_flips/46 flip,5.59298406173247,data/fep/jacs_set/jacs_set_mcl1_extra_flips_46_flip.sdf,,data/fep/jacs_set/jacs_set_mcl1_extra_flips_protein.pdb,46 flip,-7.599999905,-7.989999771,0.05999999866,jacs_set/mcl1_extra_flips,jacs_set,52,jacs_set_mcl1_extra_flips_46_flip.sdf,jacs_set_mcl1_extra_flips_protein.pdb,6.46795,6.119349,6.025916,5.9685807,6.1345067,6.2174997,6.3339343,6.0513854,5.3366055,6.3171988,6.097293
jacs_set/mcl1_extra_flips/47 flip,4.253611770451769,data/fep/jacs_set/jacs_set_mcl1_extra_flips_47_flip.sdf,,data/fep/jacs_set/jacs_set_mcl1_extra_flips_protein.pdb,47 flip,-5.78000021,-6.289999962,0.05999999866,jacs_set/mcl1_extra_flips,jacs_set,53,jacs_set_mcl1_extra_flips_47_flip.sdf,jacs_set_mcl1_extra_flips_protein.pdb,5.9806004,5.558197,5.9616137,5.745064,5.712055,5.89246,5.8159328,5.483044,5.742422,5.910988,5.7802377
jacs_set/mcl1_extra_flips/48 flip,4.901220192240475,data/fep/jacs_set/jacs_set_mcl1_extra_flips_48_flip.sdf,,data/fep/jacs_set/jacs_set_mcl1_extra_flips_protein.pdb,48 flip,-6.659999847,-4.630000114,0.05999999866,jacs_set/mcl1_extra_flips,jacs_set,54,jacs_set_mcl1_extra_flips_48_flip.sdf,jacs_set_mcl1_extra_flips_protein.pdb,6.1029477,5.6220922,5.680283,5.6806326,5.368991,5.307518,6.0705714,5.3199534,5.2400055,5.378129,5.5771127
jacs_set/mcl1_extra_flips/49,6.152282292389043,data/fep/jacs_set/jacs_set_mcl1_extra_flips_49.sdf,,data/fep/jacs_set/jacs_set_mcl1_extra_flips_protein.pdb,49,-8.359999657,-8.729999542,0.05999999866,jacs_set/mcl1_extra_flips,jacs_set,55,jacs_set_mcl1_extra_flips_49.sdf,jacs_set_mcl1_extra_flips_protein.pdb,6.778123,7.136585,6.1226954,6.0294666,6.477389,6.7539,6.7058253,6.5508976,6.3459783,6.568722,6.5469575
jacs_set/mcl1_extra_flips/50,6.866123884628806,data/fep/jacs_set/jacs_set_mcl1_extra_flips_50.sdf,,data/fep/jacs_set/jacs_set_mcl1_extra_flips_protein.pdb,50,-9.329999924,-8.75,0.05999999866,jacs_set/mcl1_extra_flips,jacs_set,56,jacs_set_mcl1_extra_flips_50.sdf,jacs_set_mcl1_extra_flips_protein.pdb,6.862786,7.5794334,6.4610705,6.249524,6.3729014,6.805793,6.5487237,6.600633,6.1045203,6.451112,6.60365
jacs_set/mcl1_extra_flips/51,6.218515111070835,data/fep/jacs_set/jacs_set_mcl1_extra_flips_51.sdf,,data/fep/jacs_set/jacs_set_mcl1_extra_flips_protein.pdb,51,-8.449999809,-7.150000095,0.05999999866,jacs_set/mcl1_extra_flips,jacs_set,57,jacs_set_mcl1_extra_flips_51.sdf,jacs_set_mcl1_extra_flips_protein.pdb,6.430953,6.564015,5.827056,6.096943,6.1710324,6.352519,6.417445,5.864743,6.099577,6.192237,6.2016525
jacs_set/mcl1_extra_flips/52,6.792531707038751,data/fep/jacs_set/jacs_set_mcl1_extra_flips_52.sdf,,data/fep/jacs_set/jacs_set_mcl1_extra_flips_protein.pdb,52,-9.229999542,-9.720000267,0.05999999866,jacs_set/mcl1_extra_flips,jacs_set,58,jacs_set_mcl1_extra_flips_52.sdf,jacs_set_mcl1_extra_flips_protein.pdb,6.582054,6.723601,6.297021,5.9493933,6.5971174,6.6665163,6.592953,7.038278,6.1564837,6.3766456,6.4980063
jacs_set/mcl1_extra_flips/53,7.329752916278332,data/fep/jacs_set/jacs_set_mcl1_extra_flips_53.sdf,,data/fep/jacs_set/jacs_set_mcl1_extra_flips_protein.pdb,53,-9.960000038,-10.09000015,0.0700000003,jacs_set/mcl1_extra_flips,jacs_set,59,jacs_set_mcl1_extra_flips_53.sdf,jacs_set_mcl1_extra_flips_protein.pdb,6.7027764,6.9128633,6.6050253,6.102317,6.712568,6.708225,6.607451,6.933786,6.0701165,6.31828,6.567341
jacs_set/mcl1_extra_flips/54,7.1972872781788295,data/fep/jacs_set/jacs_set_mcl1_extra_flips_54.sdf,,data/fep/jacs_set/jacs_set_mcl1_extra_flips_protein.pdb,54,-9.779999733,-9.050000191,0.05999999866,jacs_set/mcl1_extra_flips,jacs_set,60,jacs_set_mcl1_extra_flips_54.sdf,jacs_set_mcl1_extra_flips_protein.pdb,6.443282,6.176766,6.172933,5.736615,6.2594,6.04798,6.49297,6.595415,6.1498756,5.7560167,6.1831255
jacs_set/mcl1_extra_flips/56,6.814609781555783,data/fep/jacs_set/jacs_set_mcl1_extra_flips_56.sdf,,data/fep/jacs_set/jacs_set_mcl1_extra_flips_protein.pdb,56,-9.260000229,-9.050000191,0.0700000003,jacs_set/mcl1_extra_flips,jacs_set,61,jacs_set_mcl1_extra_flips_56.sdf,jacs_set_mcl1_extra_flips_protein.pdb,6.4182673,6.7680335,6.895863,5.9573984,5.8851433,6.3495307,6.266327,7.019029,6.397481,6.417875,6.4374948
jacs_set/mcl1_extra_flips/57,6.652707412833597,data/fep/jacs_set/jacs_set_mcl1_extra_flips_57.sdf,,data/fep/jacs_set/jacs_set_mcl1_extra_flips_protein.pdb,57,-9.039999962,-7.840000153,0.05999999866,jacs_set/mcl1_extra_flips,jacs_set,62,jacs_set_mcl1_extra_flips_57.sdf,jacs_set_mcl1_extra_flips_protein.pdb,6.3135138,5.7376966,6.2874517,6.0703773,5.5613256,5.9657664,5.724804,6.406654,6.130527,5.978488,6.0176606
jacs_set/mcl1_extra_flips/58,6.924997345138254,data/fep/jacs_set/jacs_set_mcl1_extra_flips_58.sdf,,data/fep/jacs_set/jacs_set_mcl1_extra_flips_protein.pdb,58,-9.409999847,-10.36999989,0.0700000003,jacs_set/mcl1_extra_flips,jacs_set,63,jacs_set_mcl1_extra_flips_58.sdf,jacs_set_mcl1_extra_flips_protein.pdb,6.9410424,7.145053,6.987568,6.3640637,6.456498,6.70538,6.728288,7.4769406,6.4817877,6.462618,6.774924
jacs_set/mcl1_extra_flips/60,6.564397220965548,data/fep/jacs_set/jacs_set_mcl1_extra_flips_60.sdf,,data/fep/jacs_set/jacs_set_mcl1_extra_flips_protein.pdb,60,-8.920000076,-8.779999733,0.0700000003,jacs_set/mcl1_extra_flips,jacs_set,64,jacs_set_mcl1_extra_flips_60.sdf,jacs_set_mcl1_extra_flips_protein.pdb,6.4135528,6.827827,6.6823955,6.2106543,6.690848,6.379756,6.5150104,6.4556417,6.056922,6.351385,6.4584
jacs_set/mcl1_extra_flips/61,5.946225178766179,data/fep/jacs_set/jacs_set_mcl1_extra_flips_61.sdf,,data/fep/jacs_set/jacs_set_mcl1_extra_flips_protein.pdb,61,-8.079999924,-8.319999695,0.0700000003,jacs_set/mcl1_extra_flips,jacs_set,65,jacs_set_mcl1_extra_flips_61.sdf,jacs_set_mcl1_extra_flips_protein.pdb,6.425164,7.519167,7.1324725,6.1681113,6.983394,6.4342284,6.677657,7.084766,6.082316,6.3292217,6.68365
jacs_set/mcl1_extra_flips/62,5.8579149868981295,data/fep/jacs_set/jacs_set_mcl1_extra_flips_62.sdf,,data/fep/jacs_set/jacs_set_mcl1_extra_flips_protein.pdb,62,-7.960000038,-8.069999695,0.0700000003,jacs_set/mcl1_extra_flips,jacs_set,66,jacs_set_mcl1_extra_flips_62.sdf,jacs_set_mcl1_extra_flips_protein.pdb,6.2275915,6.6258726,6.226705,6.017911,6.3544507,6.3674283,6.557459,6.4543796,5.4766374,5.916183,6.222462
jacs_set/mcl1_extra_flips/63,6.667426129178285,data/fep/jacs_set/jacs_set_mcl1_extra_flips_63.sdf,,data/fep/jacs_set/jacs_set_mcl1_extra_flips_protein.pdb,63,-9.06000042,-9.829999924,0.05999999866,jacs_set/mcl1_extra_flips,jacs_set,67,jacs_set_mcl1_extra_flips_63.sdf,jacs_set_mcl1_extra_flips_protein.pdb,6.665371,6.8477445,6.3507853,6.3901377,7.017216,6.4735227,6.968675,6.799316,6.047879,6.2266383,6.5787277
jacs_set/mcl1_extra_flips/64,6.991230164555965,data/fep/jacs_set/jacs_set_mcl1_extra_flips_64.sdf,,data/fep/jacs_set/jacs_set_mcl1_extra_flips_protein.pdb,64,-9.5,-8.970000267,0.05999999866,jacs_set/mcl1_extra_flips,jacs_set,68,jacs_set_mcl1_extra_flips_64.sdf,jacs_set_mcl1_extra_flips_protein.pdb,6.2830954,5.7879786,6.068563,5.9892964,6.353691,6.1943502,6.569657,6.2180266,5.668409,5.9428315,6.1075897
jacs_set/mcl1_extra_flips/65,6.189078380448152,data/fep/jacs_set/jacs_set_mcl1_extra_flips_65.sdf,,data/fep/jacs_set/jacs_set_mcl1_extra_flips_protein.pdb,65,-8.409999847,-9.630000114,0.0700000003,jacs_set/mcl1_extra_flips,jacs_set,69,jacs_set_mcl1_extra_flips_65.sdf,jacs_set_mcl1_extra_flips_protein.pdb,6.459752,7.2279763,6.4756017,6.1967025,6.9499583,6.08194,6.8778844,6.508022,6.214052,6.275266,6.5267158
jacs_set/mcl1_extra_flips/66,6.20379709679284,data/fep/jacs_set/jacs_set_mcl1_extra_flips_66.sdf,,data/fep/jacs_set/jacs_set_mcl1_extra_flips_protein.pdb,66,-8.430000305,-8.670000076,0.0700000003,jacs_set/mcl1_extra_flips,jacs_set,70,jacs_set_mcl1_extra_flips_66.sdf,jacs_set_mcl1_extra_flips_protein.pdb,6.1000595,5.9351,5.7359223,5.8183594,6.613632,6.0229874,6.7355766,5.628111,5.510826,5.997349,6.009792
jacs_set/mcl1_extra_flips/67,5.578265696421129,data/fep/jacs_set/jacs_set_mcl1_extra_flips_67.sdf,,data/fep/jacs_set/jacs_set_mcl1_extra_flips_protein.pdb,67,-7.579999924,-9.220000267,0.05999999866,jacs_set/mcl1_extra_flips,jacs_set,71,jacs_set_mcl1_extra_flips_67.sdf,jacs_set_mcl1_extra_flips_protein.pdb,6.214592,6.4390078,6.418297,5.988628,6.4742203,6.165884,6.460562,6.488931,5.9210467,6.017119,6.258829
jacs_set/mcl1_extra_flips/68,5.659216880414261,data/fep/jacs_set/jacs_set_mcl1_extra_flips_68.sdf,,data/fep/jacs_set/jacs_set_mcl1_extra_flips_protein.pdb,68,-7.690000057,-7.159999847,0.05999999866,jacs_set/mcl1_extra_flips,jacs_set,72,jacs_set_mcl1_extra_flips_68.sdf,jacs_set_mcl1_extra_flips_protein.pdb,6.1687436,6.061955,5.9218974,5.932147,5.992768,5.800687,6.555732,6.4003086,6.0416675,5.726189,6.0602093
jacs_set/cdk2/17,5.180869483345234,data/fep/jacs_set/jacs_set_cdk2_17.sdf,,data/fep/jacs_set/jacs_set_cdk2_protein.pdb,17,-7.039999961853027,-8.829999923706055,0.1599999964237213,jacs_set/cdk2,jacs_set,73,jacs_set_cdk2_17.sdf,jacs_set_cdk2_protein.pdb,5.482826,5.7084007,5.565543,5.282081,5.4515395,5.7528014,5.4477515,5.3276043,5.595167,5.961517,5.5575233
jacs_set/cdk2/28,8.176059445049303,data/fep/jacs_set/jacs_set_cdk2_28.sdf,,data/fep/jacs_set/jacs_set_cdk2_protein.pdb,28,-11.109999656677246,-10.369999885559082,0.209999993443489,jacs_set/cdk2,jacs_set,74,jacs_set_cdk2_28.sdf,jacs_set_cdk2_protein.pdb,7.0747,6.5902452,7.390457,6.786404,6.623281,6.958445,7.347818,6.861297,7.392083,7.1007032,7.0125437
jacs_set/cdk2/22,5.78432316071998,data/fep/jacs_set/jacs_set_cdk2_22.sdf,,data/fep/jacs_set/jacs_set_cdk2_protein.pdb,22,-7.860000133514404,-7.96999979019165,0.1700000017881393,jacs_set/cdk2,jacs_set,75,jacs_set_cdk2_22.sdf,jacs_set_cdk2_protein.pdb,5.8030043,6.0694776,6.183132,5.23125,5.7527547,5.7424417,6.185966,5.626173,6.012722,6.079476,5.86864
jacs_set/cdk2/30,7.219365352413783,data/fep/jacs_set/jacs_set_cdk2_30.sdf,,data/fep/jacs_set/jacs_set_cdk2_protein.pdb,30,-9.8100004196167,-8.40999984741211,0.2000000029802322,jacs_set/cdk2,jacs_set,76,jacs_set_cdk2_30.sdf,jacs_set_cdk2_protein.pdb,6.5130253,6.375844,6.8321853,6.178121,6.5711226,7.056216,7.2815576,5.973483,6.9212456,6.8504453,6.6553254
jacs_set/cdk2/1h1r,5.64449851531924,data/fep/jacs_set/jacs_set_cdk2_1h1r.sdf,,data/fep/jacs_set/jacs_set_cdk2_protein.pdb,1h1r,-7.670000076293945,-8.59000015258789,0.1700000017881393,jacs_set/cdk2,jacs_set,77,jacs_set_cdk2_1h1r.sdf,jacs_set_cdk2_protein.pdb,5.3471313,5.801234,5.512491,5.4918613,5.0926023,5.2681646,5.4843307,5.098808,5.342375,5.8038397,5.4242835
jacs_set/cdk2/1h1s,8.279088352763642,data/fep/jacs_set/jacs_set_cdk2_1h1s.sdf,,data/fep/jacs_set/jacs_set_cdk2_protein.pdb,1h1s,-11.25,-9.970000267028809,0.209999993443489,jacs_set/cdk2,jacs_set,78,jacs_set_cdk2_1h1s.sdf,jacs_set_cdk2_protein.pdb,6.543143,6.615253,6.800001,6.447386,6.4826813,6.952331,7.3617263,6.6586933,7.166076,6.9450846,6.7972374
jacs_set/cdk2/21,5.7622454373773335,data/fep/jacs_set/jacs_set_cdk2_21.sdf,,data/fep/jacs_set/jacs_set_cdk2_protein.pdb,21,-7.829999923706055,-8.170000076293945,0.1700000017881393,jacs_set/cdk2,jacs_set,79,jacs_set_cdk2_21.sdf,jacs_set_cdk2_protein.pdb,5.27223,5.7965875,5.9984303,5.154482,5.310305,5.391141,5.985979,5.6239333,5.815596,5.982119,5.6330805
jacs_set/cdk2/1oiy,7.204646636243013,data/fep/jacs_set/jacs_set_cdk2_1oiy.sdf,,data/fep/jacs_set/jacs_set_cdk2_protein.pdb,1oiy,-9.789999961853027,-9.9399995803833,0.1700000017881393,jacs_set/cdk2,jacs_set,80,jacs_set_cdk2_1oiy.sdf,jacs_set_cdk2_protein.pdb,6.192281,6.3283534,6.399024,6.011285,6.1682367,6.709911,6.3571143,6.4160247,6.841894,6.6488514,6.4072967
jacs_set/cdk2/1oiu,6.682144143239962,data/fep/jacs_set/jacs_set_cdk2_1oiu.sdf,,data/fep/jacs_set/jacs_set_cdk2_protein.pdb,1oiu,-9.079999923706056,-10.699999809265137,0.1599999964237213,jacs_set/cdk2,jacs_set,81,jacs_set_cdk2_1oiu.sdf,jacs_set_cdk2_protein.pdb,6.1504116,5.8127937,6.3902116,5.494591,6.3283997,6.609316,6.805814,6.3536725,6.230242,6.4863114,6.2661757
jacs_set/cdk2/31,7.020666895070488,data/fep/jacs_set/jacs_set_cdk2_31.sdf,,data/fep/jacs_set/jacs_set_cdk2_protein.pdb,31,-9.539999961853027,-8.59000015258789,0.2000000029802322,jacs_set/cdk2,jacs_set,82,jacs_set_cdk2_31.sdf,jacs_set_cdk2_protein.pdb,6.285522,6.6315207,6.6251593,5.882199,6.2757373,7.0213766,6.457916,6.1388073,6.2596583,6.614337,6.419223
jacs_set/cdk2/29,7.270879455357445,data/fep/jacs_set/jacs_set_cdk2_29.sdf,,data/fep/jacs_set/jacs_set_cdk2_protein.pdb,29,-9.880000114440918,-9.15999984741211,0.1899999976158142,jacs_set/cdk2,jacs_set,83,jacs_set_cdk2_29.sdf,jacs_set_cdk2_protein.pdb,6.638714,6.927543,6.7941694,6.8137608,6.486893,7.254331,7.1389008,6.6818657,7.493943,7.2361474,6.946627
jacs_set/cdk2/26,6.203797096922201,data/fep/jacs_set/jacs_set_cdk2_26.sdf,,data/fep/jacs_set/jacs_set_cdk2_protein.pdb,26,-8.430000305175781,-8.84000015258789,0.1700000017881393,jacs_set/cdk2,jacs_set,84,jacs_set_cdk2_26.sdf,jacs_set_cdk2_protein.pdb,6.0401745,6.200284,6.477126,5.915705,5.7540154,6.2006235,6.2733727,5.724827,6.1910815,6.5120273,6.128924
jacs_set/cdk2/1oi9,7.167850547643106,data/fep/jacs_set/jacs_set_cdk2_1oi9.sdf,,data/fep/jacs_set/jacs_set_cdk2_protein.pdb,1oi9,-9.739999771118164,-9.4399995803833,0.1599999964237213,jacs_set/cdk2,jacs_set,85,jacs_set_cdk2_1oi9.sdf,jacs_set_cdk2_protein.pdb,6.2367954,6.134279,6.565961,5.7558804,5.9785123,6.1742563,7.125606,6.1104608,6.4510427,6.5449533,6.3077745
jacs_set/cdk2/20,6.41721356860925,data/fep/jacs_set/jacs_set_cdk2_20.sdf,,data/fep/jacs_set/jacs_set_cdk2_protein.pdb,20,-8.720000267028809,-9.0600004196167,0.1800000071525573,jacs_set/cdk2,jacs_set,86,jacs_set_cdk2_20.sdf,jacs_set_cdk2_protein.pdb,6.4831057,6.1437597,5.883143,5.5227733,5.7480297,6.1260986,6.0343313,5.9109287,6.1510124,6.3536816,6.0356865
jacs_set/cdk2/32,7.17520990572849,data/fep/jacs_set/jacs_set_cdk2_32.sdf,,data/fep/jacs_set/jacs_set_cdk2_protein.pdb,32,-9.75,-9.84000015258789,0.2199999988079071,jacs_set/cdk2,jacs_set,87,jacs_set_cdk2_32.sdf,jacs_set_cdk2_protein.pdb,6.129074,6.107802,6.8639913,5.867877,6.5683393,6.7101426,7.1596856,6.6722293,6.7005725,6.462218,6.524194
jacs_set/cdk2/1h1q,6.019817355749676,data/fep/jacs_set/jacs_set_cdk2_1h1q.sdf,,data/fep/jacs_set/jacs_set_cdk2_protein.pdb,1h1q,-8.180000305175781,-7.820000171661377,0.1599999964237213,jacs_set/cdk2,jacs_set,88,jacs_set_cdk2_1h1q.sdf,jacs_set_cdk2_protein.pdb,5.9315734,5.8221035,6.3423586,6.0256543,5.642634,5.894878,6.1801333,5.3508625,5.4302516,6.2011523,5.8821597
jacs_set/jnk1_manual_flips/18626-1,6.527601132581959,data/fep/jacs_set/jacs_set_jnk1_manual_flips_18626-1.sdf,,data/fep/jacs_set/jacs_set_jnk1_manual_flips_protein.pdb,18626-1,-8.869999885559082,-8.829999923706055,0.0900000035762786,jacs_set/jnk1_manual_flips,jacs_set,89,jacs_set_jnk1_manual_flips_18626-1.sdf,jacs_set_jnk1_manual_flips_protein.pdb,6.8287635,6.6133924,7.0439715,6.7118754,7.390784,6.760658,7.165088,6.9966083,7.026468,6.983975,6.9521585
jacs_set/jnk1_manual_flips/18628-1_flip,6.402494852438481,data/fep/jacs_set/jacs_set_jnk1_manual_flips_18628-1_flip.sdf,,data/fep/jacs_set/jacs_set_jnk1_manual_flips_protein.pdb,18628-1_flip,-8.699999809265137,-7.309999942779541,0.0900000035762786,jacs_set/jnk1_manual_flips,jacs_set,90,jacs_set_jnk1_manual_flips_18628-1_flip.sdf,jacs_set_jnk1_manual_flips_protein.pdb,6.41998,5.978722,6.6322393,6.57119,6.7982106,6.6400642,7.0481944,6.9535666,6.502346,6.676189,6.6220703
jacs_set/jnk1_manual_flips/18629-1,6.380417480009342,data/fep/jacs_set/jacs_set_jnk1_manual_flips_18629-1.sdf,,data/fep/jacs_set/jacs_set_jnk1_manual_flips_protein.pdb,18629-1,-8.670000076293945,-8.510000228881836,0.0900000035762786,jacs_set/jnk1_manual_flips,jacs_set,91,jacs_set_jnk1_manual_flips_18629-1.sdf,jacs_set_jnk1_manual_flips_protein.pdb,6.8699117,6.2063365,6.559449,6.914484,7.222908,6.835871,7.4107122,7.231383,6.8991528,6.85116,6.9001365
jacs_set/jnk1_manual_flips/18636-1,5.526751593261146,data/fep/jacs_set/jacs_set_jnk1_manual_flips_18636-1.sdf,,data/fep/jacs_set/jacs_set_jnk1_manual_flips_protein.pdb,18636-1,-7.510000228881836,-8.350000381469727,0.0900000035762786,jacs_set/jnk1_manual_flips,jacs_set,92,jacs_set_jnk1_manual_flips_18636-1.sdf,jacs_set_jnk1_manual_flips_protein.pdb,7.23655,6.8869567,6.7659316,6.5699005,7.2553196,6.9606924,6.771659,6.8420253,7.166557,6.763511,6.921911
jacs_set/jnk1_manual_flips/17124-1,7.123695802784827,data/fep/jacs_set/jacs_set_jnk1_manual_flips_17124-1.sdf,,data/fep/jacs_set/jacs_set_jnk1_manual_flips_protein.pdb,17124-1,-9.68000030517578,-10.65999984741211,0.0900000035762786,jacs_set/jnk1_manual_flips,jacs_set,93,jacs_set_jnk1_manual_flips_17124-1.sdf,jacs_set_jnk1_manual_flips_protein.pdb,7.4093757,7.025829,7.0517883,7.0883355,7.3607726,6.9717493,7.385027,7.2319984,7.4088,7.1609206,7.20946
jacs_set/jnk1_manual_flips/18627-1,6.240592483695093,data/fep/jacs_set/jacs_set_jnk1_manual_flips_18627-1.sdf,,data/fep/jacs_set/jacs_set_jnk1_manual_flips_protein.pdb,18627-1,-8.479999542236328,-8.670000076293945,0.0900000035762786,jacs_set/jnk1_manual_flips,jacs_set,94,jacs_set_jnk1_manual_flips_18627-1.sdf,jacs_set_jnk1_manual_flips_protein.pdb,6.414983,6.797441,6.6543117,6.755045,7.1511974,6.7710204,7.047416,6.8249516,6.5768104,6.745758,6.773894
jacs_set/jnk1_manual_flips/18638-1,7.425422466015447,data/fep/jacs_set/jacs_set_jnk1_manual_flips_18638-1.sdf,,data/fep/jacs_set/jacs_set_jnk1_manual_flips_protein.pdb,18638-1,-10.09000015258789,-10.270000457763672,0.0900000035762786,jacs_set/jnk1_manual_flips,jacs_set,95,jacs_set_jnk1_manual_flips_18638-1.sdf,jacs_set_jnk1_manual_flips_protein.pdb,7.074176,6.725686,7.040033,6.368848,6.905871,6.946705,7.1893306,7.2330046,6.87997,7.2107444,6.957437
jacs_set/jnk1_manual_flips/18659-1,6.969152792126826,data/fep/jacs_set/jacs_set_jnk1_manual_flips_18659-1.sdf,,data/fep/jacs_set/jacs_set_jnk1_manual_flips_protein.pdb,18659-1,-9.470000267028809,-9.6899995803833,0.0900000035762786,jacs_set/jnk1_manual_flips,jacs_set,96,jacs_set_jnk1_manual_flips_18659-1.sdf,jacs_set_jnk1_manual_flips_protein.pdb,6.5989795,6.071048,6.2164717,6.8374605,6.6293583,6.653391,6.9093246,6.0968966,6.4779,6.5694427,6.506027
jacs_set/jnk1_manual_flips/18639-1,7.167850547643106,data/fep/jacs_set/jacs_set_jnk1_manual_flips_18639-1.sdf,,data/fep/jacs_set/jacs_set_jnk1_manual_flips_protein.pdb,18639-1,-9.739999771118164,-10.050000190734863,0.1000000014901161,jacs_set/jnk1_manual_flips,jacs_set,97,jacs_set_jnk1_manual_flips_18639-1.sdf,jacs_set_jnk1_manual_flips_protein.pdb,7.4110417,6.28625,6.991656,6.2250943,6.8800893,6.864562,7.0983152,7.2711363,7.143891,7.092062,6.9264097
jacs_set/jnk1_manual_flips/18634-1,7.351830288815631,data/fep/jacs_set/jacs_set_jnk1_manual_flips_18634-1.sdf,,data/fep/jacs_set/jacs_set_jnk1_manual_flips_protein.pdb,18634-1,-9.989999771118164,-10.109999656677246,0.0900000035762786,jacs_set/jnk1_manual_flips,jacs_set,98,jacs_set_jnk1_manual_flips_18634-1.sdf,jacs_set_jnk1_manual_flips_protein.pdb,6.913242,6.344904,6.5216994,6.669156,6.889157,6.2844806,6.886506,6.191847,6.914636,6.833527,6.644915
jacs_set/jnk1_manual_flips/18630-1,6.726299589925254,data/fep/jacs_set/jacs_set_jnk1_manual_flips_18630-1.sdf,,data/fep/jacs_set/jacs_set_jnk1_manual_flips_protein.pdb,18630-1,-9.140000343322754,-8.40999984741211,0.0900000035762786,jacs_set/jnk1_manual_flips,jacs_set,99,jacs_set_jnk1_manual_flips_18630-1.sdf,jacs_set_jnk1_manual_flips_protein.pdb,6.7979956,6.2051096,6.373138,6.588782,7.086536,6.82978,7.166588,6.73764,6.2411647,6.7704268,6.6797156
jacs_set/jnk1_manual_flips/18637-1,7.462218554615355,data/fep/jacs_set/jacs_set_jnk1_manual_flips_18637-1.sdf,,data/fep/jacs_set/jacs_set_jnk1_manual_flips_protein.pdb,18637-1,-10.140000343322754,-10.56999969482422,0.0900000035762786,jacs_set/jnk1_manual_flips,jacs_set,100,jacs_set_jnk1_manual_flips_18637-1.sdf,jacs_set_jnk1_manual_flips_protein.pdb,7.2632394,6.441789,6.903737,6.7122355,7.1556916,6.6280546,7.493304,7.1815114,7.2697573,7.1647,7.021402
jacs_set/jnk1_manual_flips/18658-1,7.138413817128582,data/fep/jacs_set/jacs_set_jnk1_manual_flips_18658-1.sdf,,data/fep/jacs_set/jacs_set_jnk1_manual_flips_protein.pdb,18658-1,-9.699999809265137,-9.720000267028809,0.0900000035762786,jacs_set/jnk1_manual_flips,jacs_set,101,jacs_set_jnk1_manual_flips_18658-1.sdf,jacs_set_jnk1_manual_flips_protein.pdb,6.8533773,6.1502457,6.347233,6.6096363,6.8513827,6.435135,6.9817233,6.1449676,6.549978,6.4603896,6.5384064
jacs_set/jnk1_manual_flips/18632-1,6.682144143239962,data/fep/jacs_set/jacs_set_jnk1_manual_flips_18632-1.sdf,,data/fep/jacs_set/jacs_set_jnk1_manual_flips_protein.pdb,18632-1,-9.079999923706056,-8.90999984741211,0.0900000035762786,jacs_set/jnk1_manual_flips,jacs_set,102,jacs_set_jnk1_manual_flips_18632-1.sdf,jacs_set_jnk1_manual_flips_protein.pdb,6.88342,6.1842113,6.291415,6.570237,7.024063,6.549173,7.146359,6.698243,6.6083803,6.8249655,6.678046
jacs_set/jnk1_manual_flips/18633-1,6.748376962354391,data/fep/jacs_set/jacs_set_jnk1_manual_flips_18633-1.sdf,,data/fep/jacs_set/jacs_set_jnk1_manual_flips_protein.pdb,18633-1,-9.170000076293944,-8.869999885559082,0.0900000035762786,jacs_set/jnk1_manual_flips,jacs_set,103,jacs_set_jnk1_manual_flips_18633-1.sdf,jacs_set_jnk1_manual_flips_protein.pdb,7.048268,6.1723022,6.476355,6.3757997,6.970419,6.298959,6.4886575,6.457887,6.1401434,6.7916274,6.5220423
jacs_set/jnk1_manual_flips/18635-1,5.36484922451776,data/fep/jacs_set/jacs_set_jnk1_manual_flips_18635-1.sdf,,data/fep/jacs_set/jacs_set_jnk1_manual_flips_protein.pdb,18635-1,-7.289999961853027,-7.889999866485596,0.0900000035762786,jacs_set/jnk1_manual_flips,jacs_set,104,jacs_set_jnk1_manual_flips_18635-1.sdf,jacs_set_jnk1_manual_flips_protein.pdb,6.5663204,6.130207,6.9026866,6.9375553,7.3189545,6.9484515,7.2438765,7.550424,6.8632812,6.691682,6.915344
jacs_set/jnk1_manual_flips/18631-1,6.924997345441533,data/fep/jacs_set/jacs_set_jnk1_manual_flips_18631-1.sdf,,data/fep/jacs_set/jacs_set_jnk1_manual_flips_protein.pdb,18631-1,-9.40999984741211,-8.770000457763672,0.0900000035762786,jacs_set/jnk1_manual_flips,jacs_set,105,jacs_set_jnk1_manual_flips_18631-1.sdf,jacs_set_jnk1_manual_flips_protein.pdb,6.712857,5.738869,6.2630386,6.7226205,6.8697677,6.418397,6.775325,6.6834984,6.5732026,6.7012687,6.5458846
jacs_set/jnk1_manual_flips/18660-1,6.402494852438481,data/fep/jacs_set/jacs_set_jnk1_manual_flips_18660-1.sdf,,data/fep/jacs_set/jacs_set_jnk1_manual_flips_protein.pdb,18660-1,-8.699999809265137,-9.25,0.0900000035762786,jacs_set/jnk1_manual_flips,jacs_set,106,jacs_set_jnk1_manual_flips_18660-1.sdf,jacs_set_jnk1_manual_flips_protein.pdb,7.351615,6.383751,6.543923,6.9315133,7.209124,7.0544333,6.487531,6.739552,6.487026,6.923814,6.8112283
jacs_set/jnk1_manual_flips/18625-1,5.968302550978998,data/fep/jacs_set/jacs_set_jnk1_manual_flips_18625-1.sdf,,data/fep/jacs_set/jacs_set_jnk1_manual_flips_protein.pdb,18625-1,-8.109999656677246,-7.5,0.0900000035762786,jacs_set/jnk1_manual_flips,jacs_set,107,jacs_set_jnk1_manual_flips_18625-1.sdf,jacs_set_jnk1_manual_flips_protein.pdb,6.6202955,6.488474,6.597496,6.6773734,6.5587983,6.7267303,6.9973583,6.868265,6.560725,7.1040335,6.7199545
jacs_set/jnk1_manual_flips/18624-1,6.247951841780479,data/fep/jacs_set/jacs_set_jnk1_manual_flips_18624-1.sdf,,data/fep/jacs_set/jacs_set_jnk1_manual_flips_protein.pdb,18624-1,-8.489999771118164,-7.659999847412109,0.0900000035762786,jacs_set/jnk1_manual_flips,jacs_set,108,jacs_set_jnk1_manual_flips_18624-1.sdf,jacs_set_jnk1_manual_flips_protein.pdb,6.644055,6.1217203,6.2865453,5.907636,6.8957186,6.388829,6.8761744,6.3320503,6.4299836,6.318427,6.420114
jacs_set/jnk1_manual_flips/18652-1,7.859614767474929,data/fep/jacs_set/jacs_set_jnk1_manual_flips_18652-1.sdf,,data/fep/jacs_set/jacs_set_jnk1_manual_flips_protein.pdb,18652-1,-10.68000030517578,-11.020000457763672,0.0900000035762786,jacs_set/jnk1_manual_flips,jacs_set,109,jacs_set_jnk1_manual_flips_18652-1.sdf,jacs_set_jnk1_manual_flips_protein.pdb,6.850464,6.367919,6.9125843,6.825488,6.919858,7.074713,7.451803,7.088586,6.7087717,7.4331264,6.9633317
jacs_set/thrombin_core/6a,6.755736320439776,data/fep/jacs_set/jacs_set_thrombin_core_6a.sdf,,data/fep/jacs_set/jacs_set_thrombin_core_protein.pdb,6a,-9.18000030517578,-9.65999984741211,0.1400000005960464,jacs_set/thrombin_core,jacs_set,110,jacs_set_thrombin_core_6a.sdf,jacs_set_thrombin_core_protein.pdb,7.498691,6.531425,6.787805,6.8229737,7.58715,7.0005593,7.26319,6.947209,7.120389,7.599526,7.115892
jacs_set/thrombin_core/3a,6.122845561637,data/fep/jacs_set/jacs_set_thrombin_core_3a.sdf,,data/fep/jacs_set/jacs_set_thrombin_core_protein.pdb,3a,-8.319999694824219,-7.789999961853027,0.1299999952316284,jacs_set/thrombin_core,jacs_set,111,jacs_set_thrombin_core_3a.sdf,jacs_set_thrombin_core_protein.pdb,5.1567755,4.7734485,5.465335,4.9639406,5.0998764,5.877431,5.7656593,5.3578377,5.250638,5.517826,5.322877
jacs_set/thrombin_core/1d,6.071331458693337,data/fep/jacs_set/jacs_set_thrombin_core_1d.sdf,,data/fep/jacs_set/jacs_set_thrombin_core_protein.pdb,1d,-8.25,-9.420000076293944,0.1299999952316284,jacs_set/thrombin_core,jacs_set,112,jacs_set_thrombin_core_1d.sdf,jacs_set_thrombin_core_protein.pdb,6.5847387,6.1412888,6.530422,6.3428006,6.5429864,7.216842,6.47822,6.1185565,6.6044703,7.0479608,6.560829
jacs_set/thrombin_core/6e,6.5570378630964825,data/fep/jacs_set/jacs_set_thrombin_core_6e.sdf,,data/fep/jacs_set/jacs_set_thrombin_core_protein.pdb,6e,-8.90999984741211,-8.609999656677246,0.1299999952316284,jacs_set/thrombin_core,jacs_set,113,jacs_set_thrombin_core_6e.sdf,jacs_set_thrombin_core_protein.pdb,7.571903,6.883163,6.9650655,6.950983,8.0484495,7.063709,7.515328,7.299053,7.5151887,7.599748,7.341259
jacs_set/thrombin_core/6b,6.5423198487527285,data/fep/jacs_set/jacs_set_thrombin_core_6b.sdf,,data/fep/jacs_set/jacs_set_thrombin_core_protein.pdb,6b,-8.890000343322754,-9.06999969482422,0.1299999952316284,jacs_set/thrombin_core,jacs_set,114,jacs_set_thrombin_core_6b.sdf,jacs_set_thrombin_core_protein.pdb,6.755946,5.6161294,6.759328,5.5964227,6.861316,6.45053,6.654294,6.7550526,6.4659357,6.481826,6.439678
jacs_set/thrombin_core/1b,6.22587446935134,data/fep/jacs_set/jacs_set_thrombin_core_1b.sdf,,data/fep/jacs_set/jacs_set_thrombin_core_protein.pdb,1b,-8.460000038146973,-8.1899995803833,0.1599999964237213,jacs_set/thrombin_core,jacs_set,115,jacs_set_thrombin_core_1b.sdf,jacs_set_thrombin_core_protein.pdb,5.7647614,5.2506075,5.3444443,4.862241,5.2765946,5.6773143,5.4842105,4.971344,5.1158566,5.586336,5.333371
jacs_set/thrombin_core/1a,5.5046738699185,data/fep/jacs_set/jacs_set_thrombin_core_1a.sdf,,data/fep/jacs_set/jacs_set_thrombin_core_protein.pdb,1a,-7.480000019073486,-7.320000171661377,0.1400000005960464,jacs_set/thrombin_core,jacs_set,116,jacs_set_thrombin_core_1a.sdf,jacs_set_thrombin_core_protein.pdb,5.606318,5.3168206,5.238023,5.123979,5.728694,6.1110263,5.6016164,5.4722004,5.550734,5.591949,5.5341363
jacs_set/thrombin_core/5,5.5782656962048085,data/fep/jacs_set/jacs_set_thrombin_core_5.sdf,,data/fep/jacs_set/jacs_set_thrombin_core_protein.pdb,5,-7.579999923706055,-6.699999809265137,0.1299999952316284,jacs_set/thrombin_core,jacs_set,117,jacs_set_thrombin_core_5.sdf,jacs_set_thrombin_core_protein.pdb,4.980393,4.859429,4.9616127,4.8936763,5.141499,5.1358447,5.526654,4.6550756,5.1980386,5.35496,5.0707183
jacs_set/thrombin_core/3b,5.78432316071998,data/fep/jacs_set/jacs_set_thrombin_core_3b.sdf,,data/fep/jacs_set/jacs_set_thrombin_core_protein.pdb,3b,-7.860000133514404,-7.860000133514404,0.1400000005960464,jacs_set/thrombin_core,jacs_set,118,jacs_set_thrombin_core_3b.sdf,jacs_set_thrombin_core_protein.pdb,5.5254474,5.5735006,5.771938,5.3870664,5.44007,6.0078926,5.85166,5.576894,5.5591254,5.8509164,5.6544504
jacs_set/thrombin_core/7a,6.049254086264199,data/fep/jacs_set/jacs_set_thrombin_core_7a.sdf,,data/fep/jacs_set/jacs_set_thrombin_core_protein.pdb,7a,-8.220000267028809,-8.050000190734863,0.1299999952316284,jacs_set/thrombin_core,jacs_set,119,jacs_set_thrombin_core_7a.sdf,jacs_set_thrombin_core_protein.pdb,5.16992,4.880154,6.1793084,5.0911736,5.3377433,6.0565057,5.9638476,5.9994464,5.8329735,6.430978,5.6942053
jacs_set/thrombin_core/1c,6.299466646551156,data/fep/jacs_set/jacs_set_thrombin_core_1c.sdf,,data/fep/jacs_set/jacs_set_thrombin_core_protein.pdb,1c,-8.5600004196167,-9.039999961853027,0.1299999952316284,jacs_set/thrombin_core,jacs_set,120,jacs_set_thrombin_core_1c.sdf,jacs_set_thrombin_core_protein.pdb,6.5786753,5.722951,6.329032,5.4173636,6.0051994,6.8315516,6.018004,6.008141,5.5669804,6.671225,6.1149125
jacs_set/tyk2/jmc_23,8.610251746508785,data/fep/jacs_set/jacs_set_tyk2_jmc_23.sdf,,data/fep/jacs_set/jacs_set_tyk2_protein.pdb,jmc_23,-11.699999809265137,-11.270000457763672,0.1099999994039535,jacs_set/tyk2,jacs_set,121,jacs_set_tyk2_jmc_23.sdf,jacs_set_tyk2_protein.pdb,8.237077,8.094113,8.267902,8.079377,8.340592,8.560829,8.464968,7.975408,8.093709,7.9376636,8.205164
jacs_set/tyk2/ejm_47,7.138413817128582,data/fep/jacs_set/jacs_set_tyk2_ejm_47.sdf,,data/fep/jacs_set/jacs_set_tyk2_protein.pdb,ejm_47,-9.699999809265137,-9.9399995803833,0.1099999994039535,jacs_set/tyk2,jacs_set,122,jacs_set_tyk2_ejm_47.sdf,jacs_set_tyk2_protein.pdb,7.1333985,6.742048,7.9154463,7.184738,7.1322236,7.1774387,7.4718003,7.2875004,7.3031063,7.1707153,7.2518415
jacs_set/tyk2/ejm_49,5.703371976348287,data/fep/jacs_set/jacs_set_tyk2_ejm_49.sdf,,data/fep/jacs_set/jacs_set_tyk2_protein.pdb,ejm_49,-7.75,-8.050000190734863,0.1099999994039535,jacs_set/tyk2,jacs_set,123,jacs_set_tyk2_ejm_49.sdf,jacs_set_tyk2_protein.pdb,6.0676603,6.924305,6.442835,6.6584573,6.4797306,7.0454473,7.6325088,6.742232,6.548533,7.2085943,6.7750306
jacs_set/tyk2/ejm_31,7.020666895070488,data/fep/jacs_set/jacs_set_tyk2_ejm_31.sdf,,data/fep/jacs_set/jacs_set_tyk2_protein.pdb,ejm_31,-9.539999961853027,-9.90999984741211,0.1099999994039535,jacs_set/tyk2,jacs_set,124,jacs_set_tyk2_ejm_31.sdf,jacs_set_tyk2_protein.pdb,6.798529,6.9131207,6.3208804,6.5349283,6.4742527,6.9851227,7.0795846,6.533337,6.773808,7.1987357,6.7612295
jacs_set/tyk2/ejm_45,7.035385611241257,data/fep/jacs_set/jacs_set_tyk2_ejm_45.sdf,,data/fep/jacs_set/jacs_set_tyk2_protein.pdb,ejm_45,-9.5600004196167,-9.65999984741211,0.1199999973177909,jacs_set/tyk2,jacs_set,125,jacs_set_tyk2_ejm_45.sdf,jacs_set_tyk2_protein.pdb,7.449437,7.57061,8.102863,7.07254,7.396763,7.5053535,7.943165,7.179642,7.9893575,7.6668205,7.5876555
jacs_set/tyk2/ejm_44,5.460518774146715,data/fep/jacs_set/jacs_set_tyk2_ejm_44.sdf,,data/fep/jacs_set/jacs_set_tyk2_protein.pdb,ejm_44,-7.420000076293945,-6.480000019073486,0.1299999952316284,jacs_set/tyk2,jacs_set,126,jacs_set_tyk2_ejm_44.sdf,jacs_set_tyk2_protein.pdb,6.300001,6.626562,6.845243,6.343297,6.6534653,7.27285,6.334975,7.100729,6.5646644,6.58603,6.662782
jacs_set/tyk2/ejm_43,6.078690816778723,data/fep/jacs_set/jacs_set_tyk2_ejm_43.sdf,,data/fep/jacs_set/jacs_set_tyk2_protein.pdb,ejm_43,-8.260000228881836,-8.300000190734863,0.1199999973177909,jacs_set/tyk2,jacs_set,127,jacs_set_tyk2_ejm_43.sdf,jacs_set_tyk2_protein.pdb,6.0690246,7.065913,6.9736,6.7263727,6.8446445,6.850426,6.2033925,6.5141745,6.6608534,6.6313286,6.6539736
jacs_set/tyk2/ejm_50,6.608551966040144,data/fep/jacs_set/jacs_set_tyk2_ejm_50.sdf,,data/fep/jacs_set/jacs_set_tyk2_protein.pdb,ejm_50,-8.979999542236328,-9.399999618530272,0.1199999973177909,jacs_set/tyk2,jacs_set,128,jacs_set_tyk2_ejm_50.sdf,jacs_set_tyk2_protein.pdb,6.838321,6.300214,6.8869348,6.333859,6.564126,6.559976,7.366539,6.5123343,6.8984685,6.685328,6.6946096
jacs_set/tyk2/ejm_42,7.197287278157629,data/fep/jacs_set/jacs_set_tyk2_ejm_42.sdf,,data/fep/jacs_set/jacs_set_tyk2_protein.pdb,ejm_42,-9.779999732971191,-9.949999809265137,0.1199999973177909,jacs_set/tyk2,jacs_set,129,jacs_set_tyk2_ejm_42.sdf,jacs_set_tyk2_protein.pdb,5.8595653,6.2028246,6.53113,5.7508473,6.4342575,6.2776766,6.6584325,5.918213,6.277223,6.0115666,6.1921735
jacs_set/tyk2/ejm_55,6.777813692868916,data/fep/jacs_set/jacs_set_tyk2_ejm_55.sdf,,data/fep/jacs_set/jacs_set_tyk2_protein.pdb,ejm_55,-9.210000038146973,-10.34000015258789,0.1099999994039535,jacs_set/tyk2,jacs_set,130,jacs_set_tyk2_ejm_55.sdf,jacs_set_tyk2_protein.pdb,7.018,6.365862,6.994862,6.4100275,6.6940393,6.96349,6.5202847,7.033846,6.6772437,6.7267303,6.7404375
jacs_set/tyk2/ejm_48,6.623270682210914,data/fep/jacs_set/jacs_set_tyk2_ejm_48.sdf,,data/fep/jacs_set/jacs_set_tyk2_protein.pdb,ejm_48,-9.0,-8.859999656677246,0.1199999973177909,jacs_set/tyk2,jacs_set,131,jacs_set_tyk2_ejm_48.sdf,jacs_set_tyk2_protein.pdb,7.1274266,6.813486,7.6773725,6.950317,7.0740967,7.1596603,7.2559776,6.9157033,7.0437546,7.1282434,7.1146035
jacs_set/tyk2/ejm_54,7.749226501675205,data/fep/jacs_set/jacs_set_tyk2_ejm_54.sdf,,data/fep/jacs_set/jacs_set_tyk2_protein.pdb,ejm_54,-10.529999732971191,-10.380000114440918,0.1099999994039535,jacs_set/tyk2,jacs_set,132,jacs_set_tyk2_ejm_54.sdf,jacs_set_tyk2_protein.pdb,6.564266,6.1989717,6.6901317,6.292626,6.969463,6.934902,6.584451,7.3477077,6.9135804,6.6135206,6.710962
jacs_set/tyk2/jmc_28,8.080389895420348,data/fep/jacs_set/jacs_set_tyk2_jmc_28.sdf,,data/fep/jacs_set/jacs_set_tyk2_protein.pdb,jmc_28,-10.979999542236328,-10.34000015258789,0.1099999994039535,jacs_set/tyk2,jacs_set,133,jacs_set_tyk2_jmc_28.sdf,jacs_set_tyk2_protein.pdb,7.415446,7.1279173,8.116496,6.576615,7.5564523,7.3483515,8.085686,7.1979413,7.4144716,7.5953174,7.443469
jacs_set/tyk2/jmc_27,8.301165725192782,data/fep/jacs_set/jacs_set_tyk2_jmc_27.sdf,,data/fep/jacs_set/jacs_set_tyk2_protein.pdb,jmc_27,-11.279999732971191,-11.100000381469728,0.1099999994039535,jacs_set/tyk2,jacs_set,134,jacs_set_tyk2_jmc_27.sdf,jacs_set_tyk2_protein.pdb,8.034368,7.5697727,7.710047,6.944976,8.1446085,7.953464,7.755987,7.522436,7.5471354,7.156453,7.633925
jacs_set/tyk2/jmc_30,8.050953164905824,data/fep/jacs_set/jacs_set_tyk2_jmc_30.sdf,,data/fep/jacs_set/jacs_set_tyk2_protein.pdb,jmc_30,-10.9399995803833,-11.130000114440918,0.1099999994039535,jacs_set/tyk2,jacs_set,135,jacs_set_tyk2_jmc_30.sdf,jacs_set_tyk2_protein.pdb,7.557409,8.198045,7.9374595,7.699878,8.043816,7.975473,7.946929,7.8148603,7.942723,8.128767,7.924536
jacs_set/tyk2/ejm_46,8.323243799448935,data/fep/jacs_set/jacs_set_tyk2_ejm_46.sdf,,data/fep/jacs_set/jacs_set_tyk2_protein.pdb,ejm_46,-11.3100004196167,-10.81999969482422,0.1199999973177909,jacs_set/tyk2,jacs_set,136,jacs_set_tyk2_ejm_46.sdf,jacs_set_tyk2_protein.pdb,8.059607,7.704863,8.109536,7.840789,7.71113,7.786347,8.271171,7.8826737,7.884546,7.819548,7.9070215
jacs_set/p38/2j,7.418063107930064,data/fep/jacs_set/jacs_set_p38_2j.sdf,,data/fep/jacs_set/jacs_set_p38_protein.pdb,2j,-10.079999923706056,-9.289999961853027,0.0700000002980232,jacs_set/p38,jacs_set,137,jacs_set_p38_2j.sdf,jacs_set_p38_protein.pdb,7.5932746,7.569951,7.545671,7.895075,7.499004,8.57888,8.058733,8.090419,7.772245,7.4942555,7.8097506
jacs_set/p38/2gg,7.84489605130416,data/fep/jacs_set/jacs_set_p38_2gg.sdf,,data/fep/jacs_set/jacs_set_p38_protein.pdb,2gg,-10.65999984741211,-9.34000015258789,0.0799999982118606,jacs_set/p38,jacs_set,138,jacs_set_p38_2gg.sdf,jacs_set_p38_protein.pdb,7.454823,7.7773247,7.5985165,7.3547864,7.3095555,7.6005287,7.274622,7.5168085,7.8806605,7.8018775,7.5569506
jacs_set/p38/2q,9.022366675539129,data/fep/jacs_set/jacs_set_p38_2q.sdf,,data/fep/jacs_set/jacs_set_p38_protein.pdb,2q,-12.260000228881836,-11.779999732971191,0.0799999982118606,jacs_set/p38,jacs_set,139,jacs_set_p38_2q.sdf,jacs_set_p38_protein.pdb,7.598907,7.869599,7.7211514,7.725861,7.6620736,7.9723763,7.840985,7.427293,7.5424604,7.8082094,7.7168913
jacs_set/p38/2t,8.720640012308511,data/fep/jacs_set/jacs_set_p38_2t.sdf,,data/fep/jacs_set/jacs_set_p38_protein.pdb,2t,-11.850000381469728,-10.90999984741211,0.0799999982118606,jacs_set/p38,jacs_set,140,jacs_set_p38_2t.sdf,jacs_set_p38_protein.pdb,7.7921667,7.706762,7.884172,8.178459,7.939276,7.919248,7.952391,7.4304433,7.9311275,7.948497,7.868254
jacs_set/p38/2g,7.84489605130416,data/fep/jacs_set/jacs_set_p38_2g.sdf,,data/fep/jacs_set/jacs_set_p38_protein.pdb,2g,-10.65999984741211,-11.029999732971191,0.0700000002980232,jacs_set/p38,jacs_set,141,jacs_set_p38_2g.sdf,jacs_set_p38_protein.pdb,7.4285493,7.557788,7.697528,7.714911,7.6270547,7.726252,7.7682176,7.4298615,7.3877926,6.650132,7.498809
jacs_set/p38/2l,9.022366675539129,data/fep/jacs_set/jacs_set_p38_2l.sdf,,data/fep/jacs_set/jacs_set_p38_protein.pdb,2l,-12.260000228881836,-12.09000015258789,0.0700000002980232,jacs_set/p38,jacs_set,142,jacs_set_p38_2l.sdf,jacs_set_p38_protein.pdb,7.840912,7.9146376,7.8394475,7.8938932,8.009332,8.165354,8.158142,7.8211417,7.691726,7.361197,7.869578
jacs_set/p38/2ee,9.022366675539129,data/fep/jacs_set/jacs_set_p38_2ee.sdf,,data/fep/jacs_set/jacs_set_p38_protein.pdb,2ee,-12.260000228881836,-10.65999984741211,0.0700000002980232,jacs_set/p38,jacs_set,143,jacs_set_p38_2ee.sdf,jacs_set_p38_protein.pdb,7.235763,7.277818,7.2578926,7.5273123,7.1564765,7.3047686,7.484758,7.118589,7.111872,6.5657067,7.204095
jacs_set/p38/2aa,6.821969139554209,data/fep/jacs_set/jacs_set_p38_2aa.sdf,,data/fep/jacs_set/jacs_set_p38_protein.pdb,2aa,-9.270000457763672,-11.199999809265137,0.0799999982118606,jacs_set/p38,jacs_set,144,jacs_set_p38_2aa.sdf,jacs_set_p38_protein.pdb,6.6576242,7.840532,7.5519595,7.7006364,6.6797295,7.5116506,7.238864,7.390867,6.759543,6.9881086,7.231951
jacs_set/p38/2o,7.7197897711606815,data/fep/jacs_set/jacs_set_p38_2o.sdf,,data/fep/jacs_set/jacs_set_p38_protein.pdb,2o,-10.489999771118164,-10.329999923706056,0.0700000002980232,jacs_set/p38,jacs_set,145,jacs_set_p38_2o.sdf,jacs_set_p38_protein.pdb,8.044196,8.001225,8.179278,8.151388,7.940602,8.459764,7.675842,7.1768107,7.997367,7.652483,7.9278955
jacs_set/p38/3flw,7.859614767474929,data/fep/jacs_set/jacs_set_p38_3flw.sdf,,data/fep/jacs_set/jacs_set_p38_protein.pdb,3flw,-10.68000030517578,-11.90999984741211,0.1099999994039535,jacs_set/p38,jacs_set,146,jacs_set_p38_3flw.sdf,jacs_set_p38_protein.pdb,7.1195297,7.0784783,7.4471736,7.652973,7.3747325,7.649598,7.3957567,6.768394,6.942372,6.834453,7.226346
jacs_set/p38/2u,9.022366675539129,data/fep/jacs_set/jacs_set_p38_2u.sdf,,data/fep/jacs_set/jacs_set_p38_protein.pdb,2u,-12.260000228881836,-12.050000190734863,0.0799999982118606,jacs_set/p38,jacs_set,147,jacs_set_p38_2u.sdf,jacs_set_p38_protein.pdb,8.0460205,7.7464476,8.011223,7.9562883,7.7518935,8.300416,7.924855,7.5899296,8.20597,7.857948,7.9390993
jacs_set/p38/2p,8.242292264163734,data/fep/jacs_set/jacs_set_p38_2p.sdf,,data/fep/jacs_set/jacs_set_p38_protein.pdb,2p,-11.199999809265137,-10.6899995803833,0.0799999982118606,jacs_set/p38,jacs_set,148,jacs_set_p38_2p.sdf,jacs_set_p38_protein.pdb,7.9484596,8.074922,8.146395,8.352401,7.57373,8.453865,7.9068327,7.918294,7.898546,7.7026935,7.9976134
jacs_set/p38/2h,6.976511448385195,data/fep/jacs_set/jacs_set_p38_2h.sdf,,data/fep/jacs_set/jacs_set_p38_protein.pdb,2h,-9.479999542236328,-8.960000038146973,0.0700000002980232,jacs_set/p38,jacs_set,149,jacs_set_p38_2h.sdf,jacs_set_p38_protein.pdb,7.643413,7.6242104,7.8522806,7.8125973,7.6975355,7.6405025,7.67197,7.5250497,7.4607453,7.1547985,7.6083107
jacs_set/p38/3fmk,8.705921296137742,data/fep/jacs_set/jacs_set_p38_3fmk.sdf,,data/fep/jacs_set/jacs_set_p38_protein.pdb,3fmk,-11.829999923706056,-13.619999885559082,0.0799999982118606,jacs_set/p38,jacs_set,150,jacs_set_p38_3fmk.sdf,jacs_set_p38_protein.pdb,7.5669127,7.7861624,7.513198,7.6762133,7.4797907,7.853977,7.6588197,7.018325,7.209257,7.3457565,7.5108414
jacs_set/p38/2i,7.395985735500924,data/fep/jacs_set/jacs_set_p38_2i.sdf,,data/fep/jacs_set/jacs_set_p38_protein.pdb,2i,-10.050000190734863,-9.670000076293944,0.0700000002980232,jacs_set/p38,jacs_set,151,jacs_set_p38_2i.sdf,jacs_set_p38_protein.pdb,7.4263325,7.227081,7.7215433,7.9214787,7.5008783,8.058778,8.005552,7.8900976,7.890062,7.352392,7.6994195
jacs_set/p38/2f,6.240592483695093,data/fep/jacs_set/jacs_set_p38_2f.sdf,,data/fep/jacs_set/jacs_set_p38_protein.pdb,2f,-8.479999542236328,-9.380000114440918,0.0799999982118606,jacs_set/p38,jacs_set,152,jacs_set_p38_2f.sdf,jacs_set_p38_protein.pdb,7.5275292,7.2038894,7.646069,7.7456775,7.444387,7.8189974,7.851786,7.39862,7.2391367,6.8974023,7.4773493
jacs_set/p38/2x,7.528450671902771,data/fep/jacs_set/jacs_set_p38_2x.sdf,,data/fep/jacs_set/jacs_set_p38_protein.pdb,2x,-10.229999542236328,-9.979999542236328,0.0799999982118606,jacs_set/p38,jacs_set,153,jacs_set_p38_2x.sdf,jacs_set_p38_protein.pdb,7.7604566,7.6608896,7.3606625,7.687918,7.396895,8.189363,7.6826997,7.05155,7.264598,6.913495,7.496853
jacs_set/p38/2ff,8.418912647250876,data/fep/jacs_set/jacs_set_p38_2ff.sdf,,data/fep/jacs_set/jacs_set_p38_protein.pdb,2ff,-11.4399995803833,-10.350000381469728,0.0700000002980232,jacs_set/p38,jacs_set,154,jacs_set_p38_2ff.sdf,jacs_set_p38_protein.pdb,8.008281,7.8210244,7.9181657,7.857662,7.338204,8.180665,7.859926,7.5135064,7.771492,7.2601275,7.7529044
jacs_set/p38/2k,7.763945217845975,data/fep/jacs_set/jacs_set_p38_2k.sdf,,data/fep/jacs_set/jacs_set_p38_protein.pdb,2k,-10.550000190734863,-10.220000267028809,0.0700000002980232,jacs_set/p38,jacs_set,155,jacs_set_p38_2k.sdf,jacs_set_p38_protein.pdb,7.717615,7.409612,7.564484,7.571615,7.965493,8.058872,7.6501894,7.123893,7.435112,7.457936,7.595483
jacs_set/p38/2n,8.720640012308511,data/fep/jacs_set/jacs_set_p38_2n.sdf,,data/fep/jacs_set/jacs_set_p38_protein.pdb,2n,-11.850000381469728,-11.890000343322754,0.0799999982118606,jacs_set/p38,jacs_set,156,jacs_set_p38_2n.sdf,jacs_set_p38_protein.pdb,8.299347,7.8377094,7.83496,8.300312,7.9389553,8.364827,7.708038,7.760155,7.7655506,7.7777667,7.9587617
jacs_set/p38/3flq,7.307675543957352,data/fep/jacs_set/jacs_set_p38_3flq.sdf,,data/fep/jacs_set/jacs_set_p38_protein.pdb,3flq,-9.93000030517578,-9.640000343322754,0.0799999982118606,jacs_set/p38,jacs_set,157,jacs_set_p38_3flq.sdf,jacs_set_p38_protein.pdb,7.8927336,7.6495414,7.625548,8.068215,7.9071817,7.8206363,7.750239,7.4794474,7.656744,7.422054,7.727234
jacs_set/p38/3fln,8.006798420047547,data/fep/jacs_set/jacs_set_p38_3fln.sdf,,data/fep/jacs_set/jacs_set_p38_protein.pdb,3fln,-10.880000114440918,-11.119999885559082,0.0700000002980232,jacs_set/p38,jacs_set,158,jacs_set_p38_3fln.sdf,jacs_set_p38_protein.pdb,7.867798,7.606586,7.70835,7.799652,7.4678016,8.070612,7.84009,7.4900084,7.5249085,7.158634,7.653444
jacs_set/p38/2e,7.8743327818186835,data/fep/jacs_set/jacs_set_p38_2e.sdf,,data/fep/jacs_set/jacs_set_p38_protein.pdb,2e,-10.699999809265137,-9.93000030517578,0.0799999982118606,jacs_set/p38,jacs_set,159,jacs_set_p38_2e.sdf,jacs_set_p38_protein.pdb,7.4172087,7.0767655,7.447544,7.831401,7.3100057,7.9157557,7.760725,7.5070195,7.4265494,7.1337714,7.482675
jacs_set/p38/3fmh,7.97000233144764,data/fep/jacs_set/jacs_set_p38_3fmh.sdf,,data/fep/jacs_set/jacs_set_p38_protein.pdb,3fmh,-10.829999923706056,-11.210000038146973,0.0799999982118606,jacs_set/p38,jacs_set,160,jacs_set_p38_3fmh.sdf,jacs_set_p38_protein.pdb,7.514215,7.9538016,7.710108,7.6843376,7.4004574,7.7010913,7.8429837,6.851795,7.2992454,7.222683,7.518071
jacs_set/p38/2c,7.697712398731543,data/fep/jacs_set/jacs_set_p38_2c.sdf,,data/fep/jacs_set/jacs_set_p38_protein.pdb,2c,-10.460000038146973,-11.539999961853027,0.0900000035762786,jacs_set/p38,jacs_set,161,jacs_set_p38_2c.sdf,jacs_set_p38_protein.pdb,7.1931515,6.910666,7.040572,7.155129,7.006574,6.5086613,7.861428,7.202009,7.2344904,6.9050913,7.101777
jacs_set/p38/2y,7.197287278157629,data/fep/jacs_set/jacs_set_p38_2y.sdf,,data/fep/jacs_set/jacs_set_p38_protein.pdb,2y,-9.779999732971191,-9.5600004196167,0.0799999982118606,jacs_set/p38,jacs_set,162,jacs_set_p38_2y.sdf,jacs_set_p38_protein.pdb,7.7037287,7.619643,7.489273,7.657045,6.906126,7.0832663,7.176318,6.6983914,7.1572213,6.8680506,7.235906
jacs_set/p38/2s,8.176059445049303,data/fep/jacs_set/jacs_set_p38_2s.sdf,,data/fep/jacs_set/jacs_set_p38_protein.pdb,2s,-11.109999656677246,-11.6899995803833,0.0799999982118606,jacs_set/p38,jacs_set,163,jacs_set_p38_2s.sdf,jacs_set_p38_protein.pdb,8.392311,8.21513,7.9680805,8.016785,7.935075,8.445443,7.598341,7.601737,7.7448826,7.74937,7.9667153
jacs_set/p38/2m,8.065671881076593,data/fep/jacs_set/jacs_set_p38_2m.sdf,,data/fep/jacs_set/jacs_set_p38_protein.pdb,2m,-10.960000038146973,-12.130000114440918,0.0700000002980232,jacs_set/p38,jacs_set,164,jacs_set_p38_2m.sdf,jacs_set_p38_protein.pdb,7.9699116,7.556167,7.9049544,8.200155,7.689561,8.264893,7.916627,7.4175344,7.714254,7.799354,7.843341
jacs_set/p38/2bb,6.6674261288962064,data/fep/jacs_set/jacs_set_p38_2bb.sdf,,data/fep/jacs_set/jacs_set_p38_protein.pdb,2bb,-9.0600004196167,-9.34000015258789,0.0799999982118606,jacs_set/p38,jacs_set,165,jacs_set_p38_2bb.sdf,jacs_set_p38_protein.pdb,7.612829,7.780191,7.717107,7.6950436,6.8291855,7.568565,7.207009,7.1278453,7.344609,6.6257625,7.350815
jacs_set/p38/2v,6.601193309781776,data/fep/jacs_set/jacs_set_p38_2v.sdf,,data/fep/jacs_set/jacs_set_p38_protein.pdb,2v,-8.970000267028809,-9.020000457763672,0.0700000002980232,jacs_set/p38,jacs_set,166,jacs_set_p38_2v.sdf,jacs_set_p38_protein.pdb,6.8269067,7.377404,7.045812,7.1122947,6.3509026,7.16059,7.0890837,6.755241,7.0622883,7.0073557,6.978788
jacs_set/p38/2r,7.940565600933115,data/fep/jacs_set/jacs_set_p38_2r.sdf,,data/fep/jacs_set/jacs_set_p38_protein.pdb,2r,-10.789999961853027,-10.760000228881836,0.0700000002980232,jacs_set/p38,jacs_set,167,jacs_set_p38_2r.sdf,jacs_set_p38_protein.pdb,7.943405,7.9060836,7.941685,8.209301,7.997038,8.00742,7.5984178,7.8326993,7.869471,7.729012,7.903453
jacs_set/p38/3flz,6.98387080647058,data/fep/jacs_set/jacs_set_p38_3flz.sdf,,data/fep/jacs_set/jacs_set_p38_protein.pdb,3flz,-9.489999771118164,-10.100000381469728,0.0700000002980232,jacs_set/p38,jacs_set,168,jacs_set_p38_3flz.sdf,jacs_set_p38_protein.pdb,7.371505,7.1387343,7.521373,7.2505403,7.1591663,7.7282577,7.5460668,7.311448,7.189148,6.7833996,7.2999635
jacs_set/p38/2z,7.624120221531727,data/fep/jacs_set/jacs_set_p38_2z.sdf,,data/fep/jacs_set/jacs_set_p38_protein.pdb,2z,-10.359999656677246,-10.210000038146973,0.0799999982118606,jacs_set/p38,jacs_set,169,jacs_set_p38_2z.sdf,jacs_set_p38_protein.pdb,7.388549,7.7660036,7.523718,7.097718,7.463836,7.7655177,7.613383,7.0863514,7.1768975,6.621212,7.350319
jacs_set/p38/3fly,8.404194632907119,data/fep/jacs_set/jacs_set_p38_3fly.sdf,,data/fep/jacs_set/jacs_set_p38_protein.pdb,3fly,-11.420000076293944,-10.960000038146973,0.0799999982118606,jacs_set/p38,jacs_set,170,jacs_set_p38_3fly.sdf,jacs_set_p38_protein.pdb,7.424358,7.3043337,7.710504,7.3200636,7.146797,7.5809574,7.4967346,7.127027,7.280093,7.0077295,7.33986
jacs_set/bace/CAT-13n,6.286955878171405,data/fep/jacs_set/jacs_set_bace_CAT-13n.sdf,,data/fep/jacs_set/jacs_set_bace_protein.pdb,CAT-13n,-8.543000221252441,-7.679999828338623,0.0799999982118606,jacs_set/bace,jacs_set,171,jacs_set_bace_CAT-13n.sdf,jacs_set_bace_protein.pdb,6.856781,5.9884753,6.3418903,6.0477614,6.5085583,6.667341,6.8163066,6.4011855,6.1076465,6.4769735,6.4212923
jacs_set/bace/CAT-13e,7.331960864177512,data/fep/jacs_set/jacs_set_bace_CAT-13e.sdf,,data/fep/jacs_set/jacs_set_bace_protein.pdb,CAT-13e,-9.963000297546388,-10.520000457763672,0.0799999982118606,jacs_set/bace,jacs_set,172,jacs_set_bace_CAT-13e.sdf,jacs_set_bace_protein.pdb,6.7551575,6.7978144,6.7240295,6.804855,6.412865,7.157477,6.7323027,6.824864,6.715025,6.5999846,6.7524376
jacs_set/bace/CAT-4a,5.838045211454661,data/fep/jacs_set/jacs_set_bace_CAT-4a.sdf,,data/fep/jacs_set/jacs_set_bace_protein.pdb,CAT-4a,-7.933000087738037,-8.670000076293945,0.0900000035762786,jacs_set/bace,jacs_set,173,jacs_set_bace_CAT-4a.sdf,jacs_set_bace_protein.pdb,6.001038,5.2878284,5.6738057,5.636781,5.891362,5.5101714,5.659106,5.4852414,5.583126,5.522497,5.6250954
jacs_set/bace/CAT-4m,6.735866193974641,data/fep/jacs_set/jacs_set_bace_CAT-4m.sdf,,data/fep/jacs_set/jacs_set_bace_protein.pdb,CAT-4m,-9.152999877929688,-9.050000190734863,0.0799999982118606,jacs_set/bace,jacs_set,174,jacs_set_bace_CAT-4m.sdf,jacs_set_bace_protein.pdb,5.904246,5.7903585,6.343363,6.3027925,6.653853,6.098608,6.4511476,6.370833,6.2528243,6.200519,6.2368546
jacs_set/bace/CAT-17b,7.376115609035788,data/fep/jacs_set/jacs_set_bace_CAT-17b.sdf,,data/fep/jacs_set/jacs_set_bace_protein.pdb,CAT-17b,-10.02299976348877,-8.819999694824219,0.0799999982118606,jacs_set/bace,jacs_set,175,jacs_set_bace_CAT-17b.sdf,jacs_set_bace_protein.pdb,5.840739,6.562161,6.441081,6.34376,5.917164,5.8034286,6.1756425,6.8147445,5.734879,6.6576133,6.229121
jacs_set/bace/CAT-13j,6.4267801726586375,data/fep/jacs_set/jacs_set_bace_CAT-13j.sdf,,data/fep/jacs_set/jacs_set_bace_protein.pdb,CAT-13j,-8.732999801635742,-9.06999969482422,0.0900000035762786,jacs_set/bace,jacs_set,176,jacs_set_bace_CAT-13j.sdf,jacs_set_bace_protein.pdb,6.269768,6.118891,6.347188,5.9920764,6.481578,6.474491,6.263351,6.3819537,6.0569544,6.4362326,6.2822485
jacs_set/bace/CAT-13d,7.707279002780931,data/fep/jacs_set/jacs_set_bace_CAT-13d.sdf,,data/fep/jacs_set/jacs_set_bace_protein.pdb,CAT-13d,-10.472999572753906,-10.630000114440918,0.0799999982118606,jacs_set/bace,jacs_set,177,jacs_set_bace_CAT-13d.sdf,jacs_set_bace_protein.pdb,6.633499,7.086377,6.9358516,6.3788314,6.477715,6.996774,6.945757,6.8828974,6.5033703,6.898311,6.773938
jacs_set/bace/CAT-13b,6.713788821545503,data/fep/jacs_set/jacs_set_bace_CAT-13b.sdf,,data/fep/jacs_set/jacs_set_bace_protein.pdb,CAT-13b,-9.123000144958496,-9.630000114440918,0.0799999982118606,jacs_set/bace,jacs_set,178,jacs_set_bace_CAT-13b.sdf,jacs_set_bace_protein.pdb,6.2000318,6.532897,6.7407265,5.8423324,6.3829937,6.508329,6.1104774,6.564563,6.435494,6.510246,6.382809
jacs_set/bace/CAT-13a,6.507731707943838,data/fep/jacs_set/jacs_set_bace_CAT-13a.sdf,,data/fep/jacs_set/jacs_set_bace_protein.pdb,CAT-13a,-8.843000411987305,-9.279999732971191,0.0799999982118606,jacs_set/bace,jacs_set,179,jacs_set_bace_CAT-13a.sdf,jacs_set_bace_protein.pdb,6.4030414,6.5069847,6.590398,6.1615715,6.5716176,6.8435845,6.178692,6.1081023,6.347556,6.4425683,6.4154115
jacs_set/bace/CAT-13h,7.089107661975938,data/fep/jacs_set/jacs_set_bace_CAT-13h.sdf,,data/fep/jacs_set/jacs_set_bace_protein.pdb,CAT-13h,-9.633000373840332,-9.390000343322754,0.0799999982118606,jacs_set/bace,jacs_set,180,jacs_set_bace_CAT-13h.sdf,jacs_set_bace_protein.pdb,6.768779,7.037175,6.953973,6.9507575,6.521878,7.2153416,7.185729,7.0544653,6.906891,6.9036736,6.9498663
jacs_set/bace/CAT-13o,6.286955878171405,data/fep/jacs_set/jacs_set_bace_CAT-13o.sdf,,data/fep/jacs_set/jacs_set_bace_protein.pdb,CAT-13o,-8.543000221252441,-9.4399995803833,0.0799999982118606,jacs_set/bace,jacs_set,181,jacs_set_bace_CAT-13o.sdf,jacs_set_bace_protein.pdb,6.8801246,7.1449676,6.569325,6.721112,6.9459896,7.3675885,7.1874175,6.9506874,6.469882,7.4557533,6.969285
jacs_set/bace/CAT-13g,6.691711449116364,data/fep/jacs_set/jacs_set_bace_CAT-13g.sdf,,data/fep/jacs_set/jacs_set_bace_protein.pdb,CAT-13g,-9.093000411987305,-9.31999969482422,0.0900000035762786,jacs_set/bace,jacs_set,182,jacs_set_bace_CAT-13g.sdf,jacs_set_bace_protein.pdb,6.55702,6.6809983,6.533262,6.650945,6.3082347,6.665777,6.8081546,6.9672766,6.615798,6.419261,6.620673
jacs_set/bace/CAT-4k,5.779171750425614,data/fep/jacs_set/jacs_set_bace_CAT-4k.sdf,,data/fep/jacs_set/jacs_set_bace_protein.pdb,CAT-4k,-7.853000164031982,-7.849999904632568,0.0900000035762786,jacs_set/bace,jacs_set,183,jacs_set_bace_CAT-4k.sdf,jacs_set_bace_protein.pdb,6.157275,5.2852044,5.4897113,6.025292,5.8467827,5.6735654,5.9372587,5.7572145,5.982901,5.2980056,5.7453213
jacs_set/bace/CAT-17g,7.170058495434124,data/fep/jacs_set/jacs_set_bace_CAT-17g.sdf,,data/fep/jacs_set/jacs_set_bace_protein.pdb,CAT-17g,-9.743000030517578,-9.010000228881836,0.0799999982118606,jacs_set/bace,jacs_set,184,jacs_set_bace_CAT-17g.sdf,jacs_set_bace_protein.pdb,6.5342045,6.9264617,6.876708,6.6909585,6.4177647,7.0527244,6.843304,6.7205753,6.413926,6.8454733,6.7322097
jacs_set/bace/CAT-4l,6.875691190288889,data/fep/jacs_set/jacs_set_bace_CAT-4l.sdf,,data/fep/jacs_set/jacs_set_bace_protein.pdb,CAT-4l,-9.343000411987305,-7.170000076293945,0.0900000035762786,jacs_set/bace,jacs_set,185,jacs_set_bace_CAT-4l.sdf,jacs_set_bace_protein.pdb,6.523219,6.240029,6.5490265,6.6564794,6.33264,6.1967006,6.471081,6.3581862,6.110345,6.058791,6.34965
jacs_set/bace/CAT-4j,6.640196644345687,data/fep/jacs_set/jacs_set_bace_CAT-4j.sdf,,data/fep/jacs_set/jacs_set_bace_protein.pdb,CAT-4j,-9.02299976348877,-8.319999694824219,0.0799999982118606,jacs_set/bace,jacs_set,186,jacs_set_bace_CAT-4j.sdf,jacs_set_bace_protein.pdb,6.295434,5.67468,6.0716047,5.9048133,5.9842057,5.9617567,6.1550627,5.964537,5.7703557,5.766186,5.9548635
jacs_set/bace/CAT-4n,6.691711449116364,data/fep/jacs_set/jacs_set_bace_CAT-4n.sdf,,data/fep/jacs_set/jacs_set_bace_protein.pdb,CAT-4n,-9.093000411987305,-9.31999969482422,0.0900000035762786,jacs_set/bace,jacs_set,187,jacs_set_bace_CAT-4n.sdf,jacs_set_bace_protein.pdb,6.5254283,6.292542,7.0886497,6.6865053,6.8359365,6.654684,6.7604423,6.070126,6.514941,6.768888,6.6198144
jacs_set/bace/CAT-13i,6.824176385518212,data/fep/jacs_set/jacs_set_bace_CAT-13i.sdf,,data/fep/jacs_set/jacs_set_bace_protein.pdb,CAT-13i,-9.27299976348877,-10.760000228881836,0.0799999982118606,jacs_set/bace,jacs_set,188,jacs_set_bace_CAT-13i.sdf,jacs_set_bace_protein.pdb,6.8935556,6.759185,6.81802,6.320351,6.588461,7.032311,6.67638,6.8506627,6.299163,6.722796,6.6960883
jacs_set/bace/CAT-17f,6.934564651317936,data/fep/jacs_set/jacs_set_bace_CAT-17f.sdf,,data/fep/jacs_set/jacs_set_bace_protein.pdb,CAT-17f,-9.42300033569336,-9.739999771118164,0.0900000035762786,jacs_set/bace,jacs_set,189,jacs_set_bace_CAT-17f.sdf,jacs_set_bace_protein.pdb,6.466858,6.7267756,7.01318,6.974684,6.6469088,6.630822,6.8450885,6.189159,6.267987,6.874474,6.6635942
jacs_set/bace/CAT-4p,7.420271055721081,data/fep/jacs_set/jacs_set_bace_CAT-4p.sdf,,data/fep/jacs_set/jacs_set_bace_protein.pdb,CAT-4p,-10.083000183105469,-9.609999656677246,0.1000000014901161,jacs_set/bace,jacs_set,190,jacs_set_bace_CAT-4p.sdf,jacs_set_bace_protein.pdb,6.8707085,6.9382095,6.9723563,7.169246,6.8265624,7.13194,6.9739156,6.7598715,6.6791325,6.9580054,6.927995
jacs_set/bace/CAT-13c,6.86097247411812,data/fep/jacs_set/jacs_set_bace_CAT-13c.sdf,,data/fep/jacs_set/jacs_set_bace_protein.pdb,CAT-13c,-9.322999954223633,-9.630000114440918,0.0799999982118606,jacs_set/bace,jacs_set,191,jacs_set_bace_CAT-13c.sdf,jacs_set_bace_protein.pdb,6.049926,6.619995,6.769417,6.143566,6.4485464,6.791443,6.2295513,6.7458987,6.5006194,6.444688,6.474365
jacs_set/bace/CAT-24,8.352680529963461,data/fep/jacs_set/jacs_set_bace_CAT-24.sdf,,data/fep/jacs_set/jacs_set_bace_protein.pdb,CAT-24,-11.350000381469728,-10.789999961853027,0.0799999982118606,jacs_set/bace,jacs_set,192,jacs_set_bace_CAT-24.sdf,jacs_set_bace_protein.pdb,7.8801837,7.225302,7.53346,8.061525,7.7036276,7.8738575,7.9251833,7.966868,7.51411,7.8440223,7.752814
jacs_set/bace/CAT-4i,6.080898062742725,data/fep/jacs_set/jacs_set_bace_CAT-4i.sdf,,data/fep/jacs_set/jacs_set_bace_protein.pdb,CAT-4i,-8.262999534606934,-8.630000114440918,0.0900000035762786,jacs_set/bace,jacs_set,193,jacs_set_bace_CAT-4i.sdf,jacs_set_bace_protein.pdb,5.9955254,5.9495926,6.3088245,6.0735235,6.0626473,6.0313563,6.013669,5.8455973,5.9762545,5.946477,6.020346
jacs_set/bace/CAT-4c,5.779171750425614,data/fep/jacs_set/jacs_set_bace_CAT-4c.sdf,,data/fep/jacs_set/jacs_set_bace_protein.pdb,CAT-4c,-7.853000164031982,-7.980000019073486,0.0900000035762786,jacs_set/bace,jacs_set,194,jacs_set_bace_CAT-4c.sdf,jacs_set_bace_protein.pdb,5.963595,5.398239,5.309386,5.764484,5.6968775,5.427059,5.7495975,4.9827485,5.4032407,5.286355,5.498158
jacs_set/bace/CAT-17i,6.971360038090829,data/fep/jacs_set/jacs_set_bace_CAT-17i.sdf,,data/fep/jacs_set/jacs_set_bace_protein.pdb,CAT-17i,-9.472999572753906,-9.34000015258789,0.0799999982118606,jacs_set/bace,jacs_set,195,jacs_set_bace_CAT-17i.sdf,jacs_set_bace_protein.pdb,5.9016695,6.5518317,6.5602026,6.6093764,6.5598664,6.031703,6.691259,6.6898446,6.3943048,6.3753457,6.43654
jacs_set/bace/CAT-13k,7.140621764919601,data/fep/jacs_set/jacs_set_bace_CAT-13k.sdf,,data/fep/jacs_set/jacs_set_bace_protein.pdb,CAT-13k,-9.70300006866455,-10.510000228881836,0.0900000035762786,jacs_set/bace,jacs_set,196,jacs_set_bace_CAT-13k.sdf,jacs_set_bace_protein.pdb,6.473773,6.2321944,6.540255,6.268774,6.306418,6.6520457,6.50731,6.1859255,6.3165865,6.9764643,6.445974
jacs_set/bace/CAT-17a,7.89861810203884,data/fep/jacs_set/jacs_set_bace_CAT-17a.sdf,,data/fep/jacs_set/jacs_set_bace_protein.pdb,CAT-17a,-10.732999801635742,-11.350000381469728,0.0799999982118606,jacs_set/bace,jacs_set,197,jacs_set_bace_CAT-17a.sdf,jacs_set_bace_protein.pdb,6.844315,7.309241,7.261693,6.8833256,6.863093,7.2556815,7.207958,7.179101,6.736804,6.943571,7.048478
jacs_set/bace/CAT-17c,7.258368686977694,data/fep/jacs_set/jacs_set_bace_CAT-17c.sdf,,data/fep/jacs_set/jacs_set_bace_protein.pdb,CAT-17c,-9.86299991607666,-10.029999732971191,0.0900000035762786,jacs_set/bace,jacs_set,198,jacs_set_bace_CAT-17c.sdf,jacs_set_bace_protein.pdb,6.695013,6.8789268,6.649095,6.465088,6.561412,6.6235137,6.81161,6.4190187,6.583968,7.129275,6.6816916
jacs_set/bace/CAT-4o,6.905127920803413,data/fep/jacs_set/jacs_set_bace_CAT-4o.sdf,,data/fep/jacs_set/jacs_set_bace_protein.pdb,CAT-4o,-9.383000373840332,-8.6899995803833,0.0799999982118606,jacs_set/bace,jacs_set,199,jacs_set_bace_CAT-4o.sdf,jacs_set_bace_protein.pdb,6.6972036,6.4632835,6.5257287,6.646858,6.4593616,7.0942736,6.4709005,6.276069,6.2645855,6.446898,6.5345163
jacs_set/bace/CAT-17d,6.934564651317936,data/fep/jacs_set/jacs_set_bace_CAT-17d.sdf,,data/fep/jacs_set/jacs_set_bace_protein.pdb,CAT-17d,-9.42300033569336,-8.359999656677246,0.0799999982118606,jacs_set/bace,jacs_set,200,jacs_set_bace_CAT-17d.sdf,jacs_set_bace_protein.pdb,5.8611,6.3273716,6.53015,6.1489205,6.1156487,6.073016,6.3993936,6.4879036,6.155281,6.217476,6.231626
jacs_set/bace/CAT-4b,7.089107661975938,data/fep/jacs_set/jacs_set_bace_CAT-4b.sdf,,data/fep/jacs_set/jacs_set_bace_protein.pdb,CAT-4b,-9.633000373840332,-9.260000228881836,0.0900000035762786,jacs_set/bace,jacs_set,201,jacs_set_bace_CAT-4b.sdf,jacs_set_bace_protein.pdb,6.1004634,5.7551975,6.082544,6.017044,6.174115,5.6977954,5.671887,5.5086837,5.6396933,6.1527333,5.8800154
jacs_set/bace/CAT-13f,6.691711449116364,data/fep/jacs_set/jacs_set_bace_CAT-13f.sdf,,data/fep/jacs_set/jacs_set_bace_protein.pdb,CAT-13f,-9.093000411987305,-9.529999732971191,0.0799999982118606,jacs_set/bace,jacs_set,202,jacs_set_bace_CAT-13f.sdf,jacs_set_bace_protein.pdb,6.718407,6.848755,6.7180033,6.965437,6.5356436,6.916604,6.8132463,6.8401136,6.8287077,6.6425834,6.78275
jacs_set/bace/CAT-4d,6.706429463460118,data/fep/jacs_set/jacs_set_bace_CAT-4d.sdf,,data/fep/jacs_set/jacs_set_bace_protein.pdb,CAT-4d,-9.11299991607666,-8.960000038146973,0.0900000035762786,jacs_set/bace,jacs_set,203,jacs_set_bace_CAT-4d.sdf,jacs_set_bace_protein.pdb,5.87546,6.0883183,5.9395523,6.137551,6.1001287,6.023767,6.0443645,5.6209865,5.903617,5.775482,5.950923
jacs_set/bace/CAT-13m,6.448857545087776,data/fep/jacs_set/jacs_set_bace_CAT-13m.sdf,,data/fep/jacs_set/jacs_set_bace_protein.pdb,CAT-13m,-8.762999534606934,-10.5,0.0799999982118606,jacs_set/bace,jacs_set,204,jacs_set_bace_CAT-13m.sdf,jacs_set_bace_protein.pdb,6.712153,6.5995164,6.8807197,6.561358,6.2820215,6.516524,6.971871,6.6917377,6.687647,6.9984016,6.6901946
jacs_set/bace/CAT-17h,7.604250796893607,data/fep/jacs_set/jacs_set_bace_CAT-17h.sdf,,data/fep/jacs_set/jacs_set_bace_protein.pdb,CAT-17h,-10.333000183105469,-10.260000228881836,0.0799999982118606,jacs_set/bace,jacs_set,205,jacs_set_bace_CAT-17h.sdf,jacs_set_bace_protein.pdb,6.9263964,7.2510343,7.2190695,7.126598,6.951261,7.1807203,7.297417,7.1906953,6.7831564,7.199489,7.112584
jacs_set/bace/CAT-17e,7.376115609035788,data/fep/jacs_set/jacs_set_bace_CAT-17e.sdf,,data/fep/jacs_set/jacs_set_bace_protein.pdb,CAT-17e,-10.02299976348877,-9.119999885559082,0.0799999982118606,jacs_set/bace,jacs_set,206,jacs_set_bace_CAT-17e.sdf,jacs_set_bace_protein.pdb,6.431856,6.7573886,7.1009274,6.951171,6.48798,6.421585,6.5071063,7.1751404,6.346975,6.7098885,6.6890016
charge_annhil/jnk1/6a,6.189078380751432,data/fep/charge_annhil/charge_annhil_jnk1_6a.sdf,,data/fep/charge_annhil/charge_annhil_jnk1_protein.pdb,6a,-8.40999984741211,-8.899999618530273,0.4099999964237213,charge_annhil/jnk1,charge_annhil,207,charge_annhil_jnk1_6a.sdf,charge_annhil_jnk1_protein.pdb,5.990804,5.7415376,5.5992837,6.048229,6.335607,6.42743,6.7499475,5.791531,6.314553,6.3093543,6.1308274
charge_annhil/jnk1/19a_neu,5.048404196029879,data/fep/charge_annhil/charge_annhil_jnk1_19a_neu.sdf,,data/fep/charge_annhil/charge_annhil_jnk1_protein.pdb,19a_neu,-6.860000133514404,-6.03000020980835,0.4199999868869781,charge_annhil/jnk1,charge_annhil,208,charge_annhil_jnk1_19a_neu.sdf,charge_annhil_jnk1_protein.pdb,5.8298864,5.6141443,6.0375557,6.0167007,6.169258,6.4415655,6.62463,5.1251974,5.9612656,6.394946,6.0215154
charge_annhil/jnk1/19b_neu,5.372208582603144,data/fep/charge_annhil/charge_annhil_jnk1_19b_neu.sdf,,data/fep/charge_annhil/charge_annhil_jnk1_protein.pdb,19b_neu,-7.300000190734863,-7.889999866485596,0.4300000071525574,charge_annhil/jnk1,charge_annhil,209,charge_annhil_jnk1_19b_neu.sdf,charge_annhil_jnk1_protein.pdb,5.4004307,5.557784,5.2377887,5.7963147,6.032841,5.942981,6.0815268,5.2696395,5.121996,5.734023,5.6175323
charge_annhil/jnk1/19b_charg,5.372208582603144,data/fep/charge_annhil/charge_annhil_jnk1_19b_charg.sdf,,data/fep/charge_annhil/charge_annhil_jnk1_protein.pdb,19b_charg,-7.300000190734863,-7.889999866485596,0.449999988079071,charge_annhil/jnk1,charge_annhil,210,charge_annhil_jnk1_19b_charg.sdf,charge_annhil_jnk1_protein.pdb,5.626747,5.4461007,5.330861,5.5369964,6.0537868,5.6462965,5.960173,5.1969943,5.090804,5.5682545,5.5457015
charge_annhil/jnk1/19a_charg,5.048404196029879,data/fep/charge_annhil/charge_annhil_jnk1_19a_charg.sdf,,data/fep/charge_annhil/charge_annhil_jnk1_protein.pdb,19a_charg,-6.860000133514404,-6.03000020980835,0.4300000071525574,charge_annhil/jnk1,charge_annhil,211,charge_annhil_jnk1_19a_charg.sdf,charge_annhil_jnk1_protein.pdb,6.0694704,5.3906083,5.838203,6.2510204,6.0378027,6.4548607,6.215339,5.741473,6.1863446,6.7903523,6.0975475
charge_annhil/egfr/21,7.270879371138204,data/fep/charge_annhil/charge_annhil_egfr_21.sdf,,data/fep/charge_annhil/charge_annhil_egfr_protein.pdb,21,-9.88,-10.79,0.18,charge_annhil/egfr,charge_annhil,212,charge_annhil_egfr_21.sdf,charge_annhil_egfr_protein.pdb,7.502654,6.5807424,7.466813,7.121585,7.052565,7.3518496,7.6937857,7.053518,6.8020387,7.353031,7.197858
charge_annhil/egfr/27neu,7.315034509019609,data/fep/charge_annhil/charge_annhil_egfr_27neu.sdf,,data/fep/charge_annhil/charge_annhil_egfr_protein.pdb,27neu,-9.94,-10.67,0.21,charge_annhil/egfr,charge_annhil,213,charge_annhil_egfr_27neu.sdf,charge_annhil_egfr_protein.pdb,7.680236,6.7707477,6.9579644,7.1378756,6.880111,7.4485993,7.629106,7.1882687,7.00182,7.550346,7.224508
charge_annhil/egfr/27chargR,7.315034509019609,data/fep/charge_annhil/charge_annhil_egfr_27chargR.sdf,,data/fep/charge_annhil/charge_annhil_egfr_protein.pdb,27chargR,-9.94,-10.67,0.21,charge_annhil/egfr,charge_annhil,214,charge_annhil_egfr_27chargR.sdf,charge_annhil_egfr_protein.pdb,7.478856,6.5473742,7.1381974,6.7284374,7.5005684,7.3907785,7.649493,7.3212833,6.8087034,7.4251914,7.1988883
charge_annhil/egfr/27chargS,7.315034509019609,data/fep/charge_annhil/charge_annhil_egfr_27chargS.sdf,,data/fep/charge_annhil/charge_annhil_egfr_protein.pdb,27chargS,-9.94,-10.67,0.21,charge_annhil/egfr,charge_annhil,215,charge_annhil_egfr_27chargS.sdf,charge_annhil_egfr_protein.pdb,7.473101,6.650653,7.1348896,6.772523,7.3957963,7.462049,7.6114583,7.412647,6.769771,7.515681,7.2198563
charge_annhil/egfr/28neu,7.874332922184086,data/fep/charge_annhil/charge_annhil_egfr_28neu.sdf,,data/fep/charge_annhil/charge_annhil_egfr_protein.pdb,28neu,-10.7,-10.73,0.2,charge_annhil/egfr,charge_annhil,216,charge_annhil_egfr_28neu.sdf,charge_annhil_egfr_protein.pdb,7.5790644,6.4632096,7.560115,7.126694,7.4576597,7.439778,7.9722996,7.510432,6.6734204,7.427303,7.3209977
charge_annhil/egfr/28charg,7.874332922184086,data/fep/charge_annhil/charge_annhil_egfr_28charg.sdf,,data/fep/charge_annhil/charge_annhil_egfr_protein.pdb,28charg,-10.7,-10.73,0.2,charge_annhil/egfr,charge_annhil,217,charge_annhil_egfr_28charg.sdf,charge_annhil_egfr_protein.pdb,7.907023,6.6454973,7.868678,7.391071,7.4858565,7.51586,8.131665,7.6134315,7.040127,7.629689,7.5228906
charge_annhil/egfr/29neu,7.697712370658463,data/fep/charge_annhil/charge_annhil_egfr_29neu.sdf,,data/fep/charge_annhil/charge_annhil_egfr_protein.pdb,29neu,-10.46,-9.84,0.21,charge_annhil/egfr,charge_annhil,218,charge_annhil_egfr_29neu.sdf,charge_annhil_egfr_protein.pdb,7.535579,6.8433175,7.316127,7.264161,7.414984,7.791507,7.6519732,7.1772933,7.1334777,7.433532,7.356195
charge_annhil/egfr/29charg,7.697712370658463,data/fep/charge_annhil/charge_annhil_egfr_29charg.sdf,,data/fep/charge_annhil/charge_annhil_egfr_protein.pdb,29charg,-10.46,-9.84,0.21,charge_annhil/egfr,charge_annhil,219,charge_annhil_egfr_29charg.sdf,charge_annhil_egfr_protein.pdb,7.792332,6.9263554,7.525665,7.02665,7.62792,8.098034,7.818947,7.7365603,7.2150445,7.507823,7.527533
charge_annhil/egfr/30neu,8.279088352763642,data/fep/charge_annhil/charge_annhil_egfr_30neu.sdf,,data/fep/charge_annhil/charge_annhil_egfr_protein.pdb,30neu,-11.25,-10.2,0.2,charge_annhil/egfr,charge_annhil,220,charge_annhil_egfr_30neu.sdf,charge_annhil_egfr_protein.pdb,7.8080983,6.7402816,7.500015,7.0507,7.3410106,7.515876,7.6678104,7.005724,6.9884734,7.4317694,7.304976
charge_annhil/egfr/30charg,8.279088352763642,data/fep/charge_annhil/charge_annhil_egfr_30charg.sdf,,data/fep/charge_annhil/charge_annhil_egfr_protein.pdb,30charg,-11.25,-10.2,0.2,charge_annhil/egfr,charge_annhil,221,charge_annhil_egfr_30charg.sdf,charge_annhil_egfr_protein.pdb,7.869284,6.5911016,7.8058543,7.1804943,7.539897,7.719059,7.666495,7.4054193,6.9066463,7.786242,7.447049
charge_annhil/ptp1b/26charg,5.475237139403976,data/fep/charge_annhil/charge_annhil_ptp1b_26charg.sdf,,data/fep/charge_annhil/charge_annhil_ptp1b_protein.pdb,26charg,-7.440000057220459,-8.079999923706055,0.2599999904632568,charge_annhil/ptp1b,charge_annhil,222,charge_annhil_ptp1b_26charg.sdf,charge_annhil_ptp1b_protein.pdb,7.209574,6.6273847,6.9801173,7.237472,6.5851817,6.639241,7.3741956,7.097008,6.922355,6.7027307,6.9375257
charge_annhil/ptp1b/26neu,5.475237139403976,data/fep/charge_annhil/charge_annhil_ptp1b_26neu.sdf,,data/fep/charge_annhil/charge_annhil_ptp1b_protein.pdb,26neu,-7.440000057220459,-8.069999694824219,0.2599999904632568,charge_annhil/ptp1b,charge_annhil,223,charge_annhil_ptp1b_26neu.sdf,charge_annhil_ptp1b_protein.pdb,7.2005434,6.843885,6.841094,6.976392,6.63506,6.40139,6.9591074,6.6920652,6.967979,7.05987,6.8577385
charge_annhil/ptp1b/27,6.79253170721267,data/fep/charge_annhil/charge_annhil_ptp1b_27.sdf,,data/fep/charge_annhil/charge_annhil_ptp1b_protein.pdb,27,-9.229999542236328,-9.5600004196167,0.2599999904632568,charge_annhil/ptp1b,charge_annhil,224,charge_annhil_ptp1b_27.sdf,charge_annhil_ptp1b_protein.pdb,7.3211827,7.150972,6.856563,6.9054046,6.5616913,6.822868,7.0309005,6.664431,6.987134,7.3307986,6.9631944
charge_annhil/ptp1b/32,8.485145466365307,data/fep/charge_annhil/charge_annhil_ptp1b_32.sdf,,data/fep/charge_annhil/charge_annhil_ptp1b_protein.pdb,32,-11.529999732971191,-9.93000030517578,0.2599999904632568,charge_annhil/ptp1b,charge_annhil,225,charge_annhil_ptp1b_32.sdf,charge_annhil_ptp1b_protein.pdb,7.750347,7.9236383,7.694279,7.344562,7.6407037,7.8649096,7.8291445,7.677093,7.949299,7.6260448,7.7300024
charge_annhil/irak4_s2/17charg,7.440140480359201,data/fep/charge_annhil/charge_annhil_irak4_s2_17charg.sdf,,data/fep/charge_annhil/charge_annhil_irak4_s2_protein.pdb,17charg,-10.109999656677246,-9.960000038146973,0.2599999904632568,charge_annhil/irak4_s2,charge_annhil,226,charge_annhil_irak4_s2_17charg.sdf,charge_annhil_irak4_s2_protein.pdb,6.673799,6.1813283,6.4445214,6.5898504,6.7090874,6.9544406,6.8428383,6.989948,7.3309207,6.5000825,6.721682
charge_annhil/irak4_s2/17neu,7.440140480359201,data/fep/charge_annhil/charge_annhil_irak4_s2_17neu.sdf,,data/fep/charge_annhil/charge_annhil_irak4_s2_protein.pdb,17neu,-10.109999656677246,-9.949999809265137,0.25,charge_annhil/irak4_s2,charge_annhil,227,charge_annhil_irak4_s2_17neu.sdf,charge_annhil_irak4_s2_protein.pdb,6.903066,6.4574866,6.775987,6.8773823,7.0345125,7.1705217,7.1442766,7.2965035,7.201685,6.4840307,6.934545
charge_annhil/irak4_s2/5neu,7.07218099801415,data/fep/charge_annhil/charge_annhil_irak4_s2_5neu.sdf,,data/fep/charge_annhil/charge_annhil_irak4_s2_protein.pdb,5neu,-9.609999656677246,-10.31999969482422,0.3000000119209289,charge_annhil/irak4_s2,charge_annhil,228,charge_annhil_irak4_s2_5neu.sdf,charge_annhil_irak4_s2_protein.pdb,7.0374136,6.622394,6.968685,7.0996623,6.542012,6.7305875,6.943257,7.2426353,8.149004,6.797202,7.013285
charge_annhil/irak4_s2/18,8.036235150562069,data/fep/charge_annhil/charge_annhil_irak4_s2_18.sdf,,data/fep/charge_annhil/charge_annhil_irak4_s2_protein.pdb,18,-10.920000076293944,-10.489999771118164,0.270000010728836,charge_annhil/irak4_s2,charge_annhil,229,charge_annhil_irak4_s2_18.sdf,charge_annhil_irak4_s2_protein.pdb,6.1913495,6.1042128,6.2453103,6.6569734,6.07677,6.9606256,7.0004168,7.005691,7.014046,6.0266404,6.5282035
charge_annhil/irak4_s2/6,6.262670557951248,data/fep/charge_annhil/charge_annhil_irak4_s2_6.sdf,,data/fep/charge_annhil/charge_annhil_irak4_s2_protein.pdb,6,-8.510000228881836,-7.099999904632568,0.270000010728836,charge_annhil/irak4_s2,charge_annhil,230,charge_annhil_irak4_s2_6.sdf,charge_annhil_irak4_s2_protein.pdb,5.9840765,5.451914,6.4700923,6.453092,6.0057917,5.607074,6.3053045,6.4794602,6.3911586,5.830595,6.097856
charge_annhil/irak4_s2/5charg,7.07218099801415,data/fep/charge_annhil/charge_annhil_irak4_s2_5charg.sdf,,data/fep/charge_annhil/charge_annhil_irak4_s2_protein.pdb,5charg,-9.609999656677246,-10.31999969482422,0.270000010728836,charge_annhil/irak4_s2,charge_annhil,231,charge_annhil_irak4_s2_5charg.sdf,charge_annhil_irak4_s2_protein.pdb,6.983765,6.16257,6.7872405,6.9839354,6.768141,6.562573,6.9822354,6.9932914,7.6502867,6.670982,6.854502
charge_annhil/irak4_s2/14,7.440140480359201,data/fep/charge_annhil/charge_annhil_irak4_s2_14.sdf,,data/fep/charge_annhil/charge_annhil_irak4_s2_protein.pdb,14,-10.109999656677246,-10.84000015258789,0.2399999946355819,charge_annhil/irak4_s2,charge_annhil,232,charge_annhil_irak4_s2_14.sdf,charge_annhil_irak4_s2_protein.pdb,6.586354,6.1602035,6.1975427,6.2091813,6.2296696,6.7662616,6.2536616,6.30119,7.108468,6.3077755,6.4120307
charge_annhil/dlk/9,6.424572224867619,data/fep/charge_annhil/charge_annhil_dlk_9.sdf,,data/fep/charge_annhil/charge_annhil_dlk_protein.pdb,9,-8.729999542236328,-8.539999961853027,0.1800000071525573,charge_annhil/dlk,charge_annhil,233,charge_annhil_dlk_9.sdf,charge_annhil_dlk_protein.pdb,6.4316106,7.0011277,6.8399673,6.8358417,6.8493814,6.8881884,6.780728,6.1203494,6.7510743,6.5577374,6.7056007
charge_annhil/dlk/17charg,7.682993682560773,data/fep/charge_annhil/charge_annhil_dlk_17charg.sdf,,data/fep/charge_annhil/charge_annhil_dlk_protein.pdb,17charg,-10.4399995803833,-10.6899995803833,0.1899999976158142,charge_annhil/dlk,charge_annhil,234,charge_annhil_dlk_17charg.sdf,charge_annhil_dlk_protein.pdb,7.0996017,7.087436,7.472537,7.2186465,7.252888,7.1892385,7.2580333,7.473224,7.0529637,7.2920094,7.2396584
charge_annhil/dlk/17neu,7.682993682560773,data/fep/charge_annhil/charge_annhil_dlk_17neu.sdf,,data/fep/charge_annhil/charge_annhil_dlk_protein.pdb,17neu,-10.4399995803833,-10.699999809265137,0.1899999976158142,charge_annhil/dlk,charge_annhil,235,charge_annhil_dlk_17neu.sdf,charge_annhil_dlk_protein.pdb,7.1288786,7.1911006,7.597931,7.2951803,7.332844,7.231038,7.064225,7.43604,6.932636,7.4248257,7.2634697
charge_annhil/dlk/4charg,6.866123884412487,data/fep/charge_annhil/charge_annhil_dlk_4charg.sdf,,data/fep/charge_annhil/charge_annhil_dlk_protein.pdb,4charg,-9.329999923706056,-8.9399995803833,0.1899999976158142,charge_annhil/dlk,charge_annhil,236,charge_annhil_dlk_4charg.sdf,charge_annhil_dlk_protein.pdb,6.1987014,6.345943,7.01432,6.6281943,6.9694815,6.592343,6.9309535,6.6742306,7.224798,6.9461765,6.752514
charge_annhil/dlk/4neu,6.866123884412487,data/fep/charge_annhil/charge_annhil_dlk_4neu.sdf,,data/fep/charge_annhil/charge_annhil_dlk_protein.pdb,4neu,-9.329999923706056,-8.9399995803833,0.2000000029802322,charge_annhil/dlk,charge_annhil,237,charge_annhil_dlk_4neu.sdf,charge_annhil_dlk_protein.pdb,6.329073,5.9989033,6.731992,6.931699,6.969363,6.4058185,6.715405,6.557028,7.078019,6.8942304,6.6611533
charge_annhil/dlk/18,7.344470930730246,data/fep/charge_annhil/charge_annhil_dlk_18.sdf,,data/fep/charge_annhil/charge_annhil_dlk_protein.pdb,18,-9.979999542236328,-10.039999961853027,0.1800000071525573,charge_annhil/dlk,charge_annhil,238,charge_annhil_dlk_18.sdf,charge_annhil_dlk_protein.pdb,6.7222767,6.9441013,6.9193964,7.21298,7.1701946,7.117489,6.839345,7.0203557,7.108725,6.9493055,7.0004168
charge_annhil/dlk/8,7.734508487331451,data/fep/charge_annhil/charge_annhil_dlk_8.sdf,,data/fep/charge_annhil/charge_annhil_dlk_protein.pdb,8,-10.510000228881836,-10.90999984741211,0.1899999976158142,charge_annhil/dlk,charge_annhil,239,charge_annhil_dlk_8.sdf,charge_annhil_dlk_protein.pdb,6.8229184,7.3579807,7.7809157,7.4479737,7.4920135,7.2960215,7.5365415,7.344415,7.4836965,7.4096904,7.397217
charge_annhil/irak4_s3/28neu,6.991230164555965,data/fep/charge_annhil/charge_annhil_irak4_s3_28neu.sdf,,data/fep/charge_annhil/charge_annhil_irak4_s3_protein.pdb,28neu,-9.5,-10.3100004196167,0.2599999904632568,charge_annhil/irak4_s3,charge_annhil,240,charge_annhil_irak4_s3_28neu.sdf,charge_annhil_irak4_s3_protein.pdb,6.463444,5.985864,6.2117195,6.688451,6.326029,6.351887,7.3954945,6.6188965,5.8579044,6.558013,6.4457703
charge_annhil/irak4_s3/19charg,7.800741306445884,data/fep/charge_annhil/charge_annhil_irak4_s3_19charg.sdf,,data/fep/charge_annhil/charge_annhil_irak4_s3_protein.pdb,19charg,-10.600000381469728,-9.5,0.270000010728836,charge_annhil/irak4_s3,charge_annhil,241,charge_annhil_irak4_s3_19charg.sdf,charge_annhil_irak4_s3_protein.pdb,6.861231,6.541688,6.8795385,7.1059976,6.790639,6.6453943,7.2124977,6.353343,6.3260684,6.4555674,6.7171965
charge_annhil/irak4_s3/29,6.409854210523865,data/fep/charge_annhil/charge_annhil_irak4_s3_29.sdf,,data/fep/charge_annhil/charge_annhil_irak4_s3_protein.pdb,29,-8.710000038146973,-9.359999656677246,0.270000010728836,charge_annhil/irak4_s3,charge_annhil,242,charge_annhil_irak4_s3_29.sdf,charge_annhil_irak4_s3_protein.pdb,5.9651484,6.03439,6.2221894,6.506212,5.957352,5.9910836,6.884445,6.0247164,5.8203444,6.5379195,6.19438
charge_annhil/irak4_s3/19neu,7.800741306445884,data/fep/charge_annhil/charge_annhil_irak4_s3_19neu.sdf,,data/fep/charge_annhil/charge_annhil_irak4_s3_protein.pdb,19neu,-10.600000381469728,-9.5,0.3000000119209289,charge_annhil/irak4_s3,charge_annhil,243,charge_annhil_irak4_s3_19neu.sdf,charge_annhil_irak4_s3_protein.pdb,6.638924,6.0962014,6.321112,6.9074655,6.5496483,6.090941,6.9747243,6.212539,6.0146403,6.46895,6.4275146
charge_annhil/irak4_s3/28charg,6.991230164555965,data/fep/charge_annhil/charge_annhil_irak4_s3_28charg.sdf,,data/fep/charge_annhil/charge_annhil_irak4_s3_protein.pdb,28charg,-9.5,-10.3100004196167,0.3000000119209289,charge_annhil/irak4_s3,charge_annhil,244,charge_annhil_irak4_s3_28charg.sdf,charge_annhil_irak4_s3_protein.pdb,6.7021027,6.132534,6.705302,6.924091,6.644103,6.478086,7.193652,6.5850863,6.0615807,6.519856,6.59464
charge_annhil/irak4_s3/27,6.409854210523865,data/fep/charge_annhil/charge_annhil_irak4_s3_27.sdf,,data/fep/charge_annhil/charge_annhil_irak4_s3_protein.pdb,27,-8.710000038146973,-8.640000343322754,0.25,charge_annhil/irak4_s3,charge_annhil,245,charge_annhil_irak4_s3_27.sdf,charge_annhil_irak4_s3_protein.pdb,5.6408286,6.079815,6.2707405,6.5323887,6.437315,6.361544,6.4037724,6.1985807,5.935058,6.2270026,6.2087045
charge_annhil/ephx2/47charg,8.279088352763642,data/fep/charge_annhil/charge_annhil_ephx2_47charg.sdf,,data/fep/charge_annhil/charge_annhil_ephx2_protein.pdb,47charg,-11.25,-11.15999984741211,0.3199999928474426,charge_annhil/ephx2,charge_annhil,246,charge_annhil_ephx2_47charg.sdf,charge_annhil_ephx2_protein.pdb,7.9954295,8.041334,7.708477,8.063743,7.959395,8.006673,8.549611,8.048948,7.74611,8.189288,8.030901
charge_annhil/ephx2/19charg,6.063972100607953,data/fep/charge_annhil/charge_annhil_ephx2_19charg.sdf,,data/fep/charge_annhil/charge_annhil_ephx2_protein.pdb,19charg,-8.239999771118164,-7.420000076293945,0.3300000131130218,charge_annhil/ephx2,charge_annhil,247,charge_annhil_ephx2_19charg.sdf,charge_annhil_ephx2_protein.pdb,6.6627274,6.654401,6.1696754,6.7096877,6.614701,6.1133738,7.30638,6.834482,5.991619,6.801768,6.5858817
charge_annhil/ephx2/19neu,6.063972100607953,data/fep/charge_annhil/charge_annhil_ephx2_19neu.sdf,,data/fep/charge_annhil/charge_annhil_ephx2_protein.pdb,19neu,-8.239999771118164,-7.420000076293945,0.3700000047683716,charge_annhil/ephx2,charge_annhil,248,charge_annhil_ephx2_19neu.sdf,charge_annhil_ephx2_protein.pdb,6.8422227,7.115308,6.279366,6.832248,7.048741,6.335837,7.4222136,6.958409,7.237489,7.378837,6.945067
charge_annhil/ephx2/20,6.726299589925254,data/fep/charge_annhil/charge_annhil_ephx2_20.sdf,,data/fep/charge_annhil/charge_annhil_ephx2_protein.pdb,20,-9.140000343322754,-9.779999732971191,0.3300000131130218,charge_annhil/ephx2,charge_annhil,249,charge_annhil_ephx2_20.sdf,charge_annhil_ephx2_protein.pdb,6.774609,7.183064,6.7355065,6.705246,6.7347703,6.9516196,7.2258735,7.3947606,7.233608,7.018327,6.995738
charge_annhil/ephx2/47neu,8.279088352763642,data/fep/charge_annhil/charge_annhil_ephx2_47neu.sdf,,data/fep/charge_annhil/charge_annhil_ephx2_protein.pdb,47neu,-11.25,-11.149999618530272,0.3499999940395355,charge_annhil/ephx2,charge_annhil,250,charge_annhil_ephx2_47neu.sdf,charge_annhil_ephx2_protein.pdb,8.163152,8.159085,7.8696594,7.9322844,8.044173,8.251764,8.508047,8.023118,8.380225,8.2554455,8.158696
charge_annhil/ephx2/33,7.903769512333207,data/fep/charge_annhil/charge_annhil_ephx2_33.sdf,,data/fep/charge_annhil/charge_annhil_ephx2_protein.pdb,33,-10.739999771118164,-11.920000076293944,0.3199999928474426,charge_annhil/ephx2,charge_annhil,251,charge_annhil_ephx2_33.sdf,charge_annhil_ephx2_protein.pdb,7.9741836,7.7324767,7.6285095,7.7444215,7.6444907,7.779606,7.474472,8.208533,7.7749085,8.001098,7.79627
charge_annhil/jak1/17,7.999439061962162,data/fep/charge_annhil/charge_annhil_jak1_17.sdf,,data/fep/charge_annhil/charge_annhil_jak1_protein.pdb,17,-10.869999885559082,-10.84000015258789,0.4000000059604645,charge_annhil/jak1,charge_annhil,252,charge_annhil_jak1_17.sdf,charge_annhil_jak1_protein.pdb,7.3667283,7.474912,7.265259,7.691978,7.7759748,7.343375,7.1858125,7.217951,7.1181574,7.1484923,7.358864
charge_annhil/jak1/18charg,8.31588444136355,data/fep/charge_annhil/charge_annhil_jak1_18charg.sdf,,data/fep/charge_annhil/charge_annhil_jak1_protein.pdb,18charg,-11.300000190734863,-10.529999732971191,0.449999988079071,charge_annhil/jak1,charge_annhil,253,charge_annhil_jak1_18charg.sdf,charge_annhil_jak1_protein.pdb,7.070462,8.142005,7.741183,8.145595,7.6770496,7.3927584,7.4674625,7.633914,7.3328633,8.093292,7.6696587
charge_annhil/jak1/18neu,8.31588444136355,data/fep/charge_annhil/charge_annhil_jak1_18neu.sdf,,data/fep/charge_annhil/charge_annhil_jak1_protein.pdb,18neu,-11.300000190734863,-10.529999732971191,0.5299999713897705,charge_annhil/jak1,charge_annhil,254,charge_annhil_jak1_18neu.sdf,charge_annhil_jak1_protein.pdb,7.502579,8.038149,7.7340913,8.299811,8.19921,7.5209765,7.756347,7.637774,7.571668,8.369181,7.862979
charge_annhil/jak1/jmc_25,8.396835274821736,data/fep/charge_annhil/charge_annhil_jak1_jmc_25.sdf,,data/fep/charge_annhil/charge_annhil_jak1_protein.pdb,jmc_25,-11.40999984741211,-11.510000228881836,0.4199999868869781,charge_annhil/jak1,charge_annhil,255,charge_annhil_jak1_jmc_25.sdf,charge_annhil_jak1_protein.pdb,7.8403664,8.066003,7.7446356,7.9843426,8.314073,7.412586,7.408901,7.8611746,7.7183414,8.044183,7.839461
charge_annhil/jak1/jmc_34,9.618460643914984,data/fep/charge_annhil/charge_annhil_jak1_jmc_34.sdf,,data/fep/charge_annhil/charge_annhil_jak1_protein.pdb,jmc_34,-13.06999969482422,-13.25,0.449999988079071,charge_annhil/jak1,charge_annhil,256,charge_annhil_jak1_jmc_34.sdf,charge_annhil_jak1_protein.pdb,8.335591,8.37621,8.148447,8.598015,8.288826,8.17594,8.031027,8.759079,8.187386,7.9986,8.289912
charge_annhil/jak1/16charg,7.75658585976059,data/fep/charge_annhil/charge_annhil_jak1_16charg.sdf,,data/fep/charge_annhil/charge_annhil_jak1_protein.pdb,16charg,-10.539999961853027,-10.800000190734863,0.4199999868869781,charge_annhil/jak1,charge_annhil,257,charge_annhil_jak1_16charg.sdf,charge_annhil_jak1_protein.pdb,7.103583,7.586271,7.485463,7.5261707,7.194827,6.938388,7.267926,7.086533,7.025971,7.5396185,7.2754755
charge_annhil/jak1/16neu,7.75658585976059,data/fep/charge_annhil/charge_annhil_jak1_16neu.sdf,,data/fep/charge_annhil/charge_annhil_jak1_protein.pdb,16neu,-10.539999961853027,-10.800000190734863,0.4199999868869781,charge_annhil/jak1,charge_annhil,258,charge_annhil_jak1_16neu.sdf,charge_annhil_jak1_protein.pdb,7.40789,7.2294545,7.494609,7.9402194,7.3546867,7.326611,7.345318,7.1133533,6.943925,7.3338594,7.348993
charge_annhil/jak1/jmc_22,8.352680529963461,data/fep/charge_annhil/charge_annhil_jak1_jmc_22.sdf,,data/fep/charge_annhil/charge_annhil_jak1_protein.pdb,jmc_22,-11.350000381469728,-12.119999885559082,0.4699999988079071,charge_annhil/jak1,charge_annhil,259,charge_annhil_jak1_jmc_22.sdf,charge_annhil_jak1_protein.pdb,7.9941626,8.012873,7.8172617,8.115535,8.28595,7.512944,7.7442994,7.9310927,7.796696,7.9978604,7.920868
charge_annhil/tyk2/ejm_47,7.204646636243013,data/fep/charge_annhil/charge_annhil_tyk2_ejm_47.sdf,,data/fep/charge_annhil/charge_annhil_tyk2_protein.pdb,ejm_47,-9.789999961853027,-10.199999809265137,0.25,charge_annhil/tyk2,charge_annhil,260,charge_annhil_tyk2_ejm_47.sdf,charge_annhil_tyk2_protein.pdb,6.9003143,7.044923,7.7203145,7.4604664,7.406993,7.2495055,7.886557,7.369264,7.2061596,6.8241997,7.3068695
charge_annhil/tyk2/jmc_32charg,8.580815015994261,data/fep/charge_annhil/charge_annhil_tyk2_jmc_32charg.sdf,,data/fep/charge_annhil/charge_annhil_tyk2_protein.pdb,jmc_32charg,-11.65999984741211,-10.300000190734863,0.3300000131130218,charge_annhil/tyk2,charge_annhil,261,charge_annhil_tyk2_jmc_32charg.sdf,charge_annhil_tyk2_protein.pdb,8.1693945,7.785736,7.423396,7.2937355,7.889331,7.750294,7.710714,7.635821,7.1788197,7.3530364,7.6190276
charge_annhil/tyk2/jmc_31,8.036235150562069,data/fep/charge_annhil/charge_annhil_tyk2_jmc_31.sdf,,data/fep/charge_annhil/charge_annhil_tyk2_protein.pdb,jmc_31,-10.920000076293944,-11.529999732971191,0.3100000023841858,charge_annhil/tyk2,charge_annhil,262,charge_annhil_tyk2_jmc_31.sdf,charge_annhil_tyk2_protein.pdb,7.7954187,8.0715065,7.477829,7.097973,7.5363364,7.996098,7.7413464,7.612484,7.2511377,7.7398996,7.632003
charge_annhil/tyk2/jmc_32neu,8.580815015994261,data/fep/charge_annhil/charge_annhil_tyk2_jmc_32neu.sdf,,data/fep/charge_annhil/charge_annhil_tyk2_protein.pdb,jmc_32neu,-11.65999984741211,-11.399999618530272,0.3300000131130218,charge_annhil/tyk2,charge_annhil,263,charge_annhil_tyk2_jmc_32neu.sdf,charge_annhil_tyk2_protein.pdb,8.053086,7.8793592,7.2852097,7.2875533,7.487923,8.056641,7.636757,7.3889847,7.311149,7.8322377,7.62189
charge_annhil/tyk2/ejm_52neu,5.512032877090377,data/fep/charge_annhil/charge_annhil_tyk2_ejm_52neu.sdf,,data/fep/charge_annhil/charge_annhil_tyk2_protein.pdb,ejm_52neu,-7.489999771118164,-7.860000133514404,0.25,charge_annhil/tyk2,charge_annhil,264,charge_annhil_tyk2_ejm_52neu.sdf,charge_annhil_tyk2_protein.pdb,7.1576176,7.168914,7.3779116,6.8474445,7.167909,7.153346,6.779397,7.1715336,6.8840246,7.1289983,7.0837097
charge_annhil/tyk2/ejm_52charg,5.512032877090377,data/fep/charge_annhil/charge_annhil_tyk2_ejm_52charg.sdf,,data/fep/charge_annhil/charge_annhil_tyk2_protein.pdb,ejm_52charg,-7.489999771118164,-7.860000133514404,0.25,charge_annhil/tyk2,charge_annhil,265,charge_annhil_tyk2_ejm_52charg.sdf,charge_annhil_tyk2_protein.pdb,6.8036833,6.7967334,7.0777707,7.1842628,7.5277143,7.352796,7.1847243,7.1066494,6.7794466,7.3905807,7.120436
charge_annhil/tyk2/ejm_46,8.404194632907119,data/fep/charge_annhil/charge_annhil_tyk2_ejm_46.sdf,,data/fep/charge_annhil/charge_annhil_tyk2_protein.pdb,ejm_46,-11.420000076293944,-11.279999732971191,0.25,charge_annhil/tyk2,charge_annhil,266,charge_annhil_tyk2_ejm_46.sdf,charge_annhil_tyk2_protein.pdb,7.872344,7.75822,8.024867,7.9935164,7.8927546,7.91356,8.310756,7.9438324,7.628731,7.720757,7.9059334
charge_annhil/itk/17,8.293807068934411,data/fep/charge_annhil/charge_annhil_itk_17.sdf,,data/fep/charge_annhil/charge_annhil_itk_protein.pdb,17,-11.270000457763672,-12.329999923706056,0.209999993443489,charge_annhil/itk,charge_annhil,267,charge_annhil_itk_17.sdf,charge_annhil_itk_protein.pdb,8.621932,8.605062,8.646092,8.519622,8.581129,8.819549,8.810114,8.456946,8.530399,8.285095,8.587595
charge_annhil/itk/1neu,9.250501161569932,data/fep/charge_annhil/charge_annhil_itk_1neu.sdf,,data/fep/charge_annhil/charge_annhil_itk_protein.pdb,1neu,-12.56999969482422,-12.420000076293944,0.2199999988079071,charge_annhil/itk,charge_annhil,268,charge_annhil_itk_1neu.sdf,charge_annhil_itk_protein.pdb,8.39465,8.808508,8.64218,8.597486,8.683357,8.900403,9.219335,7.995131,8.708308,8.442482,8.639184
charge_annhil/itk/1charg,9.250501161569932,data/fep/charge_annhil/charge_annhil_itk_1charg.sdf,,data/fep/charge_annhil/charge_annhil_itk_protein.pdb,1charg,-12.56999969482422,-12.420000076293944,0.2300000041723251,charge_annhil/itk,charge_annhil,269,charge_annhil_itk_1charg.sdf,charge_annhil_itk_protein.pdb,8.708144,9.01449,8.8387575,8.9077015,8.992556,9.050039,9.368081,8.445602,9.055179,8.396146,8.877669
charge_annhil/itk/18,9.397685515969563,data/fep/charge_annhil/charge_annhil_itk_18.sdf,,data/fep/charge_annhil/charge_annhil_itk_protein.pdb,18,-12.770000457763672,-12.020000457763672,0.2199999988079071,charge_annhil/itk,charge_annhil,270,charge_annhil_itk_18.sdf,charge_annhil_itk_protein.pdb,8.595191,8.496239,8.382151,8.368995,8.475343,8.3783,8.540375,8.279496,8.309472,8.176294,8.400186
charge_annhil/itk/19,9.618460643914984,data/fep/charge_annhil/charge_annhil_itk_19.sdf,,data/fep/charge_annhil/charge_annhil_itk_protein.pdb,19,-13.06999969482422,-13.0600004196167,0.2300000041723251,charge_annhil/itk,charge_annhil,271,charge_annhil_itk_19.sdf,charge_annhil_itk_protein.pdb,8.88573,9.0601635,8.55029,9.03919,8.673985,8.742613,9.163419,9.059079,8.936934,8.665572,8.877697
charge_annhil/thrombin_whole_map/11,4.297766866082515,data/fep/charge_annhil/charge_annhil_thrombin_whole_map_11.sdf,,data/fep/charge_annhil/charge_annhil_thrombin_whole_map_protein.pdb,11,-5.840000152587891,-5.260000228881836,0.3700000047683716,charge_annhil/thrombin_whole_map,charge_annhil,272,charge_annhil_thrombin_whole_map_11.sdf,charge_annhil_thrombin_whole_map_protein.pdb,5.9434586,5.4437757,5.384607,5.0580277,5.7596307,5.288317,5.387685,5.2896943,5.7005935,5.1923466,5.4448137
charge_annhil/thrombin_whole_map/1,5.004249100258094,data/fep/charge_annhil/charge_annhil_thrombin_whole_map_1.sdf,,data/fep/charge_annhil/charge_annhil_thrombin_whole_map_protein.pdb,1,-6.800000190734863,-6.46999979019165,0.3300000131130218,charge_annhil/thrombin_whole_map,charge_annhil,273,charge_annhil_thrombin_whole_map_1.sdf,charge_annhil_thrombin_whole_map_protein.pdb,5.016461,4.819846,4.876086,4.997469,5.1601377,4.591761,5.367064,5.1219254,4.880059,5.0994964,4.99303
charge_annhil/thrombin_whole_map/3,4.165301227853652,data/fep/charge_annhil/charge_annhil_thrombin_whole_map_3.sdf,,data/fep/charge_annhil/charge_annhil_thrombin_whole_map_protein.pdb,3,-5.659999847412109,-5.630000114440918,0.3600000143051147,charge_annhil/thrombin_whole_map,charge_annhil,274,charge_annhil_thrombin_whole_map_3.sdf,charge_annhil_thrombin_whole_map_protein.pdb,4.867048,4.8701487,4.598149,4.6003304,4.592928,4.692953,5.366264,5.48499,4.4966273,4.545224,4.8114657
charge_annhil/thrombin_whole_map/jmb2009-4,8.485145466365307,data/fep/charge_annhil/charge_annhil_thrombin_whole_map_jmb2009-4.sdf,,data/fep/charge_annhil/charge_annhil_thrombin_whole_map_protein.pdb,jmb2009-4,-11.529999732971191,-13.350000381469728,0.3300000131130218,charge_annhil/thrombin_whole_map,charge_annhil,275,charge_annhil_thrombin_whole_map_jmb2009-4.sdf,charge_annhil_thrombin_whole_map_protein.pdb,8.194694,8.106423,7.901549,8.042564,7.2769556,7.70079,8.6119175,8.051226,7.8753986,7.453837,7.9215345
charge_annhil/thrombin_whole_map/10,5.64449851531924,data/fep/charge_annhil/charge_annhil_thrombin_whole_map_10.sdf,,data/fep/charge_annhil/charge_annhil_thrombin_whole_map_protein.pdb,10,-7.670000076293945,-6.480000019073486,0.3799999952316284,charge_annhil/thrombin_whole_map,charge_annhil,276,charge_annhil_thrombin_whole_map_10.sdf,charge_annhil_thrombin_whole_map_protein.pdb,5.9940605,5.726341,4.973491,5.0552897,5.547739,5.4913454,5.072591,5.8803806,5.1565504,5.1546454,5.405244
charge_annhil/thrombin_whole_map/2,4.518542344941442,data/fep/charge_annhil/charge_annhil_thrombin_whole_map_2.sdf,,data/fep/charge_annhil/charge_annhil_thrombin_whole_map_protein.pdb,2,-6.139999866485596,-6.449999809265137,0.3799999952316284,charge_annhil/thrombin_whole_map,charge_annhil,277,charge_annhil_thrombin_whole_map_2.sdf,charge_annhil_thrombin_whole_map_protein.pdb,4.7660203,4.9976044,4.6383357,4.5016727,4.6793785,4.6583357,5.0994797,4.945743,4.5586224,4.9915347,4.783673
charge_annhil/cdk2/39neu,6.1596416502369085,data/fep/charge_annhil/charge_annhil_cdk2_39neu.sdf,,data/fep/charge_annhil/charge_annhil_cdk2_protein.pdb,39neu,-8.369999885559082,-8.220000267028809,0.2599999904632568,charge_annhil/cdk2,charge_annhil,278,charge_annhil_cdk2_39neu.sdf,charge_annhil_cdk2_protein.pdb,5.854079,5.653954,6.6758785,6.0650883,6.1489005,6.1260347,6.0383525,6.3177395,5.711712,6.019368,6.0611105
charge_annhil/cdk2/39charg,6.1596416502369085,data/fep/charge_annhil/charge_annhil_cdk2_39charg.sdf,,data/fep/charge_annhil/charge_annhil_cdk2_protein.pdb,39charg,-8.369999885559082,-8.229999542236328,0.25,charge_annhil/cdk2,charge_annhil,279,charge_annhil_cdk2_39charg.sdf,charge_annhil_cdk2_protein.pdb,5.714203,5.275822,6.2596474,5.7093863,5.750026,5.6573315,5.510965,6.1945515,5.563196,5.8721304,5.7507257
charge_annhil/cdk2/34,7.270879455357445,data/fep/charge_annhil/charge_annhil_cdk2_34.sdf,,data/fep/charge_annhil/charge_annhil_cdk2_protein.pdb,34,-9.880000114440918,-10.229999542236328,0.25,charge_annhil/cdk2,charge_annhil,280,charge_annhil_cdk2_34.sdf,charge_annhil_cdk2_protein.pdb,5.498357,5.6192913,6.6956983,5.9098816,6.16426,6.057766,6.0178676,6.151374,5.4872465,5.9842772,5.958602
charge_annhil/cdk2/25,7.234083366757538,data/fep/charge_annhil/charge_annhil_cdk2_25.sdf,,data/fep/charge_annhil/charge_annhil_cdk2_protein.pdb,25,-9.829999923706056,-9.770000457763672,0.2599999904632568,charge_annhil/cdk2,charge_annhil,281,charge_annhil_cdk2_25.sdf,charge_annhil_cdk2_protein.pdb,5.636998,5.897848,6.642638,5.8342533,5.858582,6.051504,6.3139434,6.2266903,5.967545,6.095481,6.0525484
fragments/hsp90_frag_2rings/18,6.59383395169639,data/fep/fragments/fragments_hsp90_frag_2rings_18.sdf,,data/fep/fragments/fragments_hsp90_frag_2rings_protein.pdb,18,-8.960000038146973,-10.5,0.1700000017881393,fragments/hsp90_frag_2rings,fragments,282,fragments_hsp90_frag_2rings_18.sdf,fragments_hsp90_frag_2rings_protein.pdb,7.324728,6.3056717,7.436635,6.1830573,6.850081,6.7439437,6.304453,7.33796,6.577568,6.809532,6.7873626
fragments/hsp90_frag_2rings/17,7.300316185871967,data/fep/fragments/fragments_hsp90_frag_2rings_17.sdf,,data/fep/fragments/fragments_hsp90_frag_2rings_protein.pdb,17,-9.920000076293944,-9.039999961853027,0.1700000017881393,fragments/hsp90_frag_2rings,fragments,283,fragments_hsp90_frag_2rings_17.sdf,fragments_hsp90_frag_2rings_protein.pdb,6.995499,6.479249,7.144828,6.1578913,7.169321,6.787724,6.1052322,7.085257,6.7045407,6.6714272,6.7300963
fragments/hsp90_frag_2rings/19,7.550528746158926,data/fep/fragments/fragments_hsp90_frag_2rings_19.sdf,,data/fep/fragments/fragments_hsp90_frag_2rings_protein.pdb,19,-10.260000228881836,-9.9399995803833,0.1700000017881393,fragments/hsp90_frag_2rings,fragments,284,fragments_hsp90_frag_2rings_19.sdf,fragments_hsp90_frag_2rings_protein.pdb,6.9635963,6.618944,7.3627496,6.2795835,7.33903,6.1516485,6.5076585,7.4672275,6.9827776,6.9977336,6.867095
fragments/hsp90_frag_2rings/15,7.270879455357445,data/fep/fragments/fragments_hsp90_frag_2rings_15.sdf,,data/fep/fragments/fragments_hsp90_frag_2rings_protein.pdb,15,-9.880000114440918,-9.539999961853027,0.1700000017881393,fragments/hsp90_frag_2rings,fragments,285,fragments_hsp90_frag_2rings_15.sdf,fragments_hsp90_frag_2rings_protein.pdb,6.9207764,6.269658,7.181213,6.0423236,6.640092,6.431091,5.7928557,7.0814753,6.2833343,6.5818515,6.522466
fragments/hsp90_frag_2rings/14,6.41721356860925,data/fep/fragments/fragments_hsp90_frag_2rings_14.sdf,,data/fep/fragments/fragments_hsp90_frag_2rings_protein.pdb,14,-8.720000267028809,-9.90999984741211,0.1700000017881393,fragments/hsp90_frag_2rings,fragments,286,fragments_hsp90_frag_2rings_14.sdf,fragments_hsp90_frag_2rings_protein.pdb,5.9492836,6.3985543,6.0305715,5.8475585,5.7352223,5.976855,5.314626,6.573084,5.567199,6.3368416,5.9729795
fragments/hsp90_frag_2rings/16,5.975661909064383,data/fep/fragments/fragments_hsp90_frag_2rings_16.sdf,,data/fep/fragments/fragments_hsp90_frag_2rings_protein.pdb,16,-8.119999885559082,-6.929999828338623,0.1700000017881393,fragments/hsp90_frag_2rings,fragments,287,fragments_hsp90_frag_2rings_16.sdf,fragments_hsp90_frag_2rings_protein.pdb,7.3264294,6.780545,7.2934027,6.1348567,6.9463673,7.3247476,6.227504,7.456166,6.8506136,6.950832,6.929147
fragments/frag_liga_auto/12,6.660066770810822,data/fep/fragments/fragments_frag_liga_auto_12.sdf,,data/fep/fragments/fragments_frag_liga_auto_protein.pdb,12,-9.050000190734863,-9.56999969482422,0.2199999988079071,fragments/frag_liga_auto,fragments,288,fragments_frag_liga_auto_12.sdf,fragments_frag_liga_auto_protein.pdb,6.9545016,7.176892,6.676292,6.8047976,6.987829,6.761426,7.606804,6.6671004,5.5647044,6.952739,6.8153086
fragments/frag_liga_auto/9,4.69516307894209,data/fep/fragments/fragments_frag_liga_auto_9.sdf,,data/fep/fragments/fragments_frag_liga_auto_protein.pdb,9,-6.380000114440918,-6.179999828338623,0.1800000071525573,fragments/frag_liga_auto,fragments,289,fragments_frag_liga_auto_9.sdf,fragments_frag_liga_auto_protein.pdb,5.295102,5.242955,5.068174,5.0534263,5.868289,5.394364,6.3167768,5.149162,4.815522,5.5891695,5.379294
fragments/frag_liga_auto/5,3.5324111708778907,data/fep/fragments/fragments_frag_liga_auto_5.sdf,,data/fep/fragments/fragments_frag_liga_auto_protein.pdb,5,-4.800000190734863,-4.679999828338623,0.1800000071525573,fragments/frag_liga_auto,fragments,290,fragments_frag_liga_auto_5.sdf,fragments_frag_liga_auto_protein.pdb,4.8204412,4.480214,4.4373865,4.387547,4.8067775,4.1063256,4.2462077,4.458584,4.5762277,4.4808297,4.4800544
fragments/frag_liga_auto/6,3.900370653222941,data/fep/fragments/fragments_frag_liga_auto_6.sdf,,data/fep/fragments/fragments_frag_liga_auto_protein.pdb,6,-5.300000190734863,-5.440000057220459,0.2199999988079071,fragments/frag_liga_auto,fragments,291,fragments_frag_liga_auto_6.sdf,fragments_frag_liga_auto_protein.pdb,5.41247,5.0473633,4.839747,4.5449357,5.6216245,4.9923162,5.2396035,5.3289595,5.0099425,5.055656,5.1092615
fragments/frag_liga_auto/11,6.682144143239962,data/fep/fragments/fragments_frag_liga_auto_11.sdf,,data/fep/fragments/fragments_frag_liga_auto_protein.pdb,11,-9.079999923706056,-8.260000228881836,0.2199999988079071,fragments/frag_liga_auto,fragments,292,fragments_frag_liga_auto_11.sdf,fragments_frag_liga_auto_protein.pdb,6.2244906,6.4504504,6.328324,7.043919,6.637234,5.8186107,7.4776115,6.6231465,6.3488145,5.8625197,6.4815125
fragments/frag_liga_auto/10,4.812910001000184,data/fep/fragments/fragments_frag_liga_auto_10.sdf,,data/fep/fragments/fragments_frag_liga_auto_protein.pdb,10,-6.539999961853027,-6.510000228881836,0.1800000071525573,fragments/frag_liga_auto,fragments,293,fragments_frag_liga_auto_10.sdf,fragments_frag_liga_auto_protein.pdb,4.680512,5.081535,4.834207,5.026546,5.3671017,5.0310807,5.981795,5.133215,4.658991,4.890046,5.068503
fragments/frag_liga_auto/8,4.290407507997131,data/fep/fragments/fragments_frag_liga_auto_8.sdf,,data/fep/fragments/fragments_frag_liga_auto_protein.pdb,8,-5.829999923706055,-5.989999771118164,0.209999993443489,fragments/frag_liga_auto,fragments,294,fragments_frag_liga_auto_8.sdf,fragments_frag_liga_auto_protein.pdb,6.0605526,6.0874457,6.266847,6.726472,6.8838725,5.90327,5.8020945,5.8342233,6.0125217,5.962467,6.153977
fragments/frag_liga_auto/3,4.437591511483256,data/fep/fragments/fragments_frag_liga_auto_3.sdf,,data/fep/fragments/fragments_frag_liga_auto_protein.pdb,3,-6.03000020980835,-5.130000114440918,0.1800000071525573,fragments/frag_liga_auto,fragments,295,fragments_frag_liga_auto_3.sdf,fragments_frag_liga_auto_protein.pdb,4.61039,4.4530716,4.19927,3.7958112,5.145966,4.4128895,4.3360105,4.186706,3.921567,3.9991336,4.3060813
fragments/frag_liga_auto/7,3.863574564623033,data/fep/fragments/fragments_frag_liga_auto_7.sdf,,data/fep/fragments/fragments_frag_liga_auto_protein.pdb,7,-5.25,-5.489999771118164,0.1899999976158142,fragments/frag_liga_auto,fragments,296,fragments_frag_liga_auto_7.sdf,fragments_frag_liga_auto_protein.pdb,4.6280365,4.866036,5.1109767,4.5035014,5.44179,4.875559,4.265427,3.9957275,4.0487685,4.695673,4.6431494
fragments/frag_liga_auto/13,7.852255409389543,data/fep/fragments/fragments_frag_liga_auto_13.sdf,,data/fep/fragments/fragments_frag_liga_auto_protein.pdb,13,-10.670000076293944,-12.130000114440918,0.2399999946355819,fragments/frag_liga_auto,fragments,297,fragments_frag_liga_auto_13.sdf,fragments_frag_liga_auto_protein.pdb,6.516669,6.492662,6.619907,6.7556133,6.8417478,7.0340223,7.380842,6.7325354,5.6952267,6.4967775,6.656601
fragments/frag_liga_auto/4,4.78347327048566,data/fep/fragments/fragments_frag_liga_auto_4.sdf,,data/fep/fragments/fragments_frag_liga_auto_protein.pdb,4,-6.5,-6.050000190734863,0.2300000041723251,fragments/frag_liga_auto,fragments,298,fragments_frag_liga_auto_4.sdf,fragments_frag_liga_auto_protein.pdb,4.860958,4.8776355,4.795114,4.4875197,5.238088,4.798758,4.5358067,4.677679,4.451019,4.8368316,4.755941
fragments/hsp90_frag_single_ring/10,6.115486905378631,data/fep/fragments/fragments_hsp90_frag_single_ring_10.sdf,,data/fep/fragments/fragments_hsp90_frag_single_ring_protein.pdb,10,-8.3100004196167,-9.0,0.1700000017881393,fragments/hsp90_frag_single_ring,fragments,299,fragments_hsp90_frag_single_ring_10.sdf,fragments_hsp90_frag_single_ring_protein.pdb,5.4399714,4.712672,5.319949,5.4260173,5.780014,5.1366525,5.0231347,5.2125053,5.576302,5.377923,5.3005137
fragments/hsp90_frag_single_ring/3,6.115486905378631,data/fep/fragments/fragments_hsp90_frag_single_ring_3.sdf,,data/fep/fragments/fragments_hsp90_frag_single_ring_protein.pdb,3,-8.3100004196167,-8.020000457763672,0.1700000017881393,fragments/hsp90_frag_single_ring,fragments,300,fragments_hsp90_frag_single_ring_3.sdf,fragments_hsp90_frag_single_ring_protein.pdb,5.6325235,5.131857,5.793927,5.673765,5.709471,5.7142086,5.5442643,5.3428674,5.508899,5.618354,5.567014
fragments/hsp90_frag_single_ring/9,5.416363678374929,data/fep/fragments/fragments_hsp90_frag_single_ring_9.sdf,,data/fep/fragments/fragments_hsp90_frag_single_ring_protein.pdb,9,-7.360000133514404,-7.78000020980835,0.1599999964237213,fragments/hsp90_frag_single_ring,fragments,301,fragments_hsp90_frag_single_ring_9.sdf,fragments_hsp90_frag_single_ring_protein.pdb,4.87358,5.177871,4.818538,5.085691,5.8869457,5.2877746,4.8779917,5.6300387,5.1864743,5.431926,5.225683
fragments/hsp90_frag_single_ring/8,5.909429089949951,data/fep/fragments/fragments_hsp90_frag_single_ring_8.sdf,,data/fep/fragments/fragments_hsp90_frag_single_ring_protein.pdb,8,-8.029999732971191,-7.409999847412109,0.1599999964237213,fragments/hsp90_frag_single_ring,fragments,302,fragments_hsp90_frag_single_ring_8.sdf,fragments_hsp90_frag_single_ring_protein.pdb,5.1387386,5.795117,4.9256716,4.953077,4.9340787,5.6487923,4.204068,5.422341,4.868599,5.8192596,5.170974
fragments/hsp90_frag_single_ring/11,5.975661909064383,data/fep/fragments/fragments_hsp90_frag_single_ring_11.sdf,,data/fep/fragments/fragments_hsp90_frag_single_ring_protein.pdb,11,-8.119999885559082,-8.300000190734863,0.1700000017881393,fragments/hsp90_frag_single_ring,fragments,303,fragments_hsp90_frag_single_ring_11.sdf,fragments_hsp90_frag_single_ring_protein.pdb,5.4239244,5.864447,4.619012,5.0926437,5.6117296,4.8841305,4.3105745,5.9386487,5.1043835,5.3666615,5.221616
fragments/hsp90_frag_single_ring/12,6.321544018980295,data/fep/fragments/fragments_hsp90_frag_single_ring_12.sdf,,data/fep/fragments/fragments_hsp90_frag_single_ring_protein.pdb,12,-8.59000015258789,-8.199999809265137,0.1599999964237213,fragments/hsp90_frag_single_ring,fragments,304,fragments_hsp90_frag_single_ring_12.sdf,fragments_hsp90_frag_single_ring_protein.pdb,5.7189236,5.652106,6.0833125,5.4963255,5.8993955,5.216868,4.5611053,5.8657393,5.6158237,5.5820436,5.569164
fragments/hsp90_frag_single_ring/2,5.099918298973541,data/fep/fragments/fragments_hsp90_frag_single_ring_2.sdf,,data/fep/fragments/fragments_hsp90_frag_single_ring_protein.pdb,2,-6.929999828338623,-6.940000057220459,0.1599999964237213,fragments/hsp90_frag_single_ring,fragments,305,fragments_hsp90_frag_single_ring_2.sdf,fragments_hsp90_frag_single_ring_protein.pdb,4.7885222,5.3449407,5.1682053,4.985141,5.1446786,5.431773,5.0392976,4.986699,5.1805897,5.7292275,5.179908
fragments/jak2_set1/2_3E63,5.818919723453057,data/fep/fragments/fragments_jak2_set1_2_3E63.sdf,,data/fep/fragments/fragments_jak2_set1_protein.pdb,2_3E63,-7.90701150894165,-7.440000057220459,0.1500000059604644,fragments/jak2_set1,fragments,306,fragments_jak2_set1_2_3E63.sdf,fragments_jak2_set1_protein.pdb,5.938295,6.044853,5.712442,5.80565,5.9632707,5.9731956,6.05932,6.0063796,5.6616907,5.8138967,5.8978987
fragments/jak2_set1/9,6.155139429931954,data/fep/fragments/fragments_jak2_set1_9.sdf,,data/fep/fragments/fragments_jak2_set1_protein.pdb,9,-8.363882064819336,-7.800000190734863,0.1500000059604644,fragments/jak2_set1,fragments,307,fragments_jak2_set1_9.sdf,fragments_jak2_set1_protein.pdb,5.9547834,6.3548074,6.423655,6.3742003,5.975418,6.714996,5.9912457,6.13867,6.000706,6.3512406,6.227972
fragments/jak2_set1/8,6.457365793997668,data/fep/fragments/fragments_jak2_set1_8.sdf,,data/fep/fragments/fragments_jak2_set1_protein.pdb,8,-8.774560928344727,-8.510000228881836,0.1700000017881393,fragments/jak2_set1,fragments,308,fragments_jak2_set1_8.sdf,fragments_jak2_set1_protein.pdb,6.14389,5.8644485,5.9965305,5.8988166,5.7570124,6.317964,6.5008674,5.993092,6.274144,6.1975565,6.094432
fragments/jak2_set1/5,5.732663428670585,data/fep/fragments/fragments_jak2_set1_5.sdf,,data/fep/fragments/fragments_jak2_set1_protein.pdb,5,-7.789802551269531,-7.099999904632568,0.1500000059604644,fragments/jak2_set1,fragments,309,fragments_jak2_set1_5.sdf,fragments_jak2_set1_protein.pdb,5.7623715,5.7256308,5.8702183,5.4122553,5.925285,5.669288,5.9560914,6.005726,5.278771,5.558206,5.7163844
fragments/jak2_set1/10,5.257388279200025,data/fep/fragments/fragments_jak2_set1_10.sdf,,data/fep/fragments/fragments_jak2_set1_protein.pdb,10,-7.143977165222168,-7.559999942779541,0.1500000059604644,fragments/jak2_set1,fragments,310,fragments_jak2_set1_10.sdf,fragments_jak2_set1_protein.pdb,6.338405,6.217483,6.320427,6.2087235,6.509517,6.018093,6.1666923,5.994556,6.149036,6.0332613,6.195619
fragments/jak2_set1/4a,5.051518202498013,data/fep/fragments/fragments_jak2_set1_4a.sdf,,data/fep/fragments/fragments_jak2_set1_protein.pdb,4a,-6.864231586456299,-6.869999885559082,0.1599999964237213,fragments/jak2_set1,fragments,311,fragments_jak2_set1_4a.sdf,fragments_jak2_set1_protein.pdb,5.605964,5.4847984,5.829338,5.526883,5.8439345,5.233268,5.509926,5.4594793,5.258293,5.711948,5.5463834
fragments/jak2_set1/4b,5.051518202498013,data/fep/fragments/fragments_jak2_set1_4b.sdf,,data/fep/fragments/fragments_jak2_set1_protein.pdb,4b,-6.864231586456299,-6.769999980926514,0.1599999964237213,fragments/jak2_set1,fragments,312,fragments_jak2_set1_4b.sdf,fragments_jak2_set1_protein.pdb,5.6503077,5.4228334,5.741883,5.5705833,6.033213,5.5110364,5.615951,5.5326433,5.250547,5.827673,5.615667
fragments/jak2_set1/6,4.561695582648484,data/fep/fragments/fragments_jak2_set1_6.sdf,,data/fep/fragments/fragments_jak2_set1_protein.pdb,6,-6.198638439178467,-7.400000095367432,0.1700000017881393,fragments/jak2_set1,fragments,313,fragments_jak2_set1_6.sdf,fragments_jak2_set1_protein.pdb,5.9655294,6.055407,6.2650404,5.5103745,5.2425756,6.2185907,5.8115916,4.963213,5.669406,5.577745,5.7279468
fragments/jak2_set1/3,3.852989960487545,data/fep/fragments/fragments_jak2_set1_3.sdf,,data/fep/fragments/fragments_jak2_set1_protein.pdb,3,-5.235617160797119,-6.0,0.1500000059604644,fragments/jak2_set1,fragments,314,fragments_jak2_set1_3.sdf,fragments_jak2_set1_protein.pdb,5.551527,5.253614,5.5923114,5.2329173,5.7584543,5.6570086,5.855033,5.906139,5.1944203,5.7948804,5.579631
fragments/jak2_set1/1_3E62,4.405720844878696,data/fep/fragments/fragments_jak2_set1_1_3E62.sdf,,data/fep/fragments/fragments_jak2_set1_protein.pdb,1_3E62,-5.986692905426025,-5.699999809265137,0.1500000059604644,fragments/jak2_set1,fragments,315,fragments_jak2_set1_1_3E62.sdf,fragments_jak2_set1_protein.pdb,4.358723,4.371504,4.7362347,4.196125,4.486486,4.56239,4.2468586,4.539294,4.280019,4.4097037,4.4187336
fragments/jak2_set1/7,6.520668485322047,data/fep/fragments/fragments_jak2_set1_7.sdf,,data/fep/fragments/fragments_jak2_set1_protein.pdb,7,-8.860579490661621,-8.819999694824219,0.1700000017881393,fragments/jak2_set1,fragments,316,fragments_jak2_set1_7.sdf,fragments_jak2_set1_protein.pdb,6.1623735,6.701774,6.51319,6.1895847,6.3499894,6.051881,5.8910995,6.3955517,6.692928,5.892252,6.2840624
fragments/frag_mup1/IBT,6.689503501325346,data/fep/fragments/fragments_frag_mup1_IBT.sdf,,data/fep/fragments/fragments_frag_mup1_protein.pdb,IBT,-9.09000015258789,-8.890000343322754,0.1500000059604644,fragments/frag_mup1,fragments,317,fragments_frag_mup1_IBT.sdf,fragments_frag_mup1_protein.pdb,4.4740195,3.6869886,3.7822707,3.7563677,4.1024346,4.703719,4.749573,4.238909,4.0340166,4.983981,4.2512274
fragments/frag_mup1/MT,4.150582862596391,data/fep/fragments/fragments_frag_mup1_MT.sdf,,data/fep/fragments/fragments_frag_mup1_protein.pdb,MT,-5.639999866485596,-5.510000228881836,0.1599999964237213,fragments/frag_mup1,fragments,318,fragments_frag_mup1_MT.sdf,fragments_frag_mup1_protein.pdb,4.363957,3.4404514,3.1262872,2.9792914,2.7927983,4.1223497,4.511346,2.153056,2.5036485,3.6623676,3.3655553
fragments/frag_mup1/PT,6.03453537009343,data/fep/fragments/fragments_frag_mup1_PT.sdf,,data/fep/fragments/fragments_frag_mup1_protein.pdb,PT,-8.199999809265137,-7.960000038146973,0.1500000059604644,fragments/frag_mup1,fragments,319,fragments_frag_mup1_PT.sdf,fragments_frag_mup1_protein.pdb,3.9020498,3.5117204,3.3879368,3.2447467,3.4758246,4.622141,5.0209627,3.8993282,3.5378704,4.532421,3.9135003
fragments/frag_mup1/SBT_R,6.196437738836816,data/fep/fragments/fragments_frag_mup1_SBT_R.sdf,,data/fep/fragments/fragments_frag_mup1_protein.pdb,SBT_R,-8.420000076293945,-8.770000457763672,0.1500000059604644,fragments/frag_mup1,fragments,320,fragments_frag_mup1_SBT_R.sdf,fragments_frag_mup1_protein.pdb,4.4909735,3.8961232,4.2557445,3.1571891,4.049894,5.1093817,4.7616024,3.7196672,3.8846788,4.4238076,4.1749063
fragments/frag_mup1/SBT_S,6.196437738836816,data/fep/fragments/fragments_frag_mup1_SBT_S.sdf,,data/fep/fragments/fragments_frag_mup1_protein.pdb,SBT_S,-8.420000076293945,-9.140000343322754,0.1500000059604644,fragments/frag_mup1,fragments,321,fragments_frag_mup1_SBT_S.sdf,fragments_frag_mup1_protein.pdb,4.5316997,4.313371,4.1228623,3.607338,3.7618115,5.0281544,4.5484824,3.5953176,3.9476938,3.9624972,4.141923
fragments/frag_mup1/IPT,5.776963802634596,data/fep/fragments/fragments_frag_mup1_IPT.sdf,,data/fep/fragments/fragments_frag_mup1_protein.pdb,IPT,-7.849999904632568,-7.579999923706055,0.1599999964237213,fragments/frag_mup1,fragments,322,fragments_frag_mup1_IPT.sdf,fragments_frag_mup1_protein.pdb,4.516604,4.0484743,3.3712926,3.2216046,3.2688253,5.176091,4.482059,3.257331,4.209732,4.0467024,3.9598718
fragments/frag_mup1/ET,5.121996022316187,data/fep/fragments/fragments_frag_mup1_ET.sdf,,data/fep/fragments/fragments_frag_mup1_protein.pdb,ET,-6.960000038146973,-6.730000019073486,0.1599999964237213,fragments/frag_mup1,fragments,323,fragments_frag_mup1_ET.sdf,fragments_frag_mup1_protein.pdb,3.6779408,3.990963,2.5786555,3.403708,2.9625854,4.6998672,4.8450947,2.8915713,3.3648386,4.1366644,3.655189
fragments/frag_p38/4,3.97396247950925,data/fep/fragments/fragments_frag_p38_4.sdf,,data/fep/fragments/fragments_frag_p38_protein.pdb,4,-5.400000095367432,-5.78000020980835,0.209999993443489,fragments/frag_p38,fragments,324,fragments_frag_p38_4.sdf,fragments_frag_p38_protein.pdb,4.713001,4.7317295,5.3036838,5.191258,4.697117,5.361017,4.2179556,4.7772155,4.0134554,4.9515476,4.795798
fragments/frag_p38/1_1W7H,2.899520762988621,data/fep/fragments/fragments_frag_p38_1_1W7H.sdf,,data/fep/fragments/fragments_frag_p38_protein.pdb,1_1W7H,-3.940000057220459,-3.799999952316284,0.209999993443489,fragments/frag_p38,fragments,325,fragments_frag_p38_1_1W7H.sdf,fragments_frag_p38_protein.pdb,4.862585,3.5657082,4.1420517,4.014826,4.502628,3.9923735,3.8427556,4.504717,3.6059039,4.066092,4.1099644
fragments/frag_p38/6,3.709031553965031,data/fep/fragments/fragments_frag_p38_6.sdf,,data/fep/fragments/fragments_frag_p38_protein.pdb,6,-5.039999961853027,-5.510000228881836,0.2300000041723251,fragments/frag_p38,fragments,326,fragments_frag_p38_6.sdf,fragments_frag_p38_protein.pdb,5.864388,6.0890455,6.022763,5.119624,5.0097337,5.836068,4.9648857,6.033919,5.582268,5.9814014,5.6504097
fragments/frag_p38/5_1WBW,4.371358692368824,data/fep/fragments/fragments_frag_p38_5_1WBW.sdf,,data/fep/fragments/fragments_frag_p38_protein.pdb,5_1WBW,-5.940000057220459,-5.989999771118164,0.2300000041723251,fragments/frag_p38,fragments,327,fragments_frag_p38_5_1WBW.sdf,fragments_frag_p38_protein.pdb,4.6451116,4.710324,4.8955708,4.2457094,4.9212103,5.113914,4.3996906,4.7841043,4.8055573,4.6304355,4.715163
fragments/frag_p38/7,4.636289617913043,data/fep/fragments/fragments_frag_p38_7.sdf,,data/fep/fragments/fragments_frag_p38_protein.pdb,7,-6.300000190734863,-6.150000095367432,0.209999993443489,fragments/frag_p38,fragments,328,fragments_frag_p38_7.sdf,fragments_frag_p38_protein.pdb,5.744623,5.459412,5.5255623,5.7441783,6.053425,6.5739913,5.276362,5.3701773,5.0527525,6.269314,5.70698
fragments/frag_p38/3,3.009908677874838,data/fep/fragments/fragments_frag_p38_3.sdf,,data/fep/fragments/fragments_frag_p38_protein.pdb,3,-4.090000152587891,-3.4800000190734863,0.2300000041723251,fragments/frag_p38,fragments,329,fragments_frag_p38_3.sdf,fragments_frag_p38_protein.pdb,3.6042216,3.477351,3.5324166,3.6362054,3.9606972,3.4461298,3.684015,3.5626075,4.0181184,3.7572033,3.6678963
fragments/t4lysozyme_uvt/meta methyl ethyl benzene,3.738468284479554,data/fep/fragments/fragments_t4lysozyme_uvt_meta_methyl_ethyl_benzene.sdf,,data/fep/fragments/fragments_t4lysozyme_uvt_protein.pdb,meta methyl ethyl benzene,-5.079999923706055,-5.119999885559082,0.1199999973177909,fragments/t4lysozyme_uvt,fragments,330,fragments_t4lysozyme_uvt_meta_methyl_ethyl_benzene.sdf,fragments_t4lysozyme_uvt_protein.pdb,3.915271,4.400363,4.334259,3.7460704,4.3187437,3.8874152,4.448104,4.671077,3.9701073,3.8146598,4.150607
fragments/t4lysozyme_uvt/methyl benzene,4.0328359405382965,data/fep/fragments/fragments_t4lysozyme_uvt_methyl_benzene.sdf,,data/fep/fragments/fragments_t4lysozyme_uvt_protein.pdb,methyl benzene,-5.480000019073486,-4.920000076293945,0.1299999952316284,fragments/t4lysozyme_uvt,fragments,331,fragments_t4lysozyme_uvt_methyl_benzene.sdf,fragments_t4lysozyme_uvt_protein.pdb,4.1584826,4.3814063,3.8729746,2.9665928,4.1727695,4.1137495,4.2423625,3.6682186,3.9554336,3.302827,3.8834815
fragments/t4lysozyme_uvt/ethyl benzene,4.209456323625438,data/fep/fragments/fragments_t4lysozyme_uvt_ethyl_benzene.sdf,,data/fep/fragments/fragments_t4lysozyme_uvt_protein.pdb,ethyl benzene,-5.71999979019165,-5.639999866485596,0.1199999973177909,fragments/t4lysozyme_uvt,fragments,332,fragments_t4lysozyme_uvt_ethyl_benzene.sdf,fragments_t4lysozyme_uvt_protein.pdb,4.015462,4.844842,3.9282148,3.1979475,4.3442163,4.199598,4.2656817,4.065382,4.4199333,3.5970676,4.0878344
fragments/t4lysozyme_uvt/ortho methyl ethyl benzene,3.3337130644481032,data/fep/fragments/fragments_t4lysozyme_uvt_ortho_methyl_ethyl_benzene.sdf,,data/fep/fragments/fragments_t4lysozyme_uvt_protein.pdb,ortho methyl ethyl benzene,-4.53000020980835,-5.690000057220459,0.1199999973177909,fragments/t4lysozyme_uvt,fragments,333,fragments_t4lysozyme_uvt_ortho_methyl_ethyl_benzene.sdf,fragments_t4lysozyme_uvt_protein.pdb,4.6130915,4.5529184,4.764787,3.8415291,4.4465847,4.288648,4.061018,4.7754784,4.2692595,4.5751286,4.4188447
fragments/t4lysozyme_uvt/m-xylene,3.473537358935336,data/fep/fragments/fragments_t4lysozyme_uvt_m-xylene.sdf,,data/fep/fragments/fragments_t4lysozyme_uvt_protein.pdb,m-xylene,-4.71999979019165,-4.400000095367432,0.1199999973177909,fragments/t4lysozyme_uvt,fragments,334,fragments_t4lysozyme_uvt_m-xylene.sdf,fragments_t4lysozyme_uvt_protein.pdb,3.8130507,3.9429524,4.0019045,2.3710005,4.150487,4.487124,3.8059719,3.6863008,3.5165174,3.6158562,3.7391162
fragments/t4lysozyme_uvt/p-xylene,3.407304890734412,data/fep/fragments/fragments_t4lysozyme_uvt_p-xylene.sdf,,data/fep/fragments/fragments_t4lysozyme_uvt_protein.pdb,p-xylene,-4.630000114440918,-4.860000133514404,0.1299999952316284,fragments/t4lysozyme_uvt,fragments,335,fragments_t4lysozyme_uvt_p-xylene.sdf,fragments_t4lysozyme_uvt_protein.pdb,3.8536088,3.830638,3.745287,2.797253,4.527747,4.2963247,3.9407802,3.6300642,4.107941,4.0472617,3.8776906
fragments/t4lysozyme_uvt/o-xylene,3.363149794962627,data/fep/fragments/fragments_t4lysozyme_uvt_o-xylene.sdf,,data/fep/fragments/fragments_t4lysozyme_uvt_protein.pdb,o-xylene,-4.570000171661377,-5.039999961853027,0.1199999973177909,fragments/t4lysozyme_uvt,fragments,336,fragments_t4lysozyme_uvt_o-xylene.sdf,fragments_t4lysozyme_uvt_protein.pdb,3.7342544,4.3256493,3.8216224,2.9980469,4.10093,4.1279473,4.331609,3.2844384,3.7932417,4.129387,3.864713
fragments/t4lysozyme_uvt/butyl benzene,4.901220192543754,data/fep/fragments/fragments_t4lysozyme_uvt_butyl_benzene.sdf,,data/fep/fragments/fragments_t4lysozyme_uvt_protein.pdb,butyl benzene,-6.659999847412109,-5.960000038146973,0.1199999973177909,fragments/t4lysozyme_uvt,fragments,337,fragments_t4lysozyme_uvt_butyl_benzene.sdf,fragments_t4lysozyme_uvt_protein.pdb,4.5170155,4.602912,5.049413,4.003291,4.873049,5.2078204,4.7340665,4.268658,4.61198,4.278286,4.6146493
fragments/t4lysozyme_uvt/propyl benzene,4.790832628571045,data/fep/fragments/fragments_t4lysozyme_uvt_propyl_benzene.sdf,,data/fep/fragments/fragments_t4lysozyme_uvt_protein.pdb,propyl benzene,-6.510000228881836,-6.710000038146973,0.1199999973177909,fragments/t4lysozyme_uvt,fragments,338,fragments_t4lysozyme_uvt_propyl_benzene.sdf,fragments_t4lysozyme_uvt_protein.pdb,4.3165483,4.397285,4.373444,3.504817,4.466062,4.837123,4.3930416,4.296452,4.091814,3.3299747,4.2006564
fragments/t4lysozyme_uvt/para methyl ethyl benzene,3.959244114251988,data/fep/fragments/fragments_t4lysozyme_uvt_para_methyl_ethyl_benzene.sdf,,data/fep/fragments/fragments_t4lysozyme_uvt_protein.pdb,para methyl ethyl benzene,-5.380000114440918,-6.320000171661377,0.1299999952316284,fragments/t4lysozyme_uvt,fragments,339,fragments_t4lysozyme_uvt_para_methyl_ethyl_benzene.sdf,fragments_t4lysozyme_uvt_protein.pdb,4.014903,4.407059,3.881816,3.6690345,4.2667327,4.3615713,4.3121777,4.0018635,4.274528,3.8653114,4.1054997
fragments/t4lysozyme_uvt/benzene,3.797341745508602,data/fep/fragments/fragments_t4lysozyme_uvt_benzene.sdf,,data/fep/fragments/fragments_t4lysozyme_uvt_protein.pdb,benzene,-5.159999847412109,-4.309999942779541,0.1199999973177909,fragments/t4lysozyme_uvt,fragments,340,fragments_t4lysozyme_uvt_benzene.sdf,fragments_t4lysozyme_uvt_protein.pdb,3.8016827,5.1529813,3.869211,3.2129753,4.5078382,4.413385,4.680627,5.171746,3.816303,3.7597163,4.2386465
fragments/t4lysozyme_uvt/isobutyl benzene,4.739318174713875,data/fep/fragments/fragments_t4lysozyme_uvt_isobutyl_benzene.sdf,,data/fep/fragments/fragments_t4lysozyme_uvt_protein.pdb,isobutyl benzene,-6.440000057220459,-5.900000095367432,0.1199999973177909,fragments/t4lysozyme_uvt,fragments,341,fragments_t4lysozyme_uvt_isobutyl_benzene.sdf,fragments_t4lysozyme_uvt_protein.pdb,4.657089,3.9119983,4.7847834,4.137996,5.009276,4.8542933,5.343101,4.5028396,5.021211,3.982406,4.620499
fragments/frag_mcl1_noweak/2,3.92244802565208,data/fep/fragments/fragments_frag_mcl1_noweak_2.sdf,,data/fep/fragments/fragments_frag_mcl1_noweak_protein.pdb,2,-5.329999923706055,-5.960000038146973,0.2300000041723251,fragments/frag_mcl1_noweak,fragments,342,fragments_frag_mcl1_noweak_2.sdf,fragments_frag_mcl1_noweak_protein.pdb,4.59903,4.778849,4.340809,4.7286677,4.315832,4.0076423,4.062546,4.6073565,4.2988343,3.9313495,4.3670917
fragments/frag_mcl1_noweak/3,4.702522086113967,data/fep/fragments/fragments_frag_mcl1_noweak_3.sdf,,data/fep/fragments/fragments_frag_mcl1_noweak_protein.pdb,3,-6.389999866485596,-7.909999847412109,0.2199999988079071,fragments/frag_mcl1_noweak,fragments,343,fragments_frag_mcl1_noweak_3.sdf,fragments_frag_mcl1_noweak_protein.pdb,4.5736146,5.289514,4.7287264,5.134666,5.1598353,4.9288363,4.4461,5.2937613,4.758688,4.032201,4.8345942
fragments/frag_mcl1_noweak/4,4.275689142739869,data/fep/fragments/fragments_frag_mcl1_noweak_4.sdf,,data/fep/fragments/fragments_frag_mcl1_noweak_protein.pdb,4,-5.809999942779541,-6.170000076293945,0.2399999946355819,fragments/frag_mcl1_noweak,fragments,344,fragments_frag_mcl1_noweak_4.sdf,fragments_frag_mcl1_noweak_protein.pdb,4.7672844,4.621372,4.628274,4.9573655,4.9198,4.2916017,4.5529385,5.025193,4.5119567,3.8418615,4.6117644
fragments/frag_mcl1_noweak/5,4.444950518655133,data/fep/fragments/fragments_frag_mcl1_noweak_5.sdf,,data/fep/fragments/fragments_frag_mcl1_noweak_protein.pdb,5,-6.039999961853027,-5.690000057220459,0.209999993443489,fragments/frag_mcl1_noweak,fragments,345,fragments_frag_mcl1_noweak_5.sdf,fragments_frag_mcl1_noweak_protein.pdb,4.6882353,4.7839994,4.413888,4.7814445,5.020526,4.574124,4.581168,5.110222,4.8026133,4.16564,4.692186
fragments/frag_mcl1_noweak/7,4.327203596597039,data/fep/fragments/fragments_frag_mcl1_noweak_7.sdf,,data/fep/fragments/fragments_frag_mcl1_noweak_protein.pdb,7,-5.880000114440918,-5.099999904632568,0.2300000041723251,fragments/frag_mcl1_noweak,fragments,346,fragments_frag_mcl1_noweak_7.sdf,fragments_frag_mcl1_noweak_protein.pdb,4.3573403,4.7254033,3.976061,4.501091,4.2979984,4.3601665,4.577748,4.8245673,4.4094605,3.8174665,4.3847303
fragments/frag_mcl1_noweak/8,4.687803720856705,data/fep/fragments/fragments_frag_mcl1_noweak_8.sdf,,data/fep/fragments/fragments_frag_mcl1_noweak_protein.pdb,8,-6.369999885559082,-5.760000228881836,0.209999993443489,fragments/frag_mcl1_noweak,fragments,347,fragments_frag_mcl1_noweak_8.sdf,fragments_frag_mcl1_noweak_protein.pdb,5.057016,4.5586896,4.413757,5.1359196,4.8444176,4.4960346,4.9483795,4.87443,4.211129,3.885039,4.642482
fragments/frag_mcl1_noweak/9,4.0328359405382965,data/fep/fragments/fragments_frag_mcl1_noweak_9.sdf,,data/fep/fragments/fragments_frag_mcl1_noweak_protein.pdb,9,-5.480000019073486,-5.449999809265137,0.2399999946355819,fragments/frag_mcl1_noweak,fragments,348,fragments_frag_mcl1_noweak_9.sdf,fragments_frag_mcl1_noweak_protein.pdb,4.3662233,4.98114,4.298689,4.5949903,4.6860147,4.7917137,3.9557753,4.437636,3.7938116,3.977529,4.3883524
fragments/frag_mcl1_noweak/10,3.709031553965031,data/fep/fragments/fragments_frag_mcl1_noweak_10.sdf,,data/fep/fragments/fragments_frag_mcl1_noweak_protein.pdb,10,-5.039999961853027,-5.170000076293945,0.209999993443489,fragments/frag_mcl1_noweak,fragments,349,fragments_frag_mcl1_noweak_10.sdf,fragments_frag_mcl1_noweak_protein.pdb,5.364689,5.4042306,4.4261756,4.874988,5.4903913,5.0068574,4.4502406,5.281555,4.64579,4.2684484,4.921336
fragments/frag_mcl1_noweak/11,4.084350394395467,data/fep/fragments/fragments_frag_mcl1_noweak_11.sdf,,data/fep/fragments/fragments_frag_mcl1_noweak_protein.pdb,11,-5.550000190734863,-6.599999904632568,0.209999993443489,fragments/frag_mcl1_noweak,fragments,350,fragments_frag_mcl1_noweak_11.sdf,fragments_frag_mcl1_noweak_protein.pdb,5.3719306,5.640694,5.3022165,6.1884446,6.322612,5.7157054,5.523316,5.923845,6.159384,4.9403934,5.7088537
fragments/frag_mcl1_noweak/14,4.128505490167252,data/fep/fragments/fragments_frag_mcl1_noweak_14.sdf,,data/fep/fragments/fragments_frag_mcl1_noweak_protein.pdb,14,-5.610000133514404,-5.159999847412109,0.2300000041723251,fragments/frag_mcl1_noweak,fragments,351,fragments_frag_mcl1_noweak_14.sdf,fragments_frag_mcl1_noweak_protein.pdb,4.117273,5.354689,4.7890444,4.273181,4.5287423,4.4894695,4.4019833,5.4160676,4.7701554,4.19284,4.6333447
fragments/frag_mcl1_noweak/15,3.907729660394818,data/fep/fragments/fragments_frag_mcl1_noweak_15.sdf,,data/fep/fragments/fragments_frag_mcl1_noweak_protein.pdb,15,-5.309999942779541,-5.730000019073486,0.2300000041723251,fragments/frag_mcl1_noweak,fragments,352,fragments_frag_mcl1_noweak_15.sdf,fragments_frag_mcl1_noweak_protein.pdb,6.0740824,5.805397,5.3685794,5.7331457,5.893176,5.989137,6.5853753,5.764458,5.452171,4.653138,5.731866
fragments/frag_mcl1_noweak/13 flipped,3.8341378341085095,data/fep/fragments/fragments_frag_mcl1_noweak_13_flipped.sdf,,data/fep/fragments/fragments_frag_mcl1_noweak_protein.pdb,13 flipped,-5.210000038146973,-3.319999933242798,0.2199999988079071,fragments/frag_mcl1_noweak,fragments,353,fragments_frag_mcl1_noweak_13_flipped.sdf,fragments_frag_mcl1_noweak_protein.pdb,4.1025543,4.5918875,4.264107,4.6096373,4.0087986,4.3145547,4.2675467,4.8816595,4.329218,4.235602,4.3605566
fragments/jak2_set2_extra/13_3E64,7.136160250581551,data/fep/fragments/fragments_jak2_set2_extra_13_3E64.sdf,,data/fep/fragments/fragments_jak2_set2_extra_protein.pdb,13_3E64,-9.696937561035156,-8.529999732971191,0.3000000119209289,fragments/jak2_set2_extra,fragments,354,fragments_jak2_set2_extra_13_3E64.sdf,fragments_jak2_set2_extra_protein.pdb,7.027242,7.018712,6.923452,6.9775,7.22096,7.4322143,7.0067635,7.552888,6.74717,7.0379543,7.0944853
fragments/jak2_set2_extra/21,6.137811320917254,data/fep/fragments/fragments_jak2_set2_extra_21.sdf,,data/fep/fragments/fragments_jak2_set2_extra_protein.pdb,21,-8.340335845947266,-9.25,0.3000000119209289,fragments/jak2_set2_extra,fragments,355,fragments_jak2_set2_extra_21.sdf,fragments_jak2_set2_extra_protein.pdb,7.553514,7.545023,6.7659693,6.8070307,7.0833344,7.9302793,7.3365617,7.8060017,6.780156,7.1882253,7.2796097
fragments/jak2_set2_extra/20,5.937147747930331,data/fep/fragments/fragments_jak2_set2_extra_20.sdf,,data/fep/fragments/fragments_jak2_set2_extra_protein.pdb,20,-8.067665100097656,-9.68000030517578,0.3499999940395355,fragments/jak2_set2_extra,fragments,356,fragments_jak2_set2_extra_20.sdf,fragments_jak2_set2_extra_protein.pdb,7.218547,7.156843,7.152307,6.8426323,7.6178684,7.1762233,7.1299915,7.652832,6.7515087,6.8228836,7.1521635
fragments/jak2_set2_extra/18,6.126631216559045,data/fep/fragments/fragments_jak2_set2_extra_18.sdf,,data/fep/fragments/fragments_jak2_set2_extra_protein.pdb,18,-8.325143814086914,-8.020000457763672,0.3100000023841858,fragments/jak2_set2_extra,fragments,357,fragments_jak2_set2_extra_18.sdf,fragments_jak2_set2_extra_protein.pdb,7.0091567,7.086913,6.6660533,6.6123095,6.8884206,7.3429627,6.755225,6.2562757,6.599078,6.9334087,6.8149805
fragments/jak2_set2_extra/14,5.732663428670585,data/fep/fragments/fragments_jak2_set2_extra_14.sdf,,data/fep/fragments/fragments_jak2_set2_extra_protein.pdb,14,-7.789802551269531,-7.800000190734863,0.2800000011920929,fragments/jak2_set2_extra,fragments,358,fragments_jak2_set2_extra_14.sdf,fragments_jak2_set2_extra_protein.pdb,6.6905475,6.235548,6.4572196,6.2680707,6.87163,6.73336,6.0212736,6.0057163,6.206351,7.1191244,6.460885
fragments/jak2_set2_extra/12,5.471435342460573,data/fep/fragments/fragments_jak2_set2_extra_12.sdf,,data/fep/fragments/fragments_jak2_set2_extra_protein.pdb,12,-7.434834003448486,-6.639999866485596,0.3300000131130218,fragments/jak2_set2_extra,fragments,359,fragments_jak2_set2_extra_12.sdf,fragments_jak2_set2_extra_protein.pdb,6.84065,7.061249,6.7886724,7.176293,6.919635,7.0436773,6.875432,7.514289,6.7220397,6.875758,6.9817696
fragments/jak2_set2_extra/15,5.430436713691364,data/fep/fragments/fragments_jak2_set2_extra_15.sdf,,data/fep/fragments/fragments_jak2_set2_extra_protein.pdb,15,-7.379123210906982,-7.510000228881836,0.3700000047683716,fragments/jak2_set2_extra,fragments,360,fragments_jak2_set2_extra_15.sdf,fragments_jak2_set2_extra_protein.pdb,6.678868,6.3206253,6.521151,5.9679947,6.128835,6.5730443,5.870091,5.897461,6.080634,5.9921527,6.203086
fragments/jak2_set2_extra/22 flip,7.438387316474279,data/fep/fragments/fragments_jak2_set2_extra_22_flip.sdf,,data/fep/fragments/fragments_jak2_set2_extra_protein.pdb,22 flip,-10.107617378234863,-9.710000038146973,0.2800000011920929,fragments/jak2_set2_extra,fragments,361,fragments_jak2_set2_extra_22_flip.sdf,fragments_jak2_set2_extra_protein.pdb,7.564896,7.8276663,7.3623137,6.9779453,7.167084,7.4863806,7.102349,7.277422,6.644808,7.0231085,7.2433977
macrocycles/3RKZ_lig62to70_alpha05/lignad_63,6.858764526327103,data/fep/macrocycles/macrocycles_3RKZ_lig62to70_alpha05_lignad_63.sdf,,data/fep/macrocycles/macrocycles_3RKZ_lig62to70_alpha05_protein.pdb,lignad_63,-9.31999969482422,-9.199999809265137,0.3600000143051147,macrocycles/3RKZ_lig62to70_alpha05,macrocycles,362,macrocycles_3RKZ_lig62to70_alpha05_lignad_63.sdf,macrocycles_3RKZ_lig62to70_alpha05_protein.pdb,6.410972,6.3877144,6.1328473,6.2811713,5.9564705,5.8658776,6.723713,6.555642,6.691638,6.143028,6.3149076
macrocycles/3RKZ_lig62to70_alpha05/ligand_69,9.66997544868566,data/fep/macrocycles/macrocycles_3RKZ_lig62to70_alpha05_ligand_69.sdf,,data/fep/macrocycles/macrocycles_3RKZ_lig62to70_alpha05_protein.pdb,ligand_69,-13.140000343322754,-12.789999961853027,0.3600000143051147,macrocycles/3RKZ_lig62to70_alpha05,macrocycles,363,macrocycles_3RKZ_lig62to70_alpha05_ligand_69.sdf,macrocycles_3RKZ_lig62to70_alpha05_protein.pdb,6.7767024,7.071405,6.764182,6.9524846,7.22966,7.3581767,7.5252924,6.9601064,7.3034554,7.0804186,7.102188
macrocycles/3RKZ_lig62to70_alpha05/ligand_62,4.908579550629138,data/fep/macrocycles/macrocycles_3RKZ_lig62to70_alpha05_ligand_62.sdf,,data/fep/macrocycles/macrocycles_3RKZ_lig62to70_alpha05_protein.pdb,ligand_62,-6.670000076293945,-5.929999828338623,0.5699999928474426,macrocycles/3RKZ_lig62to70_alpha05,macrocycles,364,macrocycles_3RKZ_lig62to70_alpha05_ligand_62.sdf,macrocycles_3RKZ_lig62to70_alpha05_protein.pdb,6.392211,5.992107,6.352753,5.9913325,6.0732365,6.102999,6.3189044,6.5279965,6.3848996,6.6071672,6.2743607
macrocycles/3RKZ_lig62to70_alpha05/lignad_65,6.829327795812578,data/fep/macrocycles/macrocycles_3RKZ_lig62to70_alpha05_lignad_65.sdf,,data/fep/macrocycles/macrocycles_3RKZ_lig62to70_alpha05_protein.pdb,lignad_65,-9.279999732971191,-9.289999961853027,0.3600000143051147,macrocycles/3RKZ_lig62to70_alpha05,macrocycles,365,macrocycles_3RKZ_lig62to70_alpha05_lignad_65.sdf,macrocycles_3RKZ_lig62to70_alpha05_protein.pdb,6.756642,6.525211,6.3601995,6.2353067,6.20066,6.1561313,6.8089037,6.632514,6.569509,6.638015,6.488309
macrocycles/3RKZ_lig62to70_alpha05/lignad_68,6.218515111265955,data/fep/macrocycles/macrocycles_3RKZ_lig62to70_alpha05_lignad_68.sdf,,data/fep/macrocycles/macrocycles_3RKZ_lig62to70_alpha05_protein.pdb,lignad_68,-8.449999809265137,-8.949999809265137,0.3600000143051147,macrocycles/3RKZ_lig62to70_alpha05,macrocycles,366,macrocycles_3RKZ_lig62to70_alpha05_lignad_68.sdf,macrocycles_3RKZ_lig62to70_alpha05_protein.pdb,6.2783256,6.365543,5.8854384,5.647811,6.029841,6.0165277,6.1868033,6.4190774,6.2084694,6.48291,6.1520743
macrocycles/3RKZ_lig62to70_alpha05/ligand_64,6.5423198487527285,data/fep/macrocycles/macrocycles_3RKZ_lig62to70_alpha05_ligand_64.sdf,,data/fep/macrocycles/macrocycles_3RKZ_lig62to70_alpha05_protein.pdb,ligand_64,-8.890000343322754,-8.850000381469727,0.5699999928474426,macrocycles/3RKZ_lig62to70_alpha05,macrocycles,367,macrocycles_3RKZ_lig62to70_alpha05_ligand_64.sdf,macrocycles_3RKZ_lig62to70_alpha05_protein.pdb,6.6677666,6.6961446,6.60451,6.7163186,6.300045,6.5290737,7.1002245,6.4402776,6.6146193,6.4121675,6.6081147
macrocycles/3RKZ_lig62to70_alpha05/ligand_70,9.37560744171341,data/fep/macrocycles/macrocycles_3RKZ_lig62to70_alpha05_ligand_70.sdf,,data/fep/macrocycles/macrocycles_3RKZ_lig62to70_alpha05_protein.pdb,ligand_70,-12.739999771118164,-13.479999542236328,0.3600000143051147,macrocycles/3RKZ_lig62to70_alpha05,macrocycles,368,macrocycles_3RKZ_lig62to70_alpha05_ligand_70.sdf,macrocycles_3RKZ_lig62to70_alpha05_protein.pdb,7.03324,7.274054,7.123531,7.1949306,7.208731,7.471023,7.25025,6.994404,7.391319,7.230943,7.2172422
macrocycles/MHT1_lig3_alpha05/5AN26_ligand,5.570906689032932,data/fep/macrocycles/macrocycles_MHT1_lig3_alpha05_5AN26_ligand.sdf,,data/fep/macrocycles/macrocycles_MHT1_lig3_alpha05_protein.pdb,5AN26_ligand,-7.570000171661377,-7.139999866485596,0.3400000035762787,macrocycles/MHT1_lig3_alpha05,macrocycles,369,macrocycles_MHT1_lig3_alpha05_5AN26_ligand.sdf,macrocycles_MHT1_lig3_alpha05_protein.pdb,6.1391735,5.899356,6.2141247,5.3515224,5.3005652,6.0682282,5.440556,5.3470845,5.240264,6.3235564,5.7324433
macrocycles/MHT1_lig3_alpha05/5ANT_A_ligand,6.292107288465771,data/fep/macrocycles/macrocycles_MHT1_lig3_alpha05_5ANT_A_ligand.sdf,,data/fep/macrocycles/macrocycles_MHT1_lig3_alpha05_protein.pdb,5ANT_A_ligand,-8.550000190734863,-8.430000305175781,0.3400000035762787,macrocycles/MHT1_lig3_alpha05,macrocycles,370,macrocycles_MHT1_lig3_alpha05_5ANT_A_ligand.sdf,macrocycles_MHT1_lig3_alpha05_protein.pdb,5.8662167,6.126125,6.303776,5.574716,5.745955,6.1274986,5.632001,5.6043963,5.669928,6.283793,5.8934407
macrocycles/MHT1_lig3_alpha05/5ANU_ligand,9.537509810456797,data/fep/macrocycles/macrocycles_MHT1_lig3_alpha05_5ANU_ligand.sdf,,data/fep/macrocycles/macrocycles_MHT1_lig3_alpha05_protein.pdb,5ANU_ligand,-12.960000038146973,-13.5,0.3400000035762787,macrocycles/MHT1_lig3_alpha05,macrocycles,371,macrocycles_MHT1_lig3_alpha05_5ANU_ligand.sdf,macrocycles_MHT1_lig3_alpha05_protein.pdb,7.9047313,6.6410785,6.469149,6.2838774,6.8142786,6.7077,6.7667246,6.290868,6.6007185,6.710281,6.71894
macrocycles/2B8V_lig24and25_alpha05/ligand25_S,5.541469958518408,data/fep/macrocycles/macrocycles_2B8V_lig24and25_alpha05_ligand25_S.sdf,,data/fep/macrocycles/macrocycles_2B8V_lig24and25_alpha05_protein.pdb,ligand25_S,-7.53000020980835,-7.840000152587891,0.2899999916553497,macrocycles/2B8V_lig24and25_alpha05,macrocycles,372,macrocycles_2B8V_lig24and25_alpha05_ligand25_S.sdf,macrocycles_2B8V_lig24and25_alpha05_protein.pdb,5.48085,5.924363,6.245646,5.374904,5.6766148,6.2857227,5.766841,6.634936,6.016163,5.5369763,5.894302
macrocycles/2B8V_lig24and25_alpha05/ligand24_S,4.003399210023773,data/fep/macrocycles/macrocycles_2B8V_lig24and25_alpha05_ligand24_S.sdf,,data/fep/macrocycles/macrocycles_2B8V_lig24and25_alpha05_protein.pdb,ligand24_S,-5.440000057220459,-5.130000114440918,0.2899999916553497,macrocycles/2B8V_lig24and25_alpha05,macrocycles,373,macrocycles_2B8V_lig24and25_alpha05_ligand24_S.sdf,macrocycles_2B8V_lig24and25_alpha05_protein.pdb,5.8790183,6.3159804,5.511615,5.5842395,5.662414,5.844017,5.996158,6.3177757,5.7364483,5.5041795,5.835185
macrocycles/ck2_custcore_hotlys/ligand_15,7.624120221531727,data/fep/macrocycles/macrocycles_ck2_custcore_hotlys_ligand_15.sdf,,data/fep/macrocycles/macrocycles_ck2_custcore_hotlys_protein.pdb,ligand_15,-10.359999656677246,-10.989999771118164,0.3000000119209289,macrocycles/ck2_custcore_hotlys,macrocycles,374,macrocycles_ck2_custcore_hotlys_ligand_15.sdf,macrocycles_ck2_custcore_hotlys_protein.pdb,7.8512735,7.2130785,7.680938,7.727797,8.319617,7.739649,7.778116,7.2699957,7.718895,7.865726,7.716508
macrocycles/ck2_custcore_hotlys/ligand_14,9.596383271485845,data/fep/macrocycles/macrocycles_ck2_custcore_hotlys_ligand_14.sdf,,data/fep/macrocycles/macrocycles_ck2_custcore_hotlys_protein.pdb,ligand_14,-13.039999961853027,-12.40999984741211,0.3000000119209289,macrocycles/ck2_custcore_hotlys,macrocycles,375,macrocycles_ck2_custcore_hotlys_ligand_14.sdf,macrocycles_ck2_custcore_hotlys_protein.pdb,7.493458,7.4459963,8.318754,7.710599,7.9136586,8.343563,8.313667,7.64338,8.149825,7.6040606,7.893696
macrocycles/2E9P_lig4to7_alpha05/ligand_5,8.227574249819979,data/fep/macrocycles/macrocycles_2E9P_lig4to7_alpha05_ligand_5.sdf,,data/fep/macrocycles/macrocycles_2E9P_lig4to7_alpha05_protein.pdb,ligand_5,-11.18000030517578,-11.34000015258789,0.2000000029802322,macrocycles/2E9P_lig4to7_alpha05,macrocycles,376,macrocycles_2E9P_lig4to7_alpha05_ligand_5.sdf,macrocycles_2E9P_lig4to7_alpha05_protein.pdb,8.183276,7.578783,8.400019,7.815998,8.078373,8.624162,8.282767,8.350338,8.211817,8.114773,8.16403
macrocycles/2E9P_lig4to7_alpha05/ligand_7,7.55788810424431,data/fep/macrocycles/macrocycles_2E9P_lig4to7_alpha05_ligand_7.sdf,,data/fep/macrocycles/macrocycles_2E9P_lig4to7_alpha05_protein.pdb,ligand_7,-10.270000457763672,-11.199999809265137,0.209999993443489,macrocycles/2E9P_lig4to7_alpha05,macrocycles,377,macrocycles_2E9P_lig4to7_alpha05_ligand_7.sdf,macrocycles_2E9P_lig4to7_alpha05_protein.pdb,8.026713,7.99517,7.8544207,7.776322,7.8771133,8.094587,8.401031,7.9902616,8.036424,8.128157,8.018021
macrocycles/2E9P_lig4to7_alpha05/ligand_4,8.006798420047547,data/fep/macrocycles/macrocycles_2E9P_lig4to7_alpha05_ligand_4.sdf,,data/fep/macrocycles/macrocycles_2E9P_lig4to7_alpha05_protein.pdb,ligand_4,-10.880000114440918,-9.729999542236328,0.209999993443489,macrocycles/2E9P_lig4to7_alpha05,macrocycles,378,macrocycles_2E9P_lig4to7_alpha05_ligand_4.sdf,macrocycles_2E9P_lig4to7_alpha05_protein.pdb,7.8336134,7.4710207,7.891628,7.5135384,7.5139585,7.998589,7.700021,8.077064,7.196801,7.54057,7.673681
macrocycles/2E9P_lig4to7_alpha05/ligand_6,8.161341430705548,data/fep/macrocycles/macrocycles_2E9P_lig4to7_alpha05_ligand_6.sdf,,data/fep/macrocycles/macrocycles_2E9P_lig4to7_alpha05_protein.pdb,ligand_6,-11.09000015258789,-11.149999618530272,0.2000000029802322,macrocycles/2E9P_lig4to7_alpha05,macrocycles,379,macrocycles_2E9P_lig4to7_alpha05_ligand_6.sdf,macrocycles_2E9P_lig4to7_alpha05_protein.pdb,8.113101,7.687842,8.003078,7.962022,7.962466,8.366519,7.9851346,8.449482,8.188287,8.121601,8.083954
macrocycles/2Q15_lig17to21_alpha05/ligand_20_S,7.513732657559017,data/fep/macrocycles/macrocycles_2Q15_lig17to21_alpha05_ligand_20_S.sdf,,data/fep/macrocycles/macrocycles_2Q15_lig17to21_alpha05_protein.pdb,ligand_20_S,-10.210000038146973,-10.949999809265137,0.6200000047683716,macrocycles/2Q15_lig17to21_alpha05,macrocycles,380,macrocycles_2Q15_lig17to21_alpha05_ligand_20_S.sdf,macrocycles_2Q15_lig17to21_alpha05_protein.pdb,7.5084457,7.7364564,7.3238864,7.867237,7.541924,7.6747994,7.883569,7.976215,7.644199,7.4726686,7.66294
macrocycles/2Q15_lig17to21_alpha05/ligand_21,7.7786632321897295,data/fep/macrocycles/macrocycles_2Q15_lig17to21_alpha05_ligand_21.sdf,,data/fep/macrocycles/macrocycles_2Q15_lig17to21_alpha05_protein.pdb,ligand_21,-10.56999969482422,-10.739999771118164,0.7599999904632568,macrocycles/2Q15_lig17to21_alpha05,macrocycles,381,macrocycles_2Q15_lig17to21_alpha05_ligand_21.sdf,macrocycles_2Q15_lig17to21_alpha05_protein.pdb,7.390334,7.3870254,7.3879824,7.813447,7.46895,7.591368,7.6368213,7.960017,7.496593,7.482325,7.5614862
macrocycles/2Q15_lig17to21_alpha05/ligand_18,7.962642973362255,data/fep/macrocycles/macrocycles_2Q15_lig17to21_alpha05_ligand_18.sdf,,data/fep/macrocycles/macrocycles_2Q15_lig17to21_alpha05_protein.pdb,ligand_18,-10.81999969482422,-10.829999923706056,0.6700000166893005,macrocycles/2Q15_lig17to21_alpha05,macrocycles,382,macrocycles_2Q15_lig17to21_alpha05_ligand_18.sdf,macrocycles_2Q15_lig17to21_alpha05_protein.pdb,7.8095384,7.7948523,7.7560115,7.9174447,7.973319,7.651991,8.051022,7.971766,7.9204154,7.7434926,7.858986
macrocycles/2Q15_lig17to21_alpha05/ligand_17_enu,7.226724008672154,data/fep/macrocycles/macrocycles_2Q15_lig17to21_alpha05_ligand_17_enu.sdf,,data/fep/macrocycles/macrocycles_2Q15_lig17to21_alpha05_protein.pdb,ligand_17_enu,-9.81999969482422,-8.829999923706055,0.8600000143051147,macrocycles/2Q15_lig17to21_alpha05,macrocycles,383,macrocycles_2Q15_lig17to21_alpha05_ligand_17_enu.sdf,macrocycles_2Q15_lig17to21_alpha05_protein.pdb,6.9039283,6.893642,7.571902,7.311167,7.2173715,8.098121,7.9900026,7.6706834,7.1924434,6.457383,7.330664
macrocycles/2Q15_lig17to21_alpha05/ligand_19,8.308525083278166,data/fep/macrocycles/macrocycles_2Q15_lig17to21_alpha05_ligand_19.sdf,,data/fep/macrocycles/macrocycles_2Q15_lig17to21_alpha05_protein.pdb,ligand_19,-11.289999961853027,-11.369999885559082,0.6899999976158142,macrocycles/2Q15_lig17to21_alpha05,macrocycles,384,macrocycles_2Q15_lig17to21_alpha05_ligand_19.sdf,macrocycles_2Q15_lig17to21_alpha05_protein.pdb,7.4114823,7.566851,7.395718,7.7947044,7.6096716,7.544204,7.9726624,7.9239907,7.653574,7.39265,7.626551
macrocycles/hsp90_3hvd_custcore/lig_3B27,5.180869483345234,data/fep/macrocycles/macrocycles_hsp90_3hvd_custcore_lig_3B27.sdf,,data/fep/macrocycles/macrocycles_hsp90_3hvd_custcore_protein.pdb,lig_3B27,-7.039999961853027,-7.409999847412109,0.2899999916553497,macrocycles/hsp90_3hvd_custcore,macrocycles,385,macrocycles_hsp90_3hvd_custcore_lig_3B27.sdf,macrocycles_hsp90_3hvd_custcore_protein.pdb,5.3987336,5.545087,5.149412,4.7205305,5.4817624,4.299439,4.876145,5.692357,5.368,5.228606,5.1760073
macrocycles/hsp90_3hvd_custcore/18 minimized,9.697425306919072,data/fep/macrocycles/macrocycles_hsp90_3hvd_custcore_18_minimized.sdf,,data/fep/macrocycles/macrocycles_hsp90_3hvd_custcore_protein.pdb,18 minimized,-13.177300453186035,-11.630000114440918,0.2599999904632568,macrocycles/hsp90_3hvd_custcore,macrocycles,386,macrocycles_hsp90_3hvd_custcore_18_minimized.sdf,macrocycles_hsp90_3hvd_custcore_protein.pdb,8.57057,8.398985,8.161713,8.586297,8.544667,8.676723,8.556879,8.868976,8.087533,8.786569,8.5238905
"macrocycles/hsp90_3hvd_custcore/8, 3VHA",7.471409681211407,"data/fep/macrocycles/macrocycles_hsp90_3hvd_custcore_8,_3VHA.sdf",,data/fep/macrocycles/macrocycles_hsp90_3hvd_custcore_protein.pdb,"8, 3VHA",-10.15248966217041,-11.210000038146973,0.25,macrocycles/hsp90_3hvd_custcore,macrocycles,387,"macrocycles_hsp90_3hvd_custcore_8,_3VHA.sdf",macrocycles_hsp90_3hvd_custcore_protein.pdb,6.918785,6.3650985,6.9378023,7.2859125,7.1781826,7.564695,6.6455026,7.1471515,7.508782,7.2994,7.085131
macrocycles/hsp90_3hvd_custcore/13,8.289126584567502,data/fep/macrocycles/macrocycles_hsp90_3hvd_custcore_13.sdf,,data/fep/macrocycles/macrocycles_hsp90_3hvd_custcore_protein.pdb,13,-11.26364040374756,-11.949999809265137,0.2399999946355819,macrocycles/hsp90_3hvd_custcore,macrocycles,388,macrocycles_hsp90_3hvd_custcore_13.sdf,macrocycles_hsp90_3hvd_custcore_protein.pdb,7.9614663,7.967374,7.934253,7.793951,7.835446,8.119546,8.198642,7.3549805,7.7003365,8.330315,7.919631
macrocycles/hsp90_3hvd_custcore/9,7.1459942507238745,data/fep/macrocycles/macrocycles_hsp90_3hvd_custcore_9.sdf,,data/fep/macrocycles/macrocycles_hsp90_3hvd_custcore_protein.pdb,9,-9.71030044555664,-10.850000381469728,0.2300000041723251,macrocycles/hsp90_3hvd_custcore,macrocycles,389,macrocycles_hsp90_3hvd_custcore_9.sdf,macrocycles_hsp90_3hvd_custcore_protein.pdb,7.132648,6.5869207,7.2192807,7.048469,6.895664,7.3049965,6.8412957,7.144031,7.038888,7.248723,7.0460916
"macrocycles/hsp90_3hvd_custcore/16, 3VHD",9.376203994676654,"data/fep/macrocycles/macrocycles_hsp90_3hvd_custcore_16,_3VHD.sdf",,data/fep/macrocycles/macrocycles_hsp90_3hvd_custcore_protein.pdb,"16, 3VHD",-12.74081039428711,-10.850000381469728,0.2300000041723251,macrocycles/hsp90_3hvd_custcore,macrocycles,390,"macrocycles_hsp90_3hvd_custcore_16,_3VHD.sdf",macrocycles_hsp90_3hvd_custcore_protein.pdb,8.957513,8.869505,8.779912,8.919314,8.992809,9.1478195,8.915036,9.234906,8.688956,9.180333,8.968611
"macrocycles/hsp90_3hvd_custcore/11, 3VHC",8.974311176128252,"data/fep/macrocycles/macrocycles_hsp90_3hvd_custcore_11,_3VHC.sdf",,data/fep/macrocycles/macrocycles_hsp90_3hvd_custcore_protein.pdb,"11, 3VHC",-12.194700241088867,-12.390000343322754,0.2199999988079071,macrocycles/hsp90_3hvd_custcore,macrocycles,391,"macrocycles_hsp90_3hvd_custcore_11,_3VHC.sdf",macrocycles_hsp90_3hvd_custcore_protein.pdb,7.88675,7.9701395,8.091085,8.319676,8.491498,8.365065,8.243144,7.9245224,8.276111,8.396853,8.196485
macrocycles/hsp90_3hvd_custcore/12,8.211516447703481,data/fep/macrocycles/macrocycles_hsp90_3hvd_custcore_12.sdf,,data/fep/macrocycles/macrocycles_hsp90_3hvd_custcore_protein.pdb,12,-11.158180236816406,-12.3100004196167,0.25,macrocycles/hsp90_3hvd_custcore,macrocycles,392,macrocycles_hsp90_3hvd_custcore_12.sdf,macrocycles_hsp90_3hvd_custcore_protein.pdb,8.060798,8.176229,8.042569,7.9017224,8.48672,8.299883,8.400563,7.5110564,7.9092326,8.516085,8.130486
macrocycles/hsp90_3hvd_custcore/7,6.989552797988725,data/fep/macrocycles/macrocycles_hsp90_3hvd_custcore_7.sdf,,data/fep/macrocycles/macrocycles_hsp90_3hvd_custcore_protein.pdb,7,-9.497720718383787,-10.779999732971191,0.25,macrocycles/hsp90_3hvd_custcore,macrocycles,393,macrocycles_hsp90_3hvd_custcore_7.sdf,macrocycles_hsp90_3hvd_custcore_protein.pdb,7.0790434,6.318486,6.7268395,7.4659867,6.9669294,7.428118,6.7592883,7.237108,7.464397,7.3847046,7.0830903
"macrocycles/hsp90_3hvd_custcore/17, top conformer",9.513776126270889,"data/fep/macrocycles/macrocycles_hsp90_3hvd_custcore_17,_top_conformer.sdf",,data/fep/macrocycles/macrocycles_hsp90_3hvd_custcore_protein.pdb,"17, top conformer",-12.927749633789062,-10.479999542236328,0.2800000011920929,macrocycles/hsp90_3hvd_custcore,macrocycles,394,"macrocycles_hsp90_3hvd_custcore_17,_top_conformer.sdf",macrocycles_hsp90_3hvd_custcore_protein.pdb,8.681428,8.588212,8.288842,8.639708,8.7639475,9.036947,8.605846,8.994731,8.621468,9.024619,8.724575
scaffold_hopping/Fxa_2ei8/Edoxaban,9.265219877740702,data/fep/scaffold_hopping/scaffold_hopping_Fxa_2ei8_Edoxaban.sdf,,data/fep/scaffold_hopping/scaffold_hopping_Fxa_2ei8_protein.pdb,Edoxaban,-12.59000015258789,-11.579999923706056,0.3000000119209289,scaffold_hopping/Fxa_2ei8,scaffold_hopping,395,scaffold_hopping_Fxa_2ei8_Edoxaban.sdf,scaffold_hopping_Fxa_2ei8_protein.pdb,8.311118,7.187082,7.2212796,7.52861,6.945534,7.9288855,7.0267496,7.2217236,7.45881,7.743322,7.457311
scaffold_hopping/Fxa_2ei8/4d,8.624970462679554,data/fep/scaffold_hopping/scaffold_hopping_Fxa_2ei8_4d.sdf,,data/fep/scaffold_hopping/scaffold_hopping_Fxa_2ei8_protein.pdb,4d,-11.720000267028809,-12.369999885559082,0.3000000119209289,scaffold_hopping/Fxa_2ei8,scaffold_hopping,396,scaffold_hopping_Fxa_2ei8_4d.sdf,scaffold_hopping_Fxa_2ei8_protein.pdb,8.540719,8.658972,8.545465,8.456777,8.269782,8.606804,8.787044,8.213476,8.378906,8.282596,8.474054
scaffold_hopping/Fxa_2ei8/4c,8.676484565623216,data/fep/scaffold_hopping/scaffold_hopping_Fxa_2ei8_4c.sdf,,data/fep/scaffold_hopping/scaffold_hopping_Fxa_2ei8_protein.pdb,4c,-11.789999961853027,-12.149999618530272,0.3000000119209289,scaffold_hopping/Fxa_2ei8,scaffold_hopping,397,scaffold_hopping_Fxa_2ei8_4c.sdf,scaffold_hopping_Fxa_2ei8_protein.pdb,8.418973,8.492224,8.316438,8.289653,8.013719,8.300617,8.460402,8.108341,8.238136,8.10945,8.274795
scaffold_hopping/TPSB2_3v7t/1,7.697712398731543,data/fep/scaffold_hopping/scaffold_hopping_TPSB2_3v7t_1.sdf,,data/fep/scaffold_hopping/scaffold_hopping_TPSB2_3v7t_protein.pdb,1,-10.460000038146973,-10.779999732971191,0.2800000011920929,scaffold_hopping/TPSB2_3v7t,scaffold_hopping,398,scaffold_hopping_TPSB2_3v7t_1.sdf,scaffold_hopping_TPSB2_3v7t_protein.pdb,6.5110393,6.23864,5.927876,6.7031775,6.673442,6.4385777,5.9029055,6.0618253,6.707548,5.7320952,6.2897124
scaffold_hopping/TPSB2_3v7t/2,7.241442724842922,data/fep/scaffold_hopping/scaffold_hopping_TPSB2_3v7t_2.sdf,,data/fep/scaffold_hopping/scaffold_hopping_TPSB2_3v7t_protein.pdb,2,-9.84000015258789,-9.520000457763672,0.2800000011920929,scaffold_hopping/TPSB2_3v7t,scaffold_hopping,399,scaffold_hopping_TPSB2_3v7t_2.sdf,scaffold_hopping_TPSB2_3v7t_protein.pdb,7.025735,6.7976737,6.167557,6.9062023,7.0577602,6.504736,6.7053547,6.749483,7.399249,6.0525084,6.7366257
scaffold_hopping/Bace1_4zsp/31,6.1449236358931545,data/fep/scaffold_hopping/scaffold_hopping_Bace1_4zsp_31.sdf,,data/fep/scaffold_hopping/scaffold_hopping_Bace1_4zsp_protein.pdb,31,-8.350000381469727,-8.8100004196167,0.2300000041723251,scaffold_hopping/Bace1_4zsp,scaffold_hopping,400,scaffold_hopping_Bace1_4zsp_31.sdf,scaffold_hopping_Bace1_4zsp_protein.pdb,5.809912,5.6590166,5.339913,6.397119,5.963384,5.838578,6.1728663,5.5599575,5.377288,5.547299,5.7665334
scaffold_hopping/Bace1_4zsp/7,5.673935245833763,data/fep/scaffold_hopping/scaffold_hopping_Bace1_4zsp_7.sdf,,data/fep/scaffold_hopping/scaffold_hopping_Bace1_4zsp_protein.pdb,7,-7.710000038146973,-7.190000057220459,0.2300000041723251,scaffold_hopping/Bace1_4zsp,scaffold_hopping,401,scaffold_hopping_Bace1_4zsp_7.sdf,scaffold_hopping_Bace1_4zsp_protein.pdb,5.2961235,5.7652135,5.160873,5.6424537,5.3055596,5.602488,6.2045865,5.487593,5.7197337,5.7840343,5.596866
scaffold_hopping/Bace1_4zsp/6,5.7622454373773335,data/fep/scaffold_hopping/scaffold_hopping_Bace1_4zsp_6.sdf,,data/fep/scaffold_hopping/scaffold_hopping_Bace1_4zsp_protein.pdb,6,-7.829999923706055,-7.889999866485596,0.2300000041723251,scaffold_hopping/Bace1_4zsp,scaffold_hopping,402,scaffold_hopping_Bace1_4zsp_6.sdf,scaffold_hopping_Bace1_4zsp_protein.pdb,5.7976403,5.6567917,5.8221035,5.9276643,5.9459405,5.5782647,5.9717636,5.9168067,5.685539,5.684807,5.798732
scaffold_hopping/EZH2_5ij7_corehop/22,7.131054459043197,data/fep/scaffold_hopping/scaffold_hopping_EZH2_5ij7_corehop_22.sdf,,data/fep/scaffold_hopping/scaffold_hopping_EZH2_5ij7_corehop_protein.pdb,22,-9.6899995803833,-9.529999732971191,0.270000010728836,scaffold_hopping/EZH2_5ij7_corehop,scaffold_hopping,403,scaffold_hopping_EZH2_5ij7_corehop_22.sdf,scaffold_hopping_EZH2_5ij7_corehop_protein.pdb,7.1521616,6.335947,7.60605,6.850785,6.6711435,7.0826316,7.690375,7.121373,6.1756577,7.020439,6.970656
scaffold_hopping/EZH2_5ij7_corehop/31,7.55788810424431,data/fep/scaffold_hopping/scaffold_hopping_EZH2_5ij7_corehop_31.sdf,,data/fep/scaffold_hopping/scaffold_hopping_EZH2_5ij7_corehop_protein.pdb,31,-10.270000457763672,-10.43000030517578,0.270000010728836,scaffold_hopping/EZH2_5ij7_corehop,scaffold_hopping,404,scaffold_hopping_EZH2_5ij7_corehop_31.sdf,scaffold_hopping_EZH2_5ij7_corehop_protein.pdb,6.6432285,6.267092,6.7508874,6.168975,6.338135,6.249315,7.3170886,6.2213197,5.4540095,5.952467,6.3362517
scaffold_hopping/EZH2_5ij7_corehop/29,7.55788810424431,data/fep/scaffold_hopping/scaffold_hopping_EZH2_5ij7_corehop_29.sdf,,data/fep/scaffold_hopping/scaffold_hopping_EZH2_5ij7_corehop_protein.pdb,29,-10.270000457763672,-10.229999542236328,0.3000000119209289,scaffold_hopping/EZH2_5ij7_corehop,scaffold_hopping,405,scaffold_hopping_EZH2_5ij7_corehop_29.sdf,scaffold_hopping_EZH2_5ij7_corehop_protein.pdb,7.2158766,6.6094975,6.8846207,6.426862,6.927566,7.0859437,7.4444995,6.568719,6.0680904,6.704546,6.793622
scaffold_hopping/EZH2_5ij7_corehop/27,6.1596416502369085,data/fep/scaffold_hopping/scaffold_hopping_EZH2_5ij7_corehop_27.sdf,,data/fep/scaffold_hopping/scaffold_hopping_EZH2_5ij7_corehop_protein.pdb,27,-8.369999885559082,-8.40999984741211,0.3000000119209289,scaffold_hopping/EZH2_5ij7_corehop,scaffold_hopping,406,scaffold_hopping_EZH2_5ij7_corehop_27.sdf,scaffold_hopping_EZH2_5ij7_corehop_protein.pdb,6.5321755,6.1561356,7.177017,6.379138,6.3131523,5.9066525,7.366073,6.362985,5.7501855,6.66963,6.461314
scaffold_hopping/CHK1_3u9n_corehop/17,7.150188368968988,data/fep/scaffold_hopping/scaffold_hopping_CHK1_3u9n_corehop_17.sdf,,data/fep/scaffold_hopping/scaffold_hopping_CHK1_3u9n_corehop_protein.pdb,17,-9.715999603271484,-9.010000228881836,0.2000000029802322,scaffold_hopping/CHK1_3u9n_corehop,scaffold_hopping,407,scaffold_hopping_CHK1_3u9n_corehop_17.sdf,scaffold_hopping_CHK1_3u9n_corehop_protein.pdb,7.033495,7.177741,6.887494,7.6293836,7.1311707,7.1685295,7.847271,6.843862,7.5958104,7.449159,7.2763915
scaffold_hopping/CHK1_3u9n_corehop/1,7.138413817128582,data/fep/scaffold_hopping/scaffold_hopping_CHK1_3u9n_corehop_1.sdf,,data/fep/scaffold_hopping/scaffold_hopping_CHK1_3u9n_corehop_protein.pdb,1,-9.699999809265137,-9.920000076293944,0.2000000029802322,scaffold_hopping/CHK1_3u9n_corehop,scaffold_hopping,408,scaffold_hopping_CHK1_3u9n_corehop_1.sdf,scaffold_hopping_CHK1_3u9n_corehop_protein.pdb,6.834666,7.086631,7.1241374,6.840035,7.203071,6.5611224,6.9848804,6.79819,7.048102,6.728486,6.920933
scaffold_hopping/CHK1_3u9n_corehop/21,6.727771321176927,data/fep/scaffold_hopping/scaffold_hopping_CHK1_3u9n_corehop_21.sdf,,data/fep/scaffold_hopping/scaffold_hopping_CHK1_3u9n_corehop_protein.pdb,21,-9.142000198364258,-8.720000267028809,0.2000000029802322,scaffold_hopping/CHK1_3u9n_corehop,scaffold_hopping,409,scaffold_hopping_CHK1_3u9n_corehop_21.sdf,scaffold_hopping_CHK1_3u9n_corehop_protein.pdb,7.226351,7.431882,6.9575014,6.5648265,7.295147,6.8307557,7.0389066,7.347626,7.4532485,6.9110837,7.1057334
scaffold_hopping/CHK1_3u9n_corehop/20,6.776341961617242,data/fep/scaffold_hopping/scaffold_hopping_CHK1_3u9n_corehop_20.sdf,,data/fep/scaffold_hopping/scaffold_hopping_CHK1_3u9n_corehop_protein.pdb,20,-9.208000183105469,-9.699999809265137,0.2000000029802322,scaffold_hopping/CHK1_3u9n_corehop,scaffold_hopping,410,scaffold_hopping_CHK1_3u9n_corehop_20.sdf,scaffold_hopping_CHK1_3u9n_corehop_protein.pdb,7.3637323,6.963623,7.0674033,6.902495,7.2921495,6.849718,6.9409676,7.059771,7.068048,6.8826747,7.0390577
scaffold_hopping/CHK1_3u9n_corehop/19,6.290635557214098,data/fep/scaffold_hopping/scaffold_hopping_CHK1_3u9n_corehop_19.sdf,,data/fep/scaffold_hopping/scaffold_hopping_CHK1_3u9n_corehop_protein.pdb,19,-8.54800033569336,-8.970000267028809,0.2000000029802322,scaffold_hopping/CHK1_3u9n_corehop,scaffold_hopping,411,scaffold_hopping_CHK1_3u9n_corehop_19.sdf,scaffold_hopping_CHK1_3u9n_corehop_protein.pdb,7.255459,6.9926043,6.490478,6.8365583,6.650981,7.050083,7.022889,6.76055,7.5017104,6.7155943,6.927691
gpcrs/a2a_hip278/4g,8.142238401168441,data/fep/gpcrs/gpcrs_a2a_hip278_4g.sdf,,data/fep/gpcrs/gpcrs_a2a_hip278_protein.pdb,4g,-11.064042091369627,-11.829999923706056,0.1000000014901161,gpcrs/a2a_hip278,gpcrs,412,gpcrs_a2a_hip278_4g.sdf,gpcrs_a2a_hip278_protein.pdb,5.5216646,5.6758704,6.52893,6.0147367,6.030399,5.3162656,6.3535976,6.8094363,6.2499437,6.439335,6.094018
gpcrs/a2a_hip278/4h,7.841045828296681,data/fep/gpcrs/gpcrs_a2a_hip278_4h.sdf,,data/fep/gpcrs/gpcrs_a2a_hip278_protein.pdb,4h,-10.654767990112305,-11.130000114440918,0.1000000014901161,gpcrs/a2a_hip278,gpcrs,413,gpcrs_a2a_hip278_4h.sdf,gpcrs_a2a_hip278_protein.pdb,5.37232,5.4638476,6.4034925,6.146059,6.2422433,5.4790974,6.4197507,6.8023534,6.4739966,6.1686835,6.097184
gpcrs/a2a_hip278/4jS,8.01172173656185,data/fep/gpcrs/gpcrs_a2a_hip278_4jS.sdf,,data/fep/gpcrs/gpcrs_a2a_hip278_protein.pdb,4jS,-10.886690139770508,-11.539999961853027,0.1000000014901161,gpcrs/a2a_hip278,gpcrs,414,gpcrs_a2a_hip278_4jS.sdf,gpcrs_a2a_hip278_protein.pdb,5.5676684,5.490101,6.7968774,6.138702,6.4966927,5.3186784,6.7148895,6.9124722,5.9751434,6.4944224,6.1905646
gpcrs/a2a_hip278/4kU,8.49362985315667,data/fep/gpcrs/gpcrs_a2a_hip278_4kU.sdf,,data/fep/gpcrs/gpcrs_a2a_hip278_protein.pdb,4kU,-11.541528701782228,-12.0,0.1000000014901161,gpcrs/a2a_hip278,gpcrs,415,gpcrs_a2a_hip278_4kU.sdf,gpcrs_a2a_hip278_protein.pdb,5.660879,6.3028164,6.737097,6.422047,6.92321,5.703709,7.2964864,6.9852057,6.709551,6.4355893,6.5176597
gpcrs/a2a_hip278/4lD,8.373152824007963,data/fep/gpcrs/gpcrs_a2a_hip278_4lD.sdf,,data/fep/gpcrs/gpcrs_a2a_hip278_protein.pdb,4lD,-11.377819061279297,-11.31999969482422,0.1000000014901161,gpcrs/a2a_hip278,gpcrs,416,gpcrs_a2a_hip278_4lD.sdf,gpcrs_a2a_hip278_protein.pdb,5.3922095,5.8725076,6.871921,6.416534,6.735146,6.4606867,7.0632915,6.7403417,6.394586,6.1042824,6.40515
gpcrs/a2a_hip278/4i,7.5900521345413825,data/fep/gpcrs/gpcrs_a2a_hip278_4i.sdf,,data/fep/gpcrs/gpcrs_a2a_hip278_protein.pdb,4i,-10.313706398010254,-10.970000267028809,0.1000000014901161,gpcrs/a2a_hip278,gpcrs,417,gpcrs_a2a_hip278_4i.sdf,gpcrs_a2a_hip278_protein.pdb,5.7860203,6.1170163,7.2776823,5.9654775,6.710312,5.7634892,6.722674,6.883334,6.447539,6.895775,6.456932
gpcrs/a2a_hip278/4a,6.927428474223507,data/fep/gpcrs/gpcrs_a2a_hip278_4a.sdf,,data/fep/gpcrs/gpcrs_a2a_hip278_protein.pdb,4a,-9.41330337524414,-7.150000095367432,0.1000000014901161,gpcrs/a2a_hip278,gpcrs,418,gpcrs_a2a_hip278_4a.sdf,gpcrs_a2a_hip278_protein.pdb,5.282413,4.984177,6.03032,5.6084657,5.485564,5.1357994,5.6774197,7.040782,5.887833,6.019474,5.7152243
gpcrs/a2a_hip278/4b D,7.329018805328194,data/fep/gpcrs/gpcrs_a2a_hip278_4b_D.sdf,,data/fep/gpcrs/gpcrs_a2a_hip278_protein.pdb,4b D,-9.959002494812012,-10.0600004196167,0.1000000014901161,gpcrs/a2a_hip278,gpcrs,419,gpcrs_a2a_hip278_4b_D.sdf,gpcrs_a2a_hip278_protein.pdb,5.940205,5.9757724,6.7050643,5.8716307,6.6221523,5.764703,6.607461,7.3136983,6.5442824,6.5945053,6.393947
gpcrs/a2a_hip278/4c,8.433391338582316,data/fep/gpcrs/gpcrs_a2a_hip278_4c.sdf,,data/fep/gpcrs/gpcrs_a2a_hip278_protein.pdb,4c,-11.459673881530762,-12.09000015258789,0.1000000014901161,gpcrs/a2a_hip278,gpcrs,420,gpcrs_a2a_hip278_4c.sdf,gpcrs_a2a_hip278_protein.pdb,6.1840177,6.1189747,7.363554,6.370472,6.8187966,6.502283,6.9883943,7.688835,6.4189243,6.3537884,6.6808043
gpcrs/a2a_hip278/4d,7.730609136432883,data/fep/gpcrs/gpcrs_a2a_hip278_4d.sdf,,data/fep/gpcrs/gpcrs_a2a_hip278_protein.pdb,4d,-10.504701614379885,-9.979999542236328,0.1000000014901161,gpcrs/a2a_hip278,gpcrs,421,gpcrs_a2a_hip278_4d.sdf,gpcrs_a2a_hip278_protein.pdb,6.4149885,5.953231,6.8035007,6.81894,6.4926105,5.9362655,7.663201,7.898616,6.5683007,7.1414146,6.769107
gpcrs/a2a_hip278/4o,8.35759121359148,data/fep/gpcrs/gpcrs_a2a_hip278_4o.sdf,,data/fep/gpcrs/gpcrs_a2a_hip278_protein.pdb,4o,-11.35667324066162,-9.4399995803833,0.1000000014901161,gpcrs/a2a_hip278,gpcrs,422,gpcrs_a2a_hip278_4o.sdf,gpcrs_a2a_hip278_protein.pdb,6.4849973,5.692589,6.5480943,6.2315946,6.1965547,5.9227962,6.4371247,7.1933117,6.49762,7.1176677,6.432235
gpcrs/a2a_hip278/4f,8.423351703124426,data/fep/gpcrs/gpcrs_a2a_hip278_4f.sdf,,data/fep/gpcrs/gpcrs_a2a_hip278_protein.pdb,4f,-11.44603157043457,-11.720000267028809,0.1099999994039535,gpcrs/a2a_hip278,gpcrs,423,gpcrs_a2a_hip278_4f.sdf,gpcrs_a2a_hip278_protein.pdb,6.3382215,6.0533824,7.2165523,6.529705,6.7193904,6.421609,7.429972,7.0440464,6.8488317,6.876788,6.7478495
gpcrs/a2a_hip278/4e D,8.885180548803467,data/fep/gpcrs/gpcrs_a2a_hip278_4e_D.sdf,,data/fep/gpcrs/gpcrs_a2a_hip278_protein.pdb,4e D,-12.073585510253906,-11.010000228881836,0.1000000014901161,gpcrs/a2a_hip278,gpcrs,424,gpcrs_a2a_hip278_4e_D.sdf,gpcrs_a2a_hip278_protein.pdb,7.1145186,6.396755,7.661202,6.636647,7.3577657,6.646883,7.939667,7.0576596,6.496003,7.4678717,7.077497
gpcrs/a2a_hip278/4m D,7.764242090673565,data/fep/gpcrs/gpcrs_a2a_hip278_4m_D.sdf,,data/fep/gpcrs/gpcrs_a2a_hip278_protein.pdb,4m D,-10.550403594970703,-11.710000038146973,0.1000000014901161,gpcrs/a2a_hip278,gpcrs,425,gpcrs_a2a_hip278_4m_D.sdf,gpcrs_a2a_hip278_protein.pdb,5.7904754,5.5760064,6.642175,5.5260596,6.612727,5.913957,6.301717,6.528547,5.92542,6.434104,6.1251187
gpcrs/a2a_hip278/4q,6.539894334586879,data/fep/gpcrs/gpcrs_a2a_hip278_4q.sdf,,data/fep/gpcrs/gpcrs_a2a_hip278_protein.pdb,4q,-8.886704444885254,-8.960000038146973,0.1000000014901161,gpcrs/a2a_hip278,gpcrs,426,gpcrs_a2a_hip278_4q.sdf,gpcrs_a2a_hip278_protein.pdb,5.5434704,5.1688404,6.026231,5.695114,5.7637224,5.651907,6.1408715,6.9828243,5.8628078,5.7470555,5.858284
gpcrs/a2a_hip278/4n,8.500155440747543,data/fep/gpcrs/gpcrs_a2a_hip278_4n.sdf,,data/fep/gpcrs/gpcrs_a2a_hip278_protein.pdb,4n,-11.550395965576172,-13.93000030517578,0.1000000014901161,gpcrs/a2a_hip278,gpcrs,427,gpcrs_a2a_hip278_4n.sdf,gpcrs_a2a_hip278_protein.pdb,5.4848843,5.729587,6.9291234,6.1331005,6.2949767,5.988252,5.8928413,6.2027435,5.935326,6.398193,6.0989027
gpcrs/a2a_hip278/4r U,8.435098181884209,data/fep/gpcrs/gpcrs_a2a_hip278_4r_U.sdf,,data/fep/gpcrs/gpcrs_a2a_hip278_protein.pdb,4r U,-11.461993217468262,-12.3100004196167,0.1000000014901161,gpcrs/a2a_hip278,gpcrs,428,gpcrs_a2a_hip278_4r_U.sdf,gpcrs_a2a_hip278_protein.pdb,5.6963253,6.126497,6.709641,6.1009436,6.4550967,6.5745177,6.681262,6.241418,6.059368,6.261472,6.290654
gpcrs/a2a_hip278/4o deprotonated,8.35759121359148,data/fep/gpcrs/gpcrs_a2a_hip278_4o_deprotonated.sdf,,data/fep/gpcrs/gpcrs_a2a_hip278_protein.pdb,4o deprotonated,-11.35667324066162,-9.4399995803833,0.1299999952316284,gpcrs/a2a_hip278,gpcrs,429,gpcrs_a2a_hip278_4o_deprotonated.sdf,gpcrs_a2a_hip278_protein.pdb,5.6235547,5.5172176,6.408282,6.291181,5.8416452,5.2002063,5.907146,6.4084144,6.0211434,6.5583696,5.977716
gpcrs/a2a_hip278/4eD deprotonated,8.885180548803467,data/fep/gpcrs/gpcrs_a2a_hip278_4eD_deprotonated.sdf,,data/fep/gpcrs/gpcrs_a2a_hip278_protein.pdb,4eD deprotonated,-12.073585510253906,-11.010000228881836,0.1099999994039535,gpcrs/a2a_hip278,gpcrs,430,gpcrs_a2a_hip278_4eD_deprotonated.sdf,gpcrs_a2a_hip278_protein.pdb,6.033942,6.213944,7.0578957,6.1014733,6.532176,5.3812647,7.111266,6.7898335,6.0709558,6.950825,6.4243574
gpcrs/a2a_hip278/4f deprotonated,8.423351703124426,data/fep/gpcrs/gpcrs_a2a_hip278_4f_deprotonated.sdf,,data/fep/gpcrs/gpcrs_a2a_hip278_protein.pdb,4f deprotonated,-11.44603157043457,-11.720000267028809,0.1400000005960464,gpcrs/a2a_hip278,gpcrs,431,gpcrs_a2a_hip278_4f_deprotonated.sdf,gpcrs_a2a_hip278_protein.pdb,6.160281,6.254741,6.5792837,6.5605006,6.1694074,6.2052126,6.968392,7.257956,6.1523614,6.492787,6.4800925
gpcrs/ox2_hip_custcore/set 1: 1,8.079088708133462,data/fep/gpcrs/gpcrs_ox2_hip_custcore_set_1:_1.sdf,,data/fep/gpcrs/gpcrs_ox2_hip_custcore_protein.pdb,set 1: 1,-10.978231430053713,-10.960000038146973,0.0599999986588954,gpcrs/ox2_hip_custcore,gpcrs,432,gpcrs_ox2_hip_custcore_set_1:_1.sdf,gpcrs_ox2_hip_custcore_protein.pdb,6.90077,7.6445456,7.0977345,6.83983,7.4151635,7.013876,6.992026,6.526461,6.7065086,6.440208,6.9577127
gpcrs/ox2_hip_custcore/set 1: 2,7.3957829074934205,data/fep/gpcrs/gpcrs_ox2_hip_custcore_set_1:_2.sdf,,data/fep/gpcrs/gpcrs_ox2_hip_custcore_protein.pdb,set 1: 2,-10.049724578857422,-9.25,0.0700000002980232,gpcrs/ox2_hip_custcore,gpcrs,433,gpcrs_ox2_hip_custcore_set_1:_2.sdf,gpcrs_ox2_hip_custcore_protein.pdb,6.2685623,7.536227,7.192505,6.336737,6.7033186,7.2441726,6.540549,6.1151757,6.447451,6.2893505,6.667405
gpcrs/ox2_hip_custcore/set 1: 3,6.32604764293928,data/fep/gpcrs/gpcrs_ox2_hip_custcore_set_1:_3.sdf,,data/fep/gpcrs/gpcrs_ox2_hip_custcore_protein.pdb,set 1: 3,-8.59611988067627,-10.140000343322754,0.0700000002980232,gpcrs/ox2_hip_custcore,gpcrs,434,gpcrs_ox2_hip_custcore_set_1:_3.sdf,gpcrs_ox2_hip_custcore_protein.pdb,7.149917,6.889659,7.4446115,6.599175,6.4231234,7.017096,6.7197905,6.6194706,5.895966,6.506045,6.7264853
gpcrs/ox2_hip_custcore/set 1: 4,7.80349738113607,data/fep/gpcrs/gpcrs_ox2_hip_custcore_set_1:_4.sdf,,data/fep/gpcrs/gpcrs_ox2_hip_custcore_protein.pdb,set 1: 4,-10.603745460510254,-10.770000457763672,0.0700000002980232,gpcrs/ox2_hip_custcore,gpcrs,435,gpcrs_ox2_hip_custcore_set_1:_4.sdf,gpcrs_ox2_hip_custcore_protein.pdb,6.6656127,7.2507114,7.660702,7.3859587,7.572519,7.643713,6.7470694,7.233394,7.160937,6.9669566,7.2287574
gpcrs/ox2_hip_custcore/set 1: 5,8.01101920771925,data/fep/gpcrs/gpcrs_ox2_hip_custcore_set_1:_5.sdf,,data/fep/gpcrs/gpcrs_ox2_hip_custcore_protein.pdb,set 1: 5,-10.885735511779783,-10.6899995803833,0.0700000002980232,gpcrs/ox2_hip_custcore,gpcrs,436,gpcrs_ox2_hip_custcore_set_1:_5.sdf,gpcrs_ox2_hip_custcore_protein.pdb,6.767278,7.4852705,7.4355793,7.6414433,7.302948,7.8497186,7.0090723,7.1882586,6.5804152,6.819333,7.2079325
gpcrs/ox2_hip_custcore/set 1: 6,7.368775902106838,data/fep/gpcrs/gpcrs_ox2_hip_custcore_set_1:_6.sdf,,data/fep/gpcrs/gpcrs_ox2_hip_custcore_protein.pdb,set 1: 6,-10.013026237487791,-9.15999984741211,0.0700000002980232,gpcrs/ox2_hip_custcore,gpcrs,437,gpcrs_ox2_hip_custcore_set_1:_6.sdf,gpcrs_ox2_hip_custcore_protein.pdb,7.139573,7.418101,7.1036763,5.970623,6.990302,7.2664323,6.650702,6.414597,6.521655,6.4637036,6.7939367
gpcrs/ox2_hip_custcore/set 1: 7,8.520235413490338,data/fep/gpcrs/gpcrs_ox2_hip_custcore_set_1:_7.sdf,,data/fep/gpcrs/gpcrs_ox2_hip_custcore_protein.pdb,set 1: 7,-11.577681541442873,-12.25,0.0700000002980232,gpcrs/ox2_hip_custcore,gpcrs,438,gpcrs_ox2_hip_custcore_set_1:_7.sdf,gpcrs_ox2_hip_custcore_protein.pdb,6.96075,7.2101293,7.45768,7.4544992,7.5088034,7.6216874,7.2871294,7.3077,6.848739,7.140606,7.2797728
gpcrs/ox2_hip_custcore/set 1: 8,7.470579419851974,data/fep/gpcrs/gpcrs_ox2_hip_custcore_set_1:_8.sdf,,data/fep/gpcrs/gpcrs_ox2_hip_custcore_protein.pdb,set 1: 8,-10.151361465454102,-11.729999542236328,0.0799999982118606,gpcrs/ox2_hip_custcore,gpcrs,439,gpcrs_ox2_hip_custcore_set_1:_8.sdf,gpcrs_ox2_hip_custcore_protein.pdb,6.771569,7.3824086,7.2785444,6.949574,7.887221,7.099871,6.659715,7.000207,7.422754,6.7417183,7.119359
gpcrs/ox2_hip_custcore/set 1: 9,6.346628720171199,data/fep/gpcrs/gpcrs_ox2_hip_custcore_set_1:_9.sdf,,data/fep/gpcrs/gpcrs_ox2_hip_custcore_protein.pdb,set 1: 9,-8.624086380004883,-9.890000343322754,0.0599999986588954,gpcrs/ox2_hip_custcore,gpcrs,440,gpcrs_ox2_hip_custcore_set_1:_9.sdf,gpcrs_ox2_hip_custcore_protein.pdb,6.534597,7.3979077,6.754457,5.9728723,7.460445,7.1290693,6.4308047,6.708719,6.6077023,6.576785,6.7573357
gpcrs/ox2_hip_custcore/set 1: 10,7.592160422896188,data/fep/gpcrs/gpcrs_ox2_hip_custcore_set_1:_10.sdf,,data/fep/gpcrs/gpcrs_ox2_hip_custcore_protein.pdb,set 1: 10,-10.316571235656738,-10.079999923706056,0.0700000002980232,gpcrs/ox2_hip_custcore,gpcrs,441,gpcrs_ox2_hip_custcore_set_1:_10.sdf,gpcrs_ox2_hip_custcore_protein.pdb,6.907969,7.1646533,7.4582043,6.6447406,7.2192187,7.3795815,6.7220144,6.76543,6.735756,6.697195,6.969476
gpcrs/ox2_hip_custcore/set 1: 11,8.18741781346947,data/fep/gpcrs/gpcrs_ox2_hip_custcore_set_1:_11.sdf,,data/fep/gpcrs/gpcrs_ox2_hip_custcore_protein.pdb,set 1: 11,-11.125433921813965,-11.380000114440918,0.0599999986588954,gpcrs/ox2_hip_custcore,gpcrs,442,gpcrs_ox2_hip_custcore_set_1:_11.sdf,gpcrs_ox2_hip_custcore_protein.pdb,7.1360383,7.3421664,7.412331,7.227121,7.340132,7.745767,6.9564896,7.497319,7.2248755,6.926614,7.280885
gpcrs/ox2_hip_custcore/set 1: 12,7.757515078729219,data/fep/gpcrs/gpcrs_ox2_hip_custcore_set_1:_12.sdf,,data/fep/gpcrs/gpcrs_ox2_hip_custcore_protein.pdb,set 1: 12,-10.54126262664795,-9.380000114440918,0.0700000002980232,gpcrs/ox2_hip_custcore,gpcrs,443,gpcrs_ox2_hip_custcore_set_1:_12.sdf,gpcrs_ox2_hip_custcore_protein.pdb,6.657512,7.304076,7.3715625,6.8443985,7.0927076,7.5121117,6.671547,6.535115,6.565728,6.17572,6.873048
gpcrs/ox2_hip_custcore/set 1: 13,6.602943666358635,data/fep/gpcrs/gpcrs_ox2_hip_custcore_set_1:_13.sdf,,data/fep/gpcrs/gpcrs_ox2_hip_custcore_protein.pdb,set 1: 13,-8.972378730773926,-9.890000343322754,0.0700000002980232,gpcrs/ox2_hip_custcore,gpcrs,444,gpcrs_ox2_hip_custcore_set_1:_13.sdf,gpcrs_ox2_hip_custcore_protein.pdb,7.3411593,6.8289347,7.2622695,6.4554057,7.0176725,7.2608943,6.8398075,6.573277,6.434255,6.614759,6.8628435
gpcrs/ox2_hip_custcore/set 1: 14,8.2198457307244,data/fep/gpcrs/gpcrs_ox2_hip_custcore_set_1:_14.sdf,,data/fep/gpcrs/gpcrs_ox2_hip_custcore_protein.pdb,set 1: 14,-11.169498443603516,-10.619999885559082,0.0700000002980232,gpcrs/ox2_hip_custcore,gpcrs,445,gpcrs_ox2_hip_custcore_set_1:_14.sdf,gpcrs_ox2_hip_custcore_protein.pdb,6.536068,7.2297506,7.1551456,6.6260753,7.732816,7.1476083,7.049594,6.9619765,6.5582724,6.741844,6.973915
gpcrs/ox2_hip_custcore/set 1: 15,5.019875980587026,data/fep/gpcrs/gpcrs_ox2_hip_custcore_set_1:_15.sdf,,data/fep/gpcrs/gpcrs_ox2_hip_custcore_protein.pdb,set 1: 15,-6.821234703063965,-8.800000190734863,0.0700000002980232,gpcrs/ox2_hip_custcore,gpcrs,446,gpcrs_ox2_hip_custcore_set_1:_15.sdf,gpcrs_ox2_hip_custcore_protein.pdb,6.822752,7.192419,7.086419,6.9670463,6.920147,7.442958,7.1193466,6.6083765,6.734825,6.7615533,6.9655848
gpcrs/ox2_hip_custcore/set 1: 16,8.05870765160098,data/fep/gpcrs/gpcrs_ox2_hip_custcore_set_1:_16.sdf,,data/fep/gpcrs/gpcrs_ox2_hip_custcore_protein.pdb,set 1: 16,-10.950536727905272,-9.829999923706056,0.0700000002980232,gpcrs/ox2_hip_custcore,gpcrs,447,gpcrs_ox2_hip_custcore_set_1:_16.sdf,gpcrs_ox2_hip_custcore_protein.pdb,6.9660954,7.584783,7.5345798,6.5164304,7.131245,7.369125,6.866924,6.349223,6.251091,6.5299687,6.9099474
gpcrs/ox2_hip_custcore/set 1: 17,5.065857932080369,data/fep/gpcrs/gpcrs_ox2_hip_custcore_set_1:_17.sdf,,data/fep/gpcrs/gpcrs_ox2_hip_custcore_protein.pdb,set 1: 17,-6.883717060089111,-9.0600004196167,0.0700000002980232,gpcrs/ox2_hip_custcore,gpcrs,448,gpcrs_ox2_hip_custcore_set_1:_17.sdf,gpcrs_ox2_hip_custcore_protein.pdb,6.797994,7.4868665,7.2354712,6.7673388,7.3348284,7.5896473,6.7845755,7.0769467,6.6984777,6.6783867,7.045053
gpcrs/ox2_hip_custcore/set 1: 18,6.090615559600463,data/fep/gpcrs/gpcrs_ox2_hip_custcore_set_1:_18.sdf,,data/fep/gpcrs/gpcrs_ox2_hip_custcore_protein.pdb,set 1: 18,-8.276204109191895,-10.529999732971191,0.0700000002980232,gpcrs/ox2_hip_custcore,gpcrs,449,gpcrs_ox2_hip_custcore_set_1:_18.sdf,gpcrs_ox2_hip_custcore_protein.pdb,7.486958,7.325573,7.8220863,7.162407,7.5661197,7.1929393,7.231771,7.6011934,6.8987565,6.8441663,7.313197
gpcrs/ox2_hip_custcore/set 1: 19,5.530497594956811,data/fep/gpcrs/gpcrs_ox2_hip_custcore_set_1:_19.sdf,,data/fep/gpcrs/gpcrs_ox2_hip_custcore_protein.pdb,set 1: 19,-7.515090465545654,-10.369999885559082,0.0700000002980232,gpcrs/ox2_hip_custcore,gpcrs,450,gpcrs_ox2_hip_custcore_set_1:_19.sdf,gpcrs_ox2_hip_custcore_protein.pdb,7.3777957,7.3616734,7.2036996,6.5747676,7.264788,7.542698,7.1723223,7.23458,6.971935,7.0442343,7.1748495
gpcrs/ox2_hip_custcore/set 1: 20,7.653503613193067,data/fep/gpcrs/gpcrs_ox2_hip_custcore_set_1:_20.sdf,,data/fep/gpcrs/gpcrs_ox2_hip_custcore_protein.pdb,set 1: 20,-10.399927139282228,-9.859999656677246,0.0599999986588954,gpcrs/ox2_hip_custcore,gpcrs,451,gpcrs_ox2_hip_custcore_set_1:_20.sdf,gpcrs_ox2_hip_custcore_protein.pdb,6.7545514,7.226503,7.0859537,6.969328,7.0245876,7.259965,6.694735,6.851391,6.511569,6.3184314,6.8697014
gpcrs/ox2_hip_custcore/set 1: 21,6.393916420827031,data/fep/gpcrs/gpcrs_ox2_hip_custcore_set_1:_21.sdf,,data/fep/gpcrs/gpcrs_ox2_hip_custcore_protein.pdb,set 1: 21,-8.688343048095703,-7.71999979019165,0.0700000002980232,gpcrs/ox2_hip_custcore,gpcrs,452,gpcrs_ox2_hip_custcore_set_1:_21.sdf,gpcrs_ox2_hip_custcore_protein.pdb,6.3445396,7.0950217,7.0684576,6.1472197,6.945393,7.164411,6.392285,6.3437896,6.1760907,6.8073196,6.6484528
gpcrs/ox2_hip_custcore/set 1: 22,7.668663778556636,data/fep/gpcrs/gpcrs_ox2_hip_custcore_set_1:_22.sdf,,data/fep/gpcrs/gpcrs_ox2_hip_custcore_protein.pdb,set 1: 22,-10.420527458190918,-10.68000030517578,0.0599999986588954,gpcrs/ox2_hip_custcore,gpcrs,453,gpcrs_ox2_hip_custcore_set_1:_22.sdf,gpcrs_ox2_hip_custcore_protein.pdb,6.8409204,6.8355403,7.1637144,6.0991364,7.469846,7.086331,6.501352,6.362643,6.478052,6.870609,6.770814
gpcrs/ox2_hip_custcore/set 1: 23,7.4187740586968465,data/fep/gpcrs/gpcrs_ox2_hip_custcore_set_1:_23.sdf,,data/fep/gpcrs/gpcrs_ox2_hip_custcore_protein.pdb,set 1: 23,-10.080965995788574,-11.6899995803833,0.0700000002980232,gpcrs/ox2_hip_custcore,gpcrs,454,gpcrs_ox2_hip_custcore_set_1:_23.sdf,gpcrs_ox2_hip_custcore_protein.pdb,6.8988614,6.407654,6.9842043,7.2134056,6.9918456,7.131453,6.995251,6.6397533,6.360413,6.666781,6.828962
gpcrs/ox2_hip_custcore/set 1: 24,7.685429724131857,data/fep/gpcrs/gpcrs_ox2_hip_custcore_set_1:_24.sdf,,data/fep/gpcrs/gpcrs_ox2_hip_custcore_protein.pdb,set 1: 24,-10.443309783935549,-10.850000381469728,0.0700000002980232,gpcrs/ox2_hip_custcore,gpcrs,455,gpcrs_ox2_hip_custcore_set_1:_24.sdf,gpcrs_ox2_hip_custcore_protein.pdb,6.6085277,7.0474696,7.5041738,7.0887966,7.018178,7.6428504,7.027039,7.029684,6.779155,6.6966953,7.044257
gpcrs/ox2_hip_custcore/set 1: 25,8.166735673147304,data/fep/gpcrs/gpcrs_ox2_hip_custcore_set_1:_25.sdf,,data/fep/gpcrs/gpcrs_ox2_hip_custcore_protein.pdb,set 1: 25,-11.097330093383787,-12.59000015258789,0.0599999986588954,gpcrs/ox2_hip_custcore,gpcrs,456,gpcrs_ox2_hip_custcore_set_1:_25.sdf,gpcrs_ox2_hip_custcore_protein.pdb,7.108528,7.613603,7.453201,7.168557,6.9364934,7.318539,7.375626,6.5966835,6.626683,6.9791574,7.1177073
gpcrs/ox2_hip_custcore/set 1: 26,8.380080558478767,data/fep/gpcrs/gpcrs_ox2_hip_custcore_set_1:_26.sdf,,data/fep/gpcrs/gpcrs_ox2_hip_custcore_protein.pdb,set 1: 26,-11.387232780456545,-11.34000015258789,0.0700000002980232,gpcrs/ox2_hip_custcore,gpcrs,457,gpcrs_ox2_hip_custcore_set_1:_26.sdf,gpcrs_ox2_hip_custcore_protein.pdb,6.828879,7.170427,7.08707,7.4916124,7.436807,7.264426,6.9584703,6.752466,7.204665,6.727176,7.0922
gpcrs/ox2_hip_custcore/set 1: 27,8.063125652664064,data/fep/gpcrs/gpcrs_ox2_hip_custcore_set_1:_27.sdf,,data/fep/gpcrs/gpcrs_ox2_hip_custcore_protein.pdb,set 1: 27,-10.95654010772705,-9.920000076293944,0.0700000002980232,gpcrs/ox2_hip_custcore,gpcrs,458,gpcrs_ox2_hip_custcore_set_1:_27.sdf,gpcrs_ox2_hip_custcore_protein.pdb,6.7448215,6.763088,6.931893,6.611464,7.474458,7.0128865,6.8583765,6.5817146,6.428885,6.3180842,6.772567
gpcrs/ox2_hip_custcore/set 2: 1,6.92732811296028,data/fep/gpcrs/gpcrs_ox2_hip_custcore_set_2:_1.sdf,,data/fep/gpcrs/gpcrs_ox2_hip_custcore_protein.pdb,set 2: 1,-9.413166999816896,-9.630000114440918,0.0599999986588954,gpcrs/ox2_hip_custcore,gpcrs,459,gpcrs_ox2_hip_custcore_set_2:_1.sdf,gpcrs_ox2_hip_custcore_protein.pdb,6.9998593,6.325975,7.198523,7.0524206,7.0760584,6.858271,6.7926087,6.2798915,6.292442,6.3721285,6.724818
gpcrs/ox2_hip_custcore/set 2: 2,6.337593399172606,data/fep/gpcrs/gpcrs_ox2_hip_custcore_set_2:_2.sdf,,data/fep/gpcrs/gpcrs_ox2_hip_custcore_protein.pdb,set 2: 2,-8.611808776855469,-6.840000152587891,0.0700000002980232,gpcrs/ox2_hip_custcore,gpcrs,460,gpcrs_ox2_hip_custcore_set_2:_2.sdf,gpcrs_ox2_hip_custcore_protein.pdb,6.8465047,6.0935774,6.0088067,6.2407355,6.246448,6.8543906,6.8126082,6.3577,5.807526,6.318436,6.358673
gpcrs/ox2_hip_custcore/set 2: 3,6.969093838657518,data/fep/gpcrs/gpcrs_ox2_hip_custcore_set_2:_3.sdf,,data/fep/gpcrs/gpcrs_ox2_hip_custcore_protein.pdb,set 2: 3,-9.46992015838623,-8.510000228881836,0.0599999986588954,gpcrs/ox2_hip_custcore,gpcrs,461,gpcrs_ox2_hip_custcore_set_2:_3.sdf,gpcrs_ox2_hip_custcore_protein.pdb,7.023752,6.0364556,6.148363,6.9837227,6.8635674,6.752453,6.9518723,6.101176,5.9238467,6.8651123,6.565033
gpcrs/ox2_hip_custcore/set 2: 4,7.150311188696715,data/fep/gpcrs/gpcrs_ox2_hip_custcore_set_2:_4.sdf,,data/fep/gpcrs/gpcrs_ox2_hip_custcore_protein.pdb,set 2: 4,-9.716166496276855,-10.449999809265137,0.0700000002980232,gpcrs/ox2_hip_custcore,gpcrs,462,gpcrs_ox2_hip_custcore_set_2:_4.sdf,gpcrs_ox2_hip_custcore_protein.pdb,7.055921,6.800938,7.147105,7.081039,6.7816753,7.1846685,6.851191,6.073037,6.7439227,6.618261,6.833776
gpcrs/ox2_hip_custcore/set 2: 5 adjust,7.986923380793302,data/fep/gpcrs/gpcrs_ox2_hip_custcore_set_2:_5_adjust.sdf,,data/fep/gpcrs/gpcrs_ox2_hip_custcore_protein.pdb,set 2: 5 adjust,-10.85299301147461,-8.510000228881836,0.0700000002980232,gpcrs/ox2_hip_custcore,gpcrs,463,gpcrs_ox2_hip_custcore_set_2:_5_adjust.sdf,gpcrs_ox2_hip_custcore_protein.pdb,7.4347143,6.3591113,7.0357065,6.5434537,6.792658,7.3159366,6.965833,6.8633986,6.577918,7.384365,6.9273095
gpcrs/ox2_hip_custcore/set 2: 6,7.719966631568608,data/fep/gpcrs/gpcrs_ox2_hip_custcore_set_2:_6.sdf,,data/fep/gpcrs/gpcrs_ox2_hip_custcore_protein.pdb,set 2: 6,-10.490240097045898,-11.220000267028809,0.0700000002980232,gpcrs/ox2_hip_custcore,gpcrs,464,gpcrs_ox2_hip_custcore_set_2:_6.sdf,gpcrs_ox2_hip_custcore_protein.pdb,7.8895288,5.7455516,6.9832115,7.6569366,7.3647866,7.073488,7.591351,7.6623263,6.4899607,7.447301,7.190444
gpcrs/ox2_hip_custcore/set 2: 7,5.847051055718599,data/fep/gpcrs/gpcrs_ox2_hip_custcore_set_2:_7.sdf,,data/fep/gpcrs/gpcrs_ox2_hip_custcore_protein.pdb,set 2: 7,-7.945237636566162,-7.21999979019165,0.0700000002980232,gpcrs/ox2_hip_custcore,gpcrs,465,gpcrs_ox2_hip_custcore_set_2:_7.sdf,gpcrs_ox2_hip_custcore_protein.pdb,7.3521595,6.538531,6.7269835,6.5424,6.813564,7.1696806,6.884194,6.806135,6.4416327,6.842586,6.8117867
gpcrs/ox2_hip_custcore/set 2: 8,8.063125652664064,data/fep/gpcrs/gpcrs_ox2_hip_custcore_set_2:_8.sdf,,data/fep/gpcrs/gpcrs_ox2_hip_custcore_protein.pdb,set 2: 8,-10.95654010772705,-10.4399995803833,0.0700000002980232,gpcrs/ox2_hip_custcore,gpcrs,466,gpcrs_ox2_hip_custcore_set_2:_8.sdf,gpcrs_ox2_hip_custcore_protein.pdb,6.551327,6.7993636,7.067551,6.71002,7.190624,6.930609,6.8526263,6.603524,6.3449416,6.323292,6.7373877
gpcrs/ox2_hip_custcore/set 2: 9,7.367069058804945,data/fep/gpcrs/gpcrs_ox2_hip_custcore_set_2:_9.sdf,,data/fep/gpcrs/gpcrs_ox2_hip_custcore_protein.pdb,set 2: 9,-10.010706901550291,-10.109999656677246,0.0700000002980232,gpcrs/ox2_hip_custcore,gpcrs,467,gpcrs_ox2_hip_custcore_set_2:_9.sdf,gpcrs_ox2_hip_custcore_protein.pdb,7.5346355,6.6965456,7.2581134,6.994914,7.022382,7.2107553,6.8486276,6.9807034,6.946226,6.6783953,7.0171304
gpcrs/ox2_hip_custcore/set 2: 10,5.042866780876943,data/fep/gpcrs/gpcrs_ox2_hip_custcore_set_2:_10.sdf,,data/fep/gpcrs/gpcrs_ox2_hip_custcore_protein.pdb,set 2: 10,-6.852475643157959,-7.75,0.0599999986588954,gpcrs/ox2_hip_custcore,gpcrs,468,gpcrs_ox2_hip_custcore_set_2:_10.sdf,gpcrs_ox2_hip_custcore_protein.pdb,7.452506,6.4133635,7.250245,6.9812737,6.7215724,6.9091506,7.38068,6.7984433,7.2322865,6.9209323,7.006045
gpcrs/ox2_hip_custcore/set 2: 11,6.970700320696182,data/fep/gpcrs/gpcrs_ox2_hip_custcore_set_2:_11.sdf,,data/fep/gpcrs/gpcrs_ox2_hip_custcore_protein.pdb,set 2: 11,-9.472103118896484,-9.279999732971191,0.0700000002980232,gpcrs/ox2_hip_custcore,gpcrs,469,gpcrs_ox2_hip_custcore_set_2:_11.sdf,gpcrs_ox2_hip_custcore_protein.pdb,6.822619,6.100876,6.080076,6.288774,6.9381967,7.0442667,6.7233844,6.4707966,6.7758203,6.624362,6.586917
gpcrs/ox2_hip_custcore/set 2: 12,7.352511762847762,data/fep/gpcrs/gpcrs_ox2_hip_custcore_set_2:_12.sdf,,data/fep/gpcrs/gpcrs_ox2_hip_custcore_protein.pdb,set 2: 12,-9.990925788879396,-10.260000228881836,0.0700000002980232,gpcrs/ox2_hip_custcore,gpcrs,470,gpcrs_ox2_hip_custcore_set_2:_12.sdf,gpcrs_ox2_hip_custcore_protein.pdb,7.2055497,6.203263,7.111162,7.2014613,7.543798,7.3089952,7.0666337,7.1221633,6.8762474,6.519162,7.0158434
gpcrs/ox2_hip_custcore/set 2: 13,7.959213846564124,data/fep/gpcrs/gpcrs_ox2_hip_custcore_set_2:_13.sdf,,data/fep/gpcrs/gpcrs_ox2_hip_custcore_protein.pdb,set 2: 13,-10.815340042114258,-10.31999969482422,0.0599999986588954,gpcrs/ox2_hip_custcore,gpcrs,471,gpcrs_ox2_hip_custcore_set_2:_13.sdf,gpcrs_ox2_hip_custcore_protein.pdb,6.5306826,6.002066,6.106247,6.4631376,6.5694547,6.9585147,6.838294,6.4714174,6.0955276,6.4373975,6.447274
gpcrs/ox2_hip_custcore/set 2: 14,7.91373405230043,data/fep/gpcrs/gpcrs_ox2_hip_custcore_set_2:_14.sdf,,data/fep/gpcrs/gpcrs_ox2_hip_custcore_protein.pdb,set 2: 14,-10.7535400390625,-9.43000030517578,0.0599999986588954,gpcrs/ox2_hip_custcore,gpcrs,472,gpcrs_ox2_hip_custcore_set_2:_14.sdf,gpcrs_ox2_hip_custcore_protein.pdb,6.9052296,6.6616154,6.490854,6.451502,7.119968,6.6818304,6.992551,6.5115185,6.0756993,6.521797,6.641257
gpcrs/ox2_hip_custcore/set 2: 15,7.095092842764815,data/fep/gpcrs/gpcrs_ox2_hip_custcore_set_2:_15.sdf,,data/fep/gpcrs/gpcrs_ox2_hip_custcore_protein.pdb,set 2: 15,-9.641133308410645,-8.279999732971191,0.0700000002980232,gpcrs/ox2_hip_custcore,gpcrs,473,gpcrs_ox2_hip_custcore_set_2:_15.sdf,gpcrs_ox2_hip_custcore_protein.pdb,7.2103143,6.442451,6.756648,6.0070133,7.750978,7.1584253,7.197044,5.949465,7.318855,7.0636067,6.88548
gpcrs/ox2_hip_custcore/set 2: 16,7.11968977417989,data/fep/gpcrs/gpcrs_ox2_hip_custcore_set_2:_16.sdf,,data/fep/gpcrs/gpcrs_ox2_hip_custcore_protein.pdb,set 2: 16,-9.674556732177734,-7.679999828338623,0.0700000002980232,gpcrs/ox2_hip_custcore,gpcrs,474,gpcrs_ox2_hip_custcore_set_2:_16.sdf,gpcrs_ox2_hip_custcore_protein.pdb,7.562856,6.347643,6.5337973,6.4196944,7.0868297,7.2272024,7.02604,7.075299,6.315523,7.3073177,6.8902206
gpcrs/ox2_hip_custcore/set 2: 17,7.347893741085234,data/fep/gpcrs/gpcrs_ox2_hip_custcore_set_2:_17.sdf,,data/fep/gpcrs/gpcrs_ox2_hip_custcore_protein.pdb,set 2: 17,-9.98465061187744,-10.09000015258789,0.0700000002980232,gpcrs/ox2_hip_custcore,gpcrs,475,gpcrs_ox2_hip_custcore_set_2:_17.sdf,gpcrs_ox2_hip_custcore_protein.pdb,7.063667,7.1391716,6.5552344,7.4630966,7.156874,6.700794,6.8813653,6.973341,6.71944,6.37115,6.902414
gpcrs/ox2_hip_custcore/set 2: 18,6.923613342566807,data/fep/gpcrs/gpcrs_ox2_hip_custcore_set_2:_18.sdf,,data/fep/gpcrs/gpcrs_ox2_hip_custcore_protein.pdb,set 2: 18,-9.408119201660156,-8.489999771118164,0.0700000002980232,gpcrs/ox2_hip_custcore,gpcrs,476,gpcrs_ox2_hip_custcore_set_2:_18.sdf,gpcrs_ox2_hip_custcore_protein.pdb,7.0474453,6.4020405,7.6213064,7.1673017,6.6690035,6.736561,7.394842,6.808169,6.9523478,6.787731,6.9586744
gpcrs/ox2_hip_custcore/set 2: 19,6.640593176609491,data/fep/gpcrs/gpcrs_ox2_hip_custcore_set_2:_19.sdf,,data/fep/gpcrs/gpcrs_ox2_hip_custcore_protein.pdb,set 2: 19,-9.02353858947754,-8.039999961853027,0.0599999986588954,gpcrs/ox2_hip_custcore,gpcrs,477,gpcrs_ox2_hip_custcore_set_2:_19.sdf,gpcrs_ox2_hip_custcore_protein.pdb,7.385389,6.2828293,6.23768,6.200896,7.127472,7.2748647,7.0360174,6.299188,6.3501363,6.974067,6.716854
gpcrs/ox2_hip_custcore/set 2: 20,8.128283272790627,data/fep/gpcrs/gpcrs_ox2_hip_custcore_set_2:_20.sdf,,data/fep/gpcrs/gpcrs_ox2_hip_custcore_protein.pdb,set 2: 20,-11.045079231262209,-10.65999984741211,0.0700000002980232,gpcrs/ox2_hip_custcore,gpcrs,478,gpcrs_ox2_hip_custcore_set_2:_20.sdf,gpcrs_ox2_hip_custcore_protein.pdb,6.7227006,6.626307,6.5390778,6.892289,7.18445,6.7652817,6.9128385,6.9428287,6.6566343,6.2896624,6.7532067
gpcrs/ox2_hip_custcore/set 2: 21,7.775486763117207,data/fep/gpcrs/gpcrs_ox2_hip_custcore_set_2:_21.sdf,,data/fep/gpcrs/gpcrs_ox2_hip_custcore_protein.pdb,set 2: 21,-10.565683364868164,-10.210000038146973,0.0700000002980232,gpcrs/ox2_hip_custcore,gpcrs,479,gpcrs_ox2_hip_custcore_set_2:_21.sdf,gpcrs_ox2_hip_custcore_protein.pdb,7.008284,6.3010926,7.165001,6.7632184,6.513898,6.9965596,7.0131383,6.1859293,6.686889,6.9889765,6.7622986
gpcrs/ox2_hip_custcore/set 2: 22,6.278258135967307,data/fep/gpcrs/gpcrs_ox2_hip_custcore_set_2:_22.sdf,,data/fep/gpcrs/gpcrs_ox2_hip_custcore_protein.pdb,set 2: 22,-8.531181335449219,-9.3100004196167,0.0700000002980232,gpcrs/ox2_hip_custcore,gpcrs,480,gpcrs_ox2_hip_custcore_set_2:_22.sdf,gpcrs_ox2_hip_custcore_protein.pdb,6.531497,6.2190332,6.1263065,6.6505632,7.138776,7.1621237,6.674762,6.1547117,6.799236,6.4402614,6.589727
gpcrs/ox2_hip_custcore/set 2: 23,7.744664626073927,data/fep/gpcrs/gpcrs_ox2_hip_custcore_set_2:_23.sdf,,data/fep/gpcrs/gpcrs_ox2_hip_custcore_protein.pdb,set 2: 23,-10.52380084991455,-9.9399995803833,0.0700000002980232,gpcrs/ox2_hip_custcore,gpcrs,481,gpcrs_ox2_hip_custcore_set_2:_23.sdf,gpcrs_ox2_hip_custcore_protein.pdb,6.8327303,6.234768,7.0930185,6.913438,6.4595737,6.830557,6.860836,6.410351,6.458462,6.275937,6.6369677
gpcrs/ox2_hip_custcore/set 2: 24,7.016983005065703,data/fep/gpcrs/gpcrs_ox2_hip_custcore_set_2:_24.sdf,,data/fep/gpcrs/gpcrs_ox2_hip_custcore_protein.pdb,set 2: 24,-9.534994125366213,-8.729999542236328,0.0700000002980232,gpcrs/ox2_hip_custcore,gpcrs,482,gpcrs_ox2_hip_custcore_set_2:_24.sdf,gpcrs_ox2_hip_custcore_protein.pdb,7.0619154,6.630744,7.1775875,6.6114554,7.0488515,7.6242027,7.53204,7.2659903,7.5567675,7.117993,7.1627555
gpcrs/p2y1_meta_sub/16,8.254531425488453,data/fep/gpcrs/gpcrs_p2y1_meta_sub_16.sdf,,data/fep/gpcrs/gpcrs_p2y1_meta_sub_protein.pdb,16,-11.216630935668944,-12.25,0.0900000035762786,gpcrs/p2y1_meta_sub,gpcrs,483,gpcrs_p2y1_meta_sub_16.sdf,gpcrs_p2y1_meta_sub_protein.pdb,6.163986,6.8500667,6.3375893,6.740555,6.6216583,6.15068,6.8534756,6.3314643,6.366111,6.28406,6.4699645
gpcrs/p2y1_meta_sub/11a,5.721624040629,data/fep/gpcrs/gpcrs_p2y1_meta_sub_11a.sdf,,data/fep/gpcrs/gpcrs_p2y1_meta_sub_protein.pdb,11a,-7.774801731109619,-7.059999942779541,0.0799999982118606,gpcrs/p2y1_meta_sub,gpcrs,484,gpcrs_p2y1_meta_sub_11a.sdf,gpcrs_p2y1_meta_sub_protein.pdb,5.4543533,5.0435905,5.735881,5.845387,5.0661483,5.291442,5.5749774,5.4997387,5.650167,5.821214,5.49829
gpcrs/p2y1_meta_sub/6e,6.920189830384803,data/fep/gpcrs/gpcrs_p2y1_meta_sub_6e.sdf,,data/fep/gpcrs/gpcrs_p2y1_meta_sub_protein.pdb,6e,-9.403467178344728,-10.1899995803833,0.0900000035762786,gpcrs/p2y1_meta_sub,gpcrs,485,gpcrs_p2y1_meta_sub_6e.sdf,gpcrs_p2y1_meta_sub_protein.pdb,5.182517,5.556859,5.068462,5.307521,4.9112177,5.591627,5.431241,5.44925,5.254161,4.763526,5.2516384
gpcrs/p2y1_meta_sub/11c,7.511225731459361,data/fep/gpcrs/gpcrs_p2y1_meta_sub_11c.sdf,,data/fep/gpcrs/gpcrs_p2y1_meta_sub_protein.pdb,11c,-10.20659351348877,-9.239999771118164,0.1099999994039535,gpcrs/p2y1_meta_sub,gpcrs,486,gpcrs_p2y1_meta_sub_11c.sdf,gpcrs_p2y1_meta_sub_protein.pdb,6.1766686,5.9483533,6.4034104,6.571397,6.2565346,6.4011827,6.5797176,6.795396,6.752969,6.8527846,6.473841
gpcrs/p2y1_meta_sub/6b,7.357031528828103,data/fep/gpcrs/gpcrs_p2y1_meta_sub_6b.sdf,,data/fep/gpcrs/gpcrs_p2y1_meta_sub_protein.pdb,6b,-9.99706745147705,-8.210000038146973,0.0900000035762786,gpcrs/p2y1_meta_sub,gpcrs,487,gpcrs_p2y1_meta_sub_6b.sdf,gpcrs_p2y1_meta_sub_protein.pdb,5.3375573,5.6341095,5.5332623,5.611362,5.0609503,5.532875,5.5305343,5.2933874,5.3353586,5.174859,5.4044256
gpcrs/p2y1_meta_sub/1,7.153260967643204,data/fep/gpcrs/gpcrs_p2y1_meta_sub_1.sdf,,data/fep/gpcrs/gpcrs_p2y1_meta_sub_protein.pdb,1,-9.720174789428713,-8.859999656677246,0.0900000035762786,gpcrs/p2y1_meta_sub,gpcrs,488,gpcrs_p2y1_meta_sub_1.sdf,gpcrs_p2y1_meta_sub_protein.pdb,5.3206005,5.6153994,5.582869,5.591108,5.0285425,5.79627,5.8786445,5.6548753,5.749736,5.567956,5.5786
gpcrs/p2y1_meta_sub/6a,6.793903779028131,data/fep/gpcrs/gpcrs_p2y1_meta_sub_6a.sdf,,data/fep/gpcrs/gpcrs_p2y1_meta_sub_protein.pdb,6a,-9.231863975524902,-8.25,0.0900000035762786,gpcrs/p2y1_meta_sub,gpcrs,489,gpcrs_p2y1_meta_sub_6a.sdf,gpcrs_p2y1_meta_sub_protein.pdb,5.4372454,5.5271997,5.5716267,5.459286,5.193727,5.4595838,5.81793,5.5624533,5.597234,5.1203213,5.4746604
gpcrs/p2y1_meta_sub/6f,6.865816484179661,data/fep/gpcrs/gpcrs_p2y1_meta_sub_6f.sdf,,data/fep/gpcrs/gpcrs_p2y1_meta_sub_protein.pdb,6f,-9.329582214355469,-9.0,0.0900000035762786,gpcrs/p2y1_meta_sub,gpcrs,490,gpcrs_p2y1_meta_sub_6f.sdf,gpcrs_p2y1_meta_sub_protein.pdb,5.1931467,5.466217,5.51604,5.1737103,4.9014406,5.6010723,5.843538,5.2743936,5.685298,5.6841035,5.433896
gpcrs/p2y1_meta_sub/6h,7.3478516314643,data/fep/gpcrs/gpcrs_p2y1_meta_sub_6h.sdf,,data/fep/gpcrs/gpcrs_p2y1_meta_sub_protein.pdb,6h,-9.984593391418455,-9.1899995803833,0.0900000035762786,gpcrs/p2y1_meta_sub,gpcrs,491,gpcrs_p2y1_meta_sub_6h.sdf,gpcrs_p2y1_meta_sub_protein.pdb,5.456706,5.5909595,5.5673623,5.3331504,5.057577,5.4538846,5.777365,5.2091064,5.3209386,5.0799255,5.384698
gpcrs/p2y1_meta_sub/6d,6.24152380814477,data/fep/gpcrs/gpcrs_p2y1_meta_sub_6d.sdf,,data/fep/gpcrs/gpcrs_p2y1_meta_sub_protein.pdb,6d,-8.4812650680542,-9.119999885559082,0.0900000035762786,gpcrs/p2y1_meta_sub,gpcrs,492,gpcrs_p2y1_meta_sub_6d.sdf,gpcrs_p2y1_meta_sub_protein.pdb,5.5533543,5.608618,5.2870245,5.389083,5.1513133,5.9223537,5.8407526,5.4001846,5.5525103,5.5510073,5.5256205
gpcrs/p2y1_meta_sub/6i,7.538486096398566,data/fep/gpcrs/gpcrs_p2y1_meta_sub_6i.sdf,,data/fep/gpcrs/gpcrs_p2y1_meta_sub_protein.pdb,6i,-10.24363613128662,-10.539999961853027,0.0900000035762786,gpcrs/p2y1_meta_sub,gpcrs,493,gpcrs_p2y1_meta_sub_6i.sdf,gpcrs_p2y1_meta_sub_protein.pdb,6.4035325,6.8689156,6.0967073,6.284729,5.8523016,5.9399037,6.8215427,6.6824093,6.7991033,6.470464,6.4219613
gpcrs/p2y1_meta_sub/6g,7.189617010704342,data/fep/gpcrs/gpcrs_p2y1_meta_sub_6g.sdf,,data/fep/gpcrs/gpcrs_p2y1_meta_sub_protein.pdb,6g,-9.769577026367188,-9.84000015258789,0.0900000035762786,gpcrs/p2y1_meta_sub,gpcrs,494,gpcrs_p2y1_meta_sub_6g.sdf,gpcrs_p2y1_meta_sub_protein.pdb,5.2653937,5.437996,5.555469,5.1226053,4.7121525,5.288717,5.338071,5.214651,5.296862,4.8744574,5.210638
gpcrs/p2y1_meta_sub/6n,6.268182005504607,data/fep/gpcrs/gpcrs_p2y1_meta_sub_6n.sdf,,data/fep/gpcrs/gpcrs_p2y1_meta_sub_protein.pdb,6n,-8.517489433288574,-7.769999980926514,0.0900000035762786,gpcrs/p2y1_meta_sub,gpcrs,495,gpcrs_p2y1_meta_sub_6n.sdf,gpcrs_p2y1_meta_sub_protein.pdb,5.9463987,6.558595,5.76378,5.883386,5.231598,5.4164753,6.049479,5.353222,6.4873614,6.2698755,5.896017
gpcrs/p2y1_meta_sub/6m,6.320876581488477,data/fep/gpcrs/gpcrs_p2y1_meta_sub_6m.sdf,,data/fep/gpcrs/gpcrs_p2y1_meta_sub_protein.pdb,6m,-8.589093208312988,-8.0600004196167,0.0900000035762786,gpcrs/p2y1_meta_sub,gpcrs,496,gpcrs_p2y1_meta_sub_6m.sdf,gpcrs_p2y1_meta_sub_protein.pdb,5.8745313,6.042658,5.83577,5.3223777,5.4888206,5.8649173,5.6658716,6.002201,6.2588634,5.913095,5.8269105
gpcrs/p2y1_meta_sub/6p,7.103847432957175,data/fep/gpcrs/gpcrs_p2y1_meta_sub_6p.sdf,,data/fep/gpcrs/gpcrs_p2y1_meta_sub_protein.pdb,6p,-9.653029441833496,-10.989999771118164,0.0900000035762786,gpcrs/p2y1_meta_sub,gpcrs,497,gpcrs_p2y1_meta_sub_6p.sdf,gpcrs_p2y1_meta_sub_protein.pdb,5.9811106,5.947853,5.57815,5.744552,5.2030187,5.8935924,5.656407,5.93792,5.8803105,5.4500575,5.7272973
gpcrs/p2y1_meta_sub/6k,7.582865425901831,data/fep/gpcrs/gpcrs_p2y1_meta_sub_6k.sdf,,data/fep/gpcrs/gpcrs_p2y1_meta_sub_protein.pdb,6k,-10.303940773010254,-10.850000381469728,0.0900000035762786,gpcrs/p2y1_meta_sub,gpcrs,498,gpcrs_p2y1_meta_sub_6k.sdf,gpcrs_p2y1_meta_sub_protein.pdb,5.713682,5.9506354,5.9709163,5.8127885,5.2609816,6.332633,6.3098164,5.7668157,5.7023616,5.796333,5.8616967
gpcrs/p2y1_meta_sub/6o,6.215724647052004,data/fep/gpcrs/gpcrs_p2y1_meta_sub_6o.sdf,,data/fep/gpcrs/gpcrs_p2y1_meta_sub_protein.pdb,6o,-8.446208000183105,-9.399999618530272,0.0900000035762786,gpcrs/p2y1_meta_sub,gpcrs,499,gpcrs_p2y1_meta_sub_6o.sdf,gpcrs_p2y1_meta_sub_protein.pdb,5.490443,5.8549905,5.8560085,5.775587,5.45504,6.014032,5.6227803,5.297857,6.0195336,6.056742,5.744302
gpcrs/p2y1_meta_sub/6q,6.799033432685015,data/fep/gpcrs/gpcrs_p2y1_meta_sub_6q.sdf,,data/fep/gpcrs/gpcrs_p2y1_meta_sub_protein.pdb,6q,-9.238834381103516,-10.609999656677246,0.0900000035762786,gpcrs/p2y1_meta_sub,gpcrs,500,gpcrs_p2y1_meta_sub_6q.sdf,gpcrs_p2y1_meta_sub_protein.pdb,5.560143,6.0065446,5.42833,5.66435,5.457492,5.7959366,5.4802814,5.4678636,5.5271454,5.0129356,5.5401025
gpcrs/p2y1_meta_sub/6l,7.708300862915617,data/fep/gpcrs/gpcrs_p2y1_meta_sub_6l.sdf,,data/fep/gpcrs/gpcrs_p2y1_meta_sub_protein.pdb,6l,-10.474388122558594,-8.550000190734863,0.0900000035762786,gpcrs/p2y1_meta_sub,gpcrs,501,gpcrs_p2y1_meta_sub_6l.sdf,gpcrs_p2y1_meta_sub_protein.pdb,5.686191,5.376581,5.8219814,5.3272696,5.1039653,5.5577493,6.1573825,5.221009,5.7969046,5.3847637,5.54338
gpcrs/p2y1_meta_sub/6j,6.530311588516134,data/fep/gpcrs/gpcrs_p2y1_meta_sub_6j.sdf,,data/fep/gpcrs/gpcrs_p2y1_meta_sub_protein.pdb,6j,-8.873682975769043,-10.609999656677246,0.0900000035762786,gpcrs/p2y1_meta_sub,gpcrs,502,gpcrs_p2y1_meta_sub_6j.sdf,gpcrs_p2y1_meta_sub_protein.pdb,5.4640093,5.4845953,5.4484205,5.2136817,5.0724673,5.4749217,5.352408,5.3437524,5.370395,5.393303,5.361796
gpcrs/p2y1_ortho_sub/16,8.254531425488453,data/fep/gpcrs/gpcrs_p2y1_ortho_sub_16.sdf,,data/fep/gpcrs/gpcrs_p2y1_ortho_sub_protein.pdb,16,-11.216630935668944,-12.25,0.0900000035762786,gpcrs/p2y1_ortho_sub,gpcrs,503,gpcrs_p2y1_ortho_sub_16.sdf,gpcrs_p2y1_ortho_sub_protein.pdb,6.9392877,6.779791,6.743398,6.87541,6.7692833,6.255905,6.970023,6.9530616,6.6414557,6.6905584,6.761817
gpcrs/p2y1_ortho_sub/11b,7.7755134325438,data/fep/gpcrs/gpcrs_p2y1_ortho_sub_11b.sdf,,data/fep/gpcrs/gpcrs_p2y1_ortho_sub_protein.pdb,11b,-10.565719604492188,-10.329999923706056,0.0900000035762786,gpcrs/p2y1_ortho_sub,gpcrs,504,gpcrs_p2y1_ortho_sub_11b.sdf,gpcrs_p2y1_ortho_sub_protein.pdb,7.2874813,6.6044106,6.7841635,6.9870787,6.716908,6.796777,6.633846,6.873268,7.0760183,7.368562,6.912852
gpcrs/p2y1_ortho_sub/17,8.129095988474667,data/fep/gpcrs/gpcrs_p2y1_ortho_sub_17.sdf,,data/fep/gpcrs/gpcrs_p2y1_ortho_sub_protein.pdb,17,-11.046183586120604,-12.199999809265137,0.0900000035762786,gpcrs/p2y1_ortho_sub,gpcrs,505,gpcrs_p2y1_ortho_sub_17.sdf,gpcrs_p2y1_ortho_sub_protein.pdb,7.0819945,6.470231,6.671844,7.0679035,6.70901,6.5274305,6.9521947,6.743854,6.9784136,6.6831555,6.7886033
gpcrs/p2y1_ortho_sub/14,6.783821332122291,data/fep/gpcrs/gpcrs_p2y1_ortho_sub_14.sdf,,data/fep/gpcrs/gpcrs_p2y1_ortho_sub_protein.pdb,14,-9.21816349029541,-9.65999984741211,0.0900000035762786,gpcrs/p2y1_ortho_sub,gpcrs,506,gpcrs_p2y1_ortho_sub_14.sdf,gpcrs_p2y1_ortho_sub_protein.pdb,7.559159,5.879619,6.318791,6.412248,5.6657915,5.552887,6.4796233,6.2428837,6.3471713,6.333966,6.279214
gpcrs/p2y1_ortho_sub/11e,7.14178609593845,data/fep/gpcrs/gpcrs_p2y1_ortho_sub_11e.sdf,,data/fep/gpcrs/gpcrs_p2y1_ortho_sub_protein.pdb,11e,-9.704582214355469,-8.4399995803833,0.0900000035762786,gpcrs/p2y1_ortho_sub,gpcrs,507,gpcrs_p2y1_ortho_sub_11e.sdf,gpcrs_p2y1_ortho_sub_protein.pdb,6.7626567,6.122932,6.477934,6.2509894,5.969281,6.457817,5.9854693,5.7799196,6.447207,6.414024,6.2668233
gpcrs/p2y1_ortho_sub/11d,7.582865425901831,data/fep/gpcrs/gpcrs_p2y1_ortho_sub_11d.sdf,,data/fep/gpcrs/gpcrs_p2y1_ortho_sub_protein.pdb,11d,-10.303940773010254,-9.5600004196167,0.0900000035762786,gpcrs/p2y1_ortho_sub,gpcrs,508,gpcrs_p2y1_ortho_sub_11d.sdf,gpcrs_p2y1_ortho_sub_protein.pdb,6.695255,6.6727324,6.696231,6.673219,6.9062333,6.6540246,6.67887,6.129724,6.793739,7.1530447,6.705307
gpcrs/p2y1_ortho_sub/11f,6.79136105975068,data/fep/gpcrs/gpcrs_p2y1_ortho_sub_11f.sdf,,data/fep/gpcrs/gpcrs_p2y1_ortho_sub_protein.pdb,11f,-9.228408813476562,-8.380000114440918,0.0900000035762786,gpcrs/p2y1_ortho_sub,gpcrs,509,gpcrs_p2y1_ortho_sub_11f.sdf,gpcrs_p2y1_ortho_sub_protein.pdb,6.2113633,6.3964605,5.541016,5.68712,5.510401,5.3163924,5.9972773,5.672324,5.289613,5.695953,5.731792
gpcrs/p2y1_ortho_sub/18,8.187318855860273,data/fep/gpcrs/gpcrs_p2y1_ortho_sub_18.sdf,,data/fep/gpcrs/gpcrs_p2y1_ortho_sub_protein.pdb,18,-11.125299453735352,-11.489999771118164,0.0900000035762786,gpcrs/p2y1_ortho_sub,gpcrs,510,gpcrs_p2y1_ortho_sub_18.sdf,gpcrs_p2y1_ortho_sub_protein.pdb,6.985706,6.6195908,6.505917,6.9200916,6.9748993,6.5825343,6.7613993,6.8770776,6.7895136,6.724332,6.774106
gpcrs/p2y1_ortho_sub/12,8.187318855860273,data/fep/gpcrs/gpcrs_p2y1_ortho_sub_12.sdf,,data/fep/gpcrs/gpcrs_p2y1_ortho_sub_protein.pdb,12,-11.125299453735352,-10.90999984741211,0.0900000035762786,gpcrs/p2y1_ortho_sub,gpcrs,511,gpcrs_p2y1_ortho_sub_12.sdf,gpcrs_p2y1_ortho_sub_protein.pdb,7.591149,6.542682,6.685829,6.870229,6.526207,6.2407866,7.354215,6.91102,6.5984097,7.1419244,6.846245
gpcrs/p2y1_ortho_sub/11a,5.721624040629,data/fep/gpcrs/gpcrs_p2y1_ortho_sub_11a.sdf,,data/fep/gpcrs/gpcrs_p2y1_ortho_sub_protein.pdb,11a,-7.774801731109619,-7.059999942779541,0.0799999982118606,gpcrs/p2y1_ortho_sub,gpcrs,512,gpcrs_p2y1_ortho_sub_11a.sdf,gpcrs_p2y1_ortho_sub_protein.pdb,5.881248,5.5447197,5.6522784,5.6829495,5.056236,5.091984,5.704721,5.5280657,5.9929056,5.487244,5.562235
gpcrs/p2y1_ortho_sub/19,7.826869624408958,data/fep/gpcrs/gpcrs_p2y1_ortho_sub_19.sdf,,data/fep/gpcrs/gpcrs_p2y1_ortho_sub_protein.pdb,19,-10.635504722595217,-11.449999809265137,0.0900000035762786,gpcrs/p2y1_ortho_sub,gpcrs,513,gpcrs_p2y1_ortho_sub_19.sdf,gpcrs_p2y1_ortho_sub_protein.pdb,6.4275265,6.3269787,6.060543,6.1354475,6.128724,6.0116444,6.6381273,5.763179,6.227037,6.382523,6.210173
gpcrs/p2y1_ortho_sub/13,7.729574643411915,data/fep/gpcrs/gpcrs_p2y1_ortho_sub_13.sdf,,data/fep/gpcrs/gpcrs_p2y1_ortho_sub_protein.pdb,13,-10.5032958984375,-11.890000343322754,0.0900000035762786,gpcrs/p2y1_ortho_sub,gpcrs,514,gpcrs_p2y1_ortho_sub_13.sdf,gpcrs_p2y1_ortho_sub_protein.pdb,7.400448,6.104798,6.1747913,6.225903,6.122145,6.0782604,6.800364,6.6683984,6.009081,6.365709,6.39499
janssen_bace/bace_keranen_p2/29,7.351830288815631,data/fep/janssen_bace/janssen_bace_bace_keranen_p2_29.sdf,,data/fep/janssen_bace/janssen_bace_bace_keranen_p2_protein.pdb,29,-9.989999771118164,-9.979999542236328,0.1299999952316284,janssen_bace/bace_keranen_p2,janssen_bace,515,janssen_bace_bace_keranen_p2_29.sdf,janssen_bace_bace_keranen_p2_protein.pdb,7.063229,6.5432935,6.65713,6.3663435,6.8341208,6.4685693,6.9982867,6.5918317,6.9973893,6.910725,6.7430925
janssen_bace/bace_keranen_p2/30,7.624120221531727,data/fep/janssen_bace/janssen_bace_bace_keranen_p2_30.sdf,,data/fep/janssen_bace/janssen_bace_bace_keranen_p2_protein.pdb,30,-10.359999656677246,-10.0600004196167,0.1299999952316284,janssen_bace/bace_keranen_p2,janssen_bace,516,janssen_bace_bace_keranen_p2_30.sdf,janssen_bace_bace_keranen_p2_protein.pdb,7.032034,6.63712,6.560415,6.404945,6.7990656,6.9965835,7.3321548,6.505106,7.103555,7.146019,6.851699
janssen_bace/bace_keranen_p2/31,7.624120221531727,data/fep/janssen_bace/janssen_bace_bace_keranen_p2_31.sdf,,data/fep/janssen_bace/janssen_bace_bace_keranen_p2_protein.pdb,31,-10.359999656677246,-9.93000030517578,0.1299999952316284,janssen_bace/bace_keranen_p2,janssen_bace,517,janssen_bace_bace_keranen_p2_31.sdf,janssen_bace_bace_keranen_p2_protein.pdb,7.362792,6.9410963,6.8558683,7.0096045,7.578313,7.2633142,7.490847,6.665346,7.259183,7.160243,7.158661
janssen_bace/bace_keranen_p2/32,7.624120221531727,data/fep/janssen_bace/janssen_bace_bace_keranen_p2_32.sdf,,data/fep/janssen_bace/janssen_bace_bace_keranen_p2_protein.pdb,32,-10.359999656677246,-9.8100004196167,0.1299999952316284,janssen_bace/bace_keranen_p2,janssen_bace,518,janssen_bace_bace_keranen_p2_32.sdf,janssen_bace_bace_keranen_p2_protein.pdb,7.1996207,7.131498,7.142046,7.4281006,7.324741,7.277068,7.2766476,6.735183,7.6141896,6.684974,7.181407
janssen_bace/bace_keranen_p2/33,7.5358100299881565,data/fep/janssen_bace/janssen_bace_bace_keranen_p2_33.sdf,,data/fep/janssen_bace/janssen_bace_bace_keranen_p2_protein.pdb,33,-10.239999771118164,-10.220000267028809,0.1299999952316284,janssen_bace/bace_keranen_p2,janssen_bace,519,janssen_bace_bace_keranen_p2_33.sdf,janssen_bace_bace_keranen_p2_protein.pdb,7.445071,6.9499383,6.9829674,6.7616396,7.198474,7.2407584,7.141561,6.9546847,7.294829,7.1031966,7.107312
janssen_bace/bace_keranen_p2/34,7.469577210873723,data/fep/janssen_bace/janssen_bace_bace_keranen_p2_34.sdf,,data/fep/janssen_bace/janssen_bace_bace_keranen_p2_protein.pdb,34,-10.149999618530272,-10.1899995803833,0.1299999952316284,janssen_bace/bace_keranen_p2,janssen_bace,520,janssen_bace_bace_keranen_p2_34.sdf,janssen_bace_bace_keranen_p2_protein.pdb,7.1529903,6.6062856,7.2094555,6.8489013,6.8644795,6.657977,6.689346,6.8505173,7.8877053,6.7770605,6.9544725
janssen_bace/bace_keranen_p2/35,7.219365352413783,data/fep/janssen_bace/janssen_bace_bace_keranen_p2_35.sdf,,data/fep/janssen_bace/janssen_bace_bace_keranen_p2_protein.pdb,35,-9.8100004196167,-9.890000343322754,0.1299999952316284,janssen_bace/bace_keranen_p2,janssen_bace,521,janssen_bace_bace_keranen_p2_35.sdf,janssen_bace_bace_keranen_p2_protein.pdb,7.0493445,6.7154064,6.4421186,7.42754,7.0222316,6.8082247,7.0242267,7.1883717,7.0460687,7.1690416,6.989258
janssen_bace/bace_keranen_p2/36 out,7.624120221531727,data/fep/janssen_bace/janssen_bace_bace_keranen_p2_36_out.sdf,,data/fep/janssen_bace/janssen_bace_bace_keranen_p2_protein.pdb,36 out,-10.359999656677246,-10.010000228881836,0.1299999952316284,janssen_bace/bace_keranen_p2,janssen_bace,522,janssen_bace_bace_keranen_p2_36_out.sdf,janssen_bace_bace_keranen_p2_protein.pdb,7.4462986,7.2442875,7.1907253,6.814729,7.1714067,7.384432,7.186502,6.8558984,7.106668,7.5587077,7.195966
janssen_bace/bace_keranen_p2/37 out,7.771304575931359,data/fep/janssen_bace/janssen_bace_bace_keranen_p2_37_out.sdf,,data/fep/janssen_bace/janssen_bace_bace_keranen_p2_protein.pdb,37 out,-10.5600004196167,-10.899999618530272,0.1299999952316284,janssen_bace/bace_keranen_p2,janssen_bace,523,janssen_bace_bace_keranen_p2_37_out.sdf,janssen_bace_bace_keranen_p2_protein.pdb,7.3380313,6.9971337,6.7243137,6.9019837,7.057865,6.9395666,6.8086276,6.860551,6.716286,7.4009585,6.9745317
janssen_bace/bace_keranen_p2/39 out,7.123695802784827,data/fep/janssen_bace/janssen_bace_bace_keranen_p2_39_out.sdf,,data/fep/janssen_bace/janssen_bace_bace_keranen_p2_protein.pdb,39 out,-9.68000030517578,-10.550000190734863,0.1299999952316284,janssen_bace/bace_keranen_p2,janssen_bace,524,janssen_bace_bace_keranen_p2_39_out.sdf,janssen_bace_bace_keranen_p2_protein.pdb,6.618654,6.6874614,6.999368,7.044425,6.9858603,6.7201176,6.8510466,6.557841,7.062992,7.0777197,6.8605485
janssen_bace/bace_keranen_p2/38 out,7.7197897711606815,data/fep/janssen_bace/janssen_bace_bace_keranen_p2_38_out.sdf,,data/fep/janssen_bace/janssen_bace_bace_keranen_p2_protein.pdb,38 out,-10.489999771118164,-11.010000228881836,0.1299999952316284,janssen_bace/bace_keranen_p2,janssen_bace,525,janssen_bace_bace_keranen_p2_38_out.sdf,janssen_bace_bace_keranen_p2_protein.pdb,7.0137286,7.213021,7.083576,6.7238574,7.1956105,7.3011365,7.4022827,6.983525,7.214208,7.228095,7.135904
janssen_bace/bace_keranen_p2/28 out,7.7197897711606815,data/fep/janssen_bace/janssen_bace_bace_keranen_p2_28_out.sdf,,data/fep/janssen_bace/janssen_bace_bace_keranen_p2_protein.pdb,28 out,-10.489999771118164,-10.239999771118164,0.1299999952316284,janssen_bace/bace_keranen_p2,janssen_bace,526,janssen_bace_bace_keranen_p2_28_out.sdf,janssen_bace_bace_keranen_p2_protein.pdb,7.048605,7.0775924,7.2061296,7.4832864,7.159428,6.7969966,7.430472,7.2498903,7.196331,7.5674963,7.2216225
janssen_bace/bace_ciordia_retro/1a,4.477832868902652,data/fep/janssen_bace/janssen_bace_bace_ciordia_retro_1a.sdf,,data/fep/janssen_bace/janssen_bace_bace_ciordia_retro_protein.pdb,1a,-6.084681987762451,-6.610000133514404,0.0799999982118606,janssen_bace/bace_ciordia_retro,janssen_bace,527,janssen_bace_bace_ciordia_retro_1a.sdf,janssen_bace_bace_ciordia_retro_protein.pdb,4.7017126,4.5600452,4.60763,4.660155,4.788689,4.6380415,4.83985,4.8049674,4.6600566,4.6582484,4.6919394
janssen_bace/bace_ciordia_retro/11,6.404974407284529,data/fep/janssen_bace/janssen_bace_bace_ciordia_retro_11.sdf,,data/fep/janssen_bace/janssen_bace_bace_ciordia_retro_protein.pdb,11,-8.703369140625,-9.130000114440918,0.0799999982118606,janssen_bace/bace_ciordia_retro,janssen_bace,528,janssen_bace_bace_ciordia_retro_11.sdf,janssen_bace_bace_ciordia_retro_protein.pdb,6.257783,6.277736,6.2340813,6.2213902,6.2993608,6.312783,6.0825806,6.5851264,6.130086,5.9509554,6.235188
janssen_bace/bace_ciordia_retro/12,7.695465148627652,data/fep/janssen_bace/janssen_bace_bace_ciordia_retro_12.sdf,,data/fep/janssen_bace/janssen_bace_bace_ciordia_retro_protein.pdb,12,-10.45694637298584,-9.640000343322754,0.0799999982118606,janssen_bace/bace_ciordia_retro,janssen_bace,529,janssen_bace_bace_ciordia_retro_12.sdf,janssen_bace_bace_ciordia_retro_protein.pdb,7.3621244,7.4476266,7.182038,7.2964115,7.563842,7.3371077,7.215494,7.402606,7.315129,7.3622856,7.3484664
janssen_bace/bace_ciordia_retro/13,7.096660022490608,data/fep/janssen_bace/janssen_bace_bace_ciordia_retro_13.sdf,,data/fep/janssen_bace/janssen_bace_bace_ciordia_retro_protein.pdb,13,-9.64326286315918,-9.619999885559082,0.0799999982118606,janssen_bace/bace_ciordia_retro,janssen_bace,530,janssen_bace_bace_ciordia_retro_13.sdf,janssen_bace_bace_ciordia_retro_protein.pdb,7.1183863,6.9644995,7.0176115,6.9872904,6.9986725,6.9598265,7.0595846,7.0451617,7.16298,7.067622,7.0381637
janssen_bace/bace_ciordia_retro/14,7.238675420920485,data/fep/janssen_bace/janssen_bace_bace_ciordia_retro_14.sdf,,data/fep/janssen_bace/janssen_bace_bace_ciordia_retro_protein.pdb,14,-9.8362398147583,-9.130000114440918,0.0799999982118606,janssen_bace/bace_ciordia_retro,janssen_bace,531,janssen_bace_bace_ciordia_retro_14.sdf,janssen_bace_bace_ciordia_retro_protein.pdb,6.931234,6.912388,6.6485105,6.727539,6.9116306,6.5183587,6.212119,7.0300345,6.821999,7.157455,6.787127
janssen_bace/bace_ciordia_retro/15,5.8265938509549295,data/fep/janssen_bace/janssen_bace_bace_ciordia_retro_15.sdf,,data/fep/janssen_bace/janssen_bace_bace_ciordia_retro_protein.pdb,15,-7.917439460754394,-9.109999656677246,0.0799999982118606,janssen_bace/bace_ciordia_retro,janssen_bace,532,janssen_bace_bace_ciordia_retro_15.sdf,janssen_bace_bace_ciordia_retro_protein.pdb,6.399764,6.1650887,6.1614766,6.411844,6.400498,6.129256,6.4604073,6.525478,6.3581514,6.3173027,6.3329268
janssen_bace/bace_ciordia_retro/16,5.193924869489076,data/fep/janssen_bace/janssen_bace_bace_ciordia_retro_16.sdf,,data/fep/janssen_bace/janssen_bace_bace_ciordia_retro_protein.pdb,16,-7.057740211486816,-9.119999885559082,0.0799999982118606,janssen_bace/bace_ciordia_retro,janssen_bace,533,janssen_bace_bace_ciordia_retro_16.sdf,janssen_bace_bace_ciordia_retro_protein.pdb,6.0384083,6.1683893,5.788607,6.4468493,6.571547,6.411852,6.014897,6.2475095,5.8006444,6.1100674,6.159877
janssen_bace/bace_ciordia_retro/17,7.627853239427604,data/fep/janssen_bace/janssen_bace_bace_ciordia_retro_17.sdf,,data/fep/janssen_bace/janssen_bace_bace_ciordia_retro_protein.pdb,17,-10.365072250366213,-10.460000038146973,0.0799999982118606,janssen_bace/bace_ciordia_retro,janssen_bace,534,janssen_bace_bace_ciordia_retro_17.sdf,janssen_bace_bace_ciordia_retro_protein.pdb,7.5365796,7.6582823,7.3627324,7.4286246,7.5476956,7.5100465,7.292426,7.4390078,7.310698,7.2976174,7.438371
janssen_bace/bace_ciordia_retro/18,7.28632315883531,data/fep/janssen_bace/janssen_bace_bace_ciordia_retro_18.sdf,,data/fep/janssen_bace/janssen_bace_bace_ciordia_retro_protein.pdb,18,-9.900985717773438,-8.970000267028809,0.0799999982118606,janssen_bace/bace_ciordia_retro,janssen_bace,535,janssen_bace_bace_ciordia_retro_18.sdf,janssen_bace_bace_ciordia_retro_protein.pdb,7.0707183,7.133784,7.292898,7.044971,7.1454105,7.108562,6.971243,7.1297565,6.9652176,7.1956353,7.1058197
janssen_bace/bace_ciordia_retro/19,7.293573031906265,data/fep/janssen_bace/janssen_bace_bace_ciordia_retro_19.sdf,,data/fep/janssen_bace/janssen_bace_bace_ciordia_retro_protein.pdb,19,-9.910837173461914,-9.039999961853027,0.0799999982118606,janssen_bace/bace_ciordia_retro,janssen_bace,536,janssen_bace_bace_ciordia_retro_19.sdf,janssen_bace_bace_ciordia_retro_protein.pdb,6.769622,7.054945,7.048945,7.05144,6.964042,6.9104333,6.4178734,6.9263415,7.0303326,7.1818833,6.935586
janssen_bace/bace_ciordia_retro/20,7.482517497387011,data/fep/janssen_bace/janssen_bace_bace_ciordia_retro_20.sdf,,data/fep/janssen_bace/janssen_bace_bace_ciordia_retro_protein.pdb,20,-10.167583465576172,-10.039999961853027,0.0799999982118606,janssen_bace/bace_ciordia_retro,janssen_bace,537,janssen_bace_bace_ciordia_retro_20.sdf,janssen_bace_bace_ciordia_retro_protein.pdb,7.3158064,7.7099013,7.4508615,7.614629,7.4744983,7.552149,7.4075494,7.4660773,7.5636764,7.5944448,7.514959
janssen_bace/bace_ciordia_retro/21,7.517624990187431,data/fep/janssen_bace/janssen_bace_bace_ciordia_retro_21.sdf,,data/fep/janssen_bace/janssen_bace_bace_ciordia_retro_protein.pdb,21,-10.215289115905762,-9.649999618530272,0.0799999982118606,janssen_bace/bace_ciordia_retro,janssen_bace,538,janssen_bace_bace_ciordia_retro_21.sdf,janssen_bace_bace_ciordia_retro_protein.pdb,7.0999603,7.534024,7.4244304,7.118018,7.053575,7.4734416,7.180717,7.3211946,7.3740067,7.4053392,7.298471
janssen_bace/bace_ciordia_retro/22,5.598077921941159,data/fep/janssen_bace/janssen_bace_bace_ciordia_retro_22.sdf,,data/fep/janssen_bace/janssen_bace_bace_ciordia_retro_protein.pdb,22,-7.606921672821045,-8.829999923706055,0.0799999982118606,janssen_bace/bace_ciordia_retro,janssen_bace,539,janssen_bace_bace_ciordia_retro_22.sdf,janssen_bace_bace_ciordia_retro_protein.pdb,6.5111313,6.269971,6.2182984,6.0730076,6.2796154,6.1128016,6.3477407,6.441219,6.0268664,6.057151,6.2337804
janssen_bace/bace_ciordia_retro/23,7.225961122706214,data/fep/janssen_bace/janssen_bace_bace_ciordia_retro_23.sdf,,data/fep/janssen_bace/janssen_bace_bace_ciordia_retro_protein.pdb,23,-9.818963050842283,-9.0600004196167,0.0799999982118606,janssen_bace/bace_ciordia_retro,janssen_bace,540,janssen_bace_bace_ciordia_retro_23.sdf,janssen_bace_bace_ciordia_retro_protein.pdb,6.5148983,6.8474383,6.7874966,6.583148,6.6804276,6.5780816,6.264817,6.9592023,6.5446825,6.7027035,6.64629
janssen_bace/bace_ciordia_retro/24,7.201588074109109,data/fep/janssen_bace/janssen_bace_bace_ciordia_retro_24.sdf,,data/fep/janssen_bace/janssen_bace_bace_ciordia_retro_protein.pdb,24,-9.785843849182127,-8.850000381469727,0.0799999982118606,janssen_bace/bace_ciordia_retro,janssen_bace,541,janssen_bace_bace_ciordia_retro_24.sdf,janssen_bace_bace_ciordia_retro_protein.pdb,6.5141773,7.034904,6.5348115,6.677437,6.960538,7.260387,6.7839947,6.6372805,6.6592994,6.9055676,6.7968397
janssen_bace/bace_ciordia_retro/25,6.527633416624676,data/fep/janssen_bace/janssen_bace_bace_ciordia_retro_25.sdf,,data/fep/janssen_bace/janssen_bace_bace_ciordia_retro_protein.pdb,25,-8.870043754577637,-9.25,0.0799999982118606,janssen_bace/bace_ciordia_retro,janssen_bace,542,janssen_bace_bace_ciordia_retro_25.sdf,janssen_bace_bace_ciordia_retro_protein.pdb,6.6002893,6.620967,6.2245975,6.7056637,6.8123264,6.69488,6.481113,6.9653144,6.7183433,6.8067765,6.6630273
janssen_bace/bace_ciordia_retro/26,7.627853239427604,data/fep/janssen_bace/janssen_bace_bace_ciordia_retro_26.sdf,,data/fep/janssen_bace/janssen_bace_bace_ciordia_retro_protein.pdb,26,-10.365072250366213,-9.31999969482422,0.0799999982118606,janssen_bace/bace_ciordia_retro,janssen_bace,543,janssen_bace_bace_ciordia_retro_26.sdf,janssen_bace_bace_ciordia_retro_protein.pdb,6.8589764,7.121808,6.767687,7.239778,7.3210125,7.0179825,7.2540617,7.151713,7.4000635,7.193473,7.132656
janssen_bace/bace_ciordia_retro/27,7.073929249109964,data/fep/janssen_bace/janssen_bace_bace_ciordia_retro_27.sdf,,data/fep/janssen_bace/janssen_bace_bace_ciordia_retro_protein.pdb,27,-9.612375259399414,-9.460000038146973,0.0799999982118606,janssen_bace/bace_ciordia_retro,janssen_bace,544,janssen_bace_bace_ciordia_retro_27.sdf,janssen_bace_bace_ciordia_retro_protein.pdb,6.7618947,6.8919225,6.832024,6.9022913,6.9784074,7.0658574,6.774255,7.105187,7.201283,6.867472,6.9380593
janssen_bace/bace_ciordia_retro/28,6.621066243554973,data/fep/janssen_bace/janssen_bace_bace_ciordia_retro_28.sdf,,data/fep/janssen_bace/janssen_bace_bace_ciordia_retro_protein.pdb,28,-8.997004508972168,-9.0600004196167,0.0799999982118606,janssen_bace/bace_ciordia_retro,janssen_bace,545,janssen_bace_bace_ciordia_retro_28.sdf,janssen_bace_bace_ciordia_retro_protein.pdb,6.631127,6.4970512,6.1744676,6.800606,6.1422563,6.2795777,6.774585,6.8427463,6.166155,6.3461056,6.465468
janssen_bace/bace_ciordia_retro/29,6.428742480994202,data/fep/janssen_bace/janssen_bace_bace_ciordia_retro_29.sdf,,data/fep/janssen_bace/janssen_bace_bace_ciordia_retro_protein.pdb,29,-8.735666275024414,-8.069999694824219,0.0799999982118606,janssen_bace/bace_ciordia_retro,janssen_bace,546,janssen_bace_bace_ciordia_retro_29.sdf,janssen_bace_bace_ciordia_retro_protein.pdb,6.731022,6.1935506,6.4688945,6.5111737,6.018839,6.163723,6.688447,6.815424,6.5100803,6.3380933,6.443925
janssen_bace/bace_ciordia_retro/30,5.112709798159524,data/fep/janssen_bace/janssen_bace_bace_ciordia_retro_30.sdf,,data/fep/janssen_bace/janssen_bace_bace_ciordia_retro_protein.pdb,30,-6.947381496429443,-8.100000381469727,0.0799999982118606,janssen_bace/bace_ciordia_retro,janssen_bace,547,janssen_bace_bace_ciordia_retro_30.sdf,janssen_bace_bace_ciordia_retro_protein.pdb,5.5671277,5.766456,5.0494843,6.255713,5.5598392,5.271893,5.1638103,5.808809,5.211723,5.555253,5.5210104
janssen_bace/bace_ciordia_retro/31,7.015915526175002,data/fep/janssen_bace/janssen_bace_bace_ciordia_retro_31.sdf,,data/fep/janssen_bace/janssen_bace_bace_ciordia_retro_protein.pdb,31,-9.533543586730955,-9.170000076293944,0.0799999982118606,janssen_bace/bace_ciordia_retro,janssen_bace,548,janssen_bace_bace_ciordia_retro_31.sdf,janssen_bace_bace_ciordia_retro_protein.pdb,6.5055995,6.4043036,6.4967713,6.391747,6.1112547,6.4339676,6.3844113,6.7173543,6.51774,6.3266644,6.428981
janssen_bace/bace_ciordia_retro/32,5.682416474403555,data/fep/janssen_bace/janssen_bace_bace_ciordia_retro_32.sdf,,data/fep/janssen_bace/janssen_bace_bace_ciordia_retro_protein.pdb,32,-7.721524715423584,-8.40999984741211,0.0799999982118606,janssen_bace/bace_ciordia_retro,janssen_bace,549,janssen_bace_bace_ciordia_retro_32.sdf,janssen_bace_bace_ciordia_retro_protein.pdb,5.800958,6.5998173,6.157885,6.277874,6.076625,6.1166563,5.951643,6.145436,6.0582485,5.935434,6.1120577
janssen_bace/bace_ciordia_retro/33,5.254403759816265,data/fep/janssen_bace/janssen_bace_bace_ciordia_retro_33.sdf,,data/fep/janssen_bace/janssen_bace_bace_ciordia_retro_protein.pdb,33,-7.13992166519165,-8.75,0.0799999982118606,janssen_bace/bace_ciordia_retro,janssen_bace,550,janssen_bace_bace_ciordia_retro_33.sdf,janssen_bace_bace_ciordia_retro_protein.pdb,5.9504423,5.872186,5.842318,6.249549,5.7609377,5.6186304,6.3551483,6.2009263,5.4300256,5.6145954,5.889476
janssen_bace/bace_ciordia_retro/34,7.542694953011008,data/fep/janssen_bace/janssen_bace_bace_ciordia_retro_34.sdf,,data/fep/janssen_bace/janssen_bace_bace_ciordia_retro_protein.pdb,34,-10.24935531616211,-9.59000015258789,0.0799999982118606,janssen_bace/bace_ciordia_retro,janssen_bace,551,janssen_bace_bace_ciordia_retro_34.sdf,janssen_bace_bace_ciordia_retro_protein.pdb,7.508222,7.1777644,7.226184,7.427349,7.4562225,7.457243,7.455022,7.5773115,7.219255,7.2149243,7.3719497
janssen_bace/bace_ciordia_retro/35,7.272172922547162,data/fep/janssen_bace/janssen_bace_bace_ciordia_retro_35.sdf,,data/fep/janssen_bace/janssen_bace_bace_ciordia_retro_protein.pdb,35,-9.881757736206056,-9.06999969482422,0.0799999982118606,janssen_bace/bace_ciordia_retro,janssen_bace,552,janssen_bace_bace_ciordia_retro_35.sdf,janssen_bace_bace_ciordia_retro_protein.pdb,7.1537547,7.0477185,6.9575386,6.859181,7.1459002,7.0161486,6.9265156,6.9818144,7.180484,7.122307,7.0391364
janssen_bace/bace_ciordia_retro/36,8.079452254527531,data/fep/janssen_bace/janssen_bace_bace_ciordia_retro_36.sdf,,data/fep/janssen_bace/janssen_bace_bace_ciordia_retro_protein.pdb,36,-10.97872543334961,-10.949999809265137,0.0799999982118606,janssen_bace/bace_ciordia_retro,janssen_bace,553,janssen_bace_bace_ciordia_retro_36.sdf,janssen_bace_bace_ciordia_retro_protein.pdb,8.300116,7.7712464,7.769726,7.6883445,7.9642606,7.8493853,7.773066,7.975312,8.192138,8.177676,7.9461265
janssen_bace/bace_ciordia_retro/37,6.954446007015322,data/fep/janssen_bace/janssen_bace_bace_ciordia_retro_37.sdf,,data/fep/janssen_bace/janssen_bace_bace_ciordia_retro_protein.pdb,37,-9.450016021728516,-9.100000381469728,0.0799999982118606,janssen_bace/bace_ciordia_retro,janssen_bace,554,janssen_bace_bace_ciordia_retro_37.sdf,janssen_bace_bace_ciordia_retro_protein.pdb,6.9735613,6.861046,7.0044594,7.1623006,6.641594,7.0540924,6.909538,6.8380537,6.8955503,7.008441,6.934863
janssen_bace/bace_ciordia_retro/38,6.906550524163996,data/fep/janssen_bace/janssen_bace_bace_ciordia_retro_38.sdf,,data/fep/janssen_bace/janssen_bace_bace_ciordia_retro_protein.pdb,38,-9.384933471679688,-9.220000267028809,0.0799999982118606,janssen_bace/bace_ciordia_retro,janssen_bace,555,janssen_bace_bace_ciordia_retro_38.sdf,janssen_bace_bace_ciordia_retro_protein.pdb,6.917894,7.1544094,6.908748,6.780564,6.755034,6.9992805,6.835963,7.1363792,7.1530213,6.908074,6.954937
janssen_bace/bace_ciordia_retro/39,6.888766227589167,data/fep/janssen_bace/janssen_bace_bace_ciordia_retro_39.sdf,,data/fep/janssen_bace/janssen_bace_bace_ciordia_retro_protein.pdb,39,-9.360767364501951,-8.529999732971191,0.0799999982118606,janssen_bace/bace_ciordia_retro,janssen_bace,556,janssen_bace_bace_ciordia_retro_39.sdf,janssen_bace_bace_ciordia_retro_protein.pdb,6.9329967,6.7256136,7.011539,6.769547,6.7910223,6.62833,7.1683784,7.138128,6.5884943,6.7661757,6.8520217
janssen_bace/bace_ciordia_retro/40,6.3627328428707255,data/fep/janssen_bace/janssen_bace_bace_ciordia_retro_40.sdf,,data/fep/janssen_bace/janssen_bace_bace_ciordia_retro_protein.pdb,40,-8.64596939086914,-8.800000190734863,0.0799999982118606,janssen_bace/bace_ciordia_retro,janssen_bace,557,janssen_bace_bace_ciordia_retro_40.sdf,janssen_bace_bace_ciordia_retro_protein.pdb,6.66904,6.3229933,6.114344,6.5407295,6.6408825,6.4804206,6.366168,6.3866396,6.6114783,6.189036,6.4321723
janssen_bace/bace_ciordia_retro/41,6.704200460858632,data/fep/janssen_bace/janssen_bace_bace_ciordia_retro_41.sdf,,data/fep/janssen_bace/janssen_bace_bace_ciordia_retro_protein.pdb,41,-9.109971046447754,-9.1899995803833,0.0799999982118606,janssen_bace/bace_ciordia_retro,janssen_bace,558,janssen_bace_bace_ciordia_retro_41.sdf,janssen_bace_bace_ciordia_retro_protein.pdb,6.557153,6.74693,6.084848,6.564385,7.364576,6.7303634,6.5092998,6.347683,6.928615,6.623725,6.645757
janssen_bace/bace_ciordia_retro/30_protonated,5.112709798159524,data/fep/janssen_bace/janssen_bace_bace_ciordia_retro_30_protonated.sdf,,data/fep/janssen_bace/janssen_bace_bace_ciordia_retro_protein.pdb,30_protonated,-6.947381496429443,-8.100000381469727,0.1199999973177909,janssen_bace/bace_ciordia_retro,janssen_bace,559,janssen_bace_bace_ciordia_retro_30_protonated.sdf,janssen_bace_bace_ciordia_retro_protein.pdb,6.014009,5.43576,5.38871,6.0862436,5.5747933,5.4766417,6.0612454,5.998005,5.8986287,5.7186275,5.765266
janssen_bace/bace_p3_arg368_in/8a,5.73269922184838,data/fep/janssen_bace/janssen_bace_bace_p3_arg368_in_8a.sdf,,data/fep/janssen_bace/janssen_bace_bace_p3_arg368_in_protein.pdb,8a,-7.789851188659668,-6.289999961853027,0.1299999952316284,janssen_bace/bace_p3_arg368_in,janssen_bace,560,janssen_bace_bace_p3_arg368_in_8a.sdf,janssen_bace_bace_p3_arg368_in_protein.pdb,7.8492374,7.580884,7.079213,7.5993395,7.8342037,7.3964744,7.6411285,7.074629,8.249474,7.5472236,7.5851808
janssen_bace/bace_p3_arg368_in/8b,6.264804813905631,data/fep/janssen_bace/janssen_bace_bace_p3_arg368_in_8b.sdf,,data/fep/janssen_bace/janssen_bace_bace_p3_arg368_in_protein.pdb,8b,-8.512900352478027,-8.270000457763672,0.1400000005960464,janssen_bace/bace_p3_arg368_in,janssen_bace,561,janssen_bace_bace_p3_arg368_in_8b.sdf,janssen_bace_bace_p3_arg368_in_protein.pdb,8.121724,7.7312956,7.560419,7.9349937,7.8848057,7.954196,8.017188,8.097711,8.224771,7.7752786,7.9302382
janssen_bace/bace_p3_arg368_in/8c,6.114208878383257,data/fep/janssen_bace/janssen_bace_bace_p3_arg368_in_8c.sdf,,data/fep/janssen_bace/janssen_bace_bace_p3_arg368_in_protein.pdb,8c,-8.308263778686523,-7.670000076293945,0.1299999952316284,janssen_bace/bace_p3_arg368_in,janssen_bace,562,janssen_bace_bace_p3_arg368_in_8c.sdf,janssen_bace_bace_p3_arg368_in_protein.pdb,7.8776083,7.4923024,7.5402007,7.630303,7.7091017,7.9015856,7.4023194,7.45688,7.7344255,7.4462833,7.619101
janssen_bace/bace_p3_arg368_in/8d,6.144327784756926,data/fep/janssen_bace/janssen_bace_bace_p3_arg368_in_8d.sdf,,data/fep/janssen_bace/janssen_bace_bace_p3_arg368_in_protein.pdb,8d,-8.349190711975098,-8.470000267028809,0.1299999952316284,janssen_bace/bace_p3_arg368_in,janssen_bace,563,janssen_bace_bace_p3_arg368_in_8d.sdf,janssen_bace_bace_p3_arg368_in_protein.pdb,7.7928624,7.507593,7.707985,7.8802195,7.6139255,7.8513227,7.8357096,7.5862293,7.649464,7.5492783,7.697459
janssen_bace/bace_p3_arg368_in/8e,6.194526663873389,data/fep/janssen_bace/janssen_bace_bace_p3_arg368_in_8e.sdf,,data/fep/janssen_bace/janssen_bace_bace_p3_arg368_in_protein.pdb,8e,-8.417403221130371,-7.510000228881836,0.1400000005960464,janssen_bace/bace_p3_arg368_in,janssen_bace,564,janssen_bace_bace_p3_arg368_in_8e.sdf,janssen_bace_bace_p3_arg368_in_protein.pdb,7.586329,7.828428,7.5265436,7.9139085,7.8477545,8.0120735,7.6189175,7.7650046,8.010591,7.6030498,7.7712603
janssen_bace/bace_p3_arg368_in/8f,5.491744461723955,data/fep/janssen_bace/janssen_bace_bace_p3_arg368_in_8f.sdf,,data/fep/janssen_bace/janssen_bace_bace_p3_arg368_in_protein.pdb,8f,-7.462430953979492,-7.590000152587891,0.1299999952316284,janssen_bace/bace_p3_arg368_in,janssen_bace,565,janssen_bace_bace_p3_arg368_in_8f.sdf,janssen_bace_bace_p3_arg368_in_protein.pdb,7.8840246,7.887186,7.326521,8.089375,8.018571,8.102537,7.8428144,7.8931108,7.7421494,7.869188,7.865547
janssen_bace/bace_p3_arg368_in/8g,7.62017244456908,data/fep/janssen_bace/janssen_bace_bace_p3_arg368_in_8g.sdf,,data/fep/janssen_bace/janssen_bace_bace_p3_arg368_in_protein.pdb,8g,-10.35463523864746,-9.399999618530272,0.1299999952316284,janssen_bace/bace_p3_arg368_in,janssen_bace,566,janssen_bace_bace_p3_arg368_in_8g.sdf,janssen_bace_bace_p3_arg368_in_protein.pdb,8.480457,7.7989774,8.345209,8.053492,8.693343,8.473274,8.461735,7.467208,8.218943,7.9910574,8.19837
janssen_bace/bace_p3_arg368_in/17a,8.051880980220423,data/fep/janssen_bace/janssen_bace_bace_p3_arg368_in_17a.sdf,,data/fep/janssen_bace/janssen_bace_bace_p3_arg368_in_protein.pdb,17a,-10.94126033782959,-9.09000015258789,0.1199999973177909,janssen_bace/bace_p3_arg368_in,janssen_bace,567,janssen_bace_bace_p3_arg368_in_17a.sdf,janssen_bace_bace_p3_arg368_in_protein.pdb,7.5913596,7.1274853,6.9806824,7.400708,7.703831,7.4248424,7.490498,6.8290358,7.782423,7.338458,7.366932
janssen_bace/bace_p3_arg368_in/17b,8.523748759530337,data/fep/janssen_bace/janssen_bace_bace_p3_arg368_in_17b.sdf,,data/fep/janssen_bace/janssen_bace_bace_p3_arg368_in_protein.pdb,17b,-11.5824556350708,-11.460000038146973,0.1199999973177909,janssen_bace/bace_p3_arg368_in,janssen_bace,568,janssen_bace_bace_p3_arg368_in_17b.sdf,janssen_bace_bace_p3_arg368_in_protein.pdb,7.922282,7.7031727,7.7689595,7.8486996,7.6271753,7.7756395,8.071808,7.6678486,8.0177765,7.6914563,7.8094816
janssen_bace/bace_p3_arg368_in/17c,8.64422578867904,data/fep/janssen_bace/janssen_bace_bace_p3_arg368_in_17c.sdf,,data/fep/janssen_bace/janssen_bace_bace_p3_arg368_in_protein.pdb,17c,-11.74616527557373,-10.800000190734863,0.1199999973177909,janssen_bace/bace_p3_arg368_in,janssen_bace,569,janssen_bace_bace_p3_arg368_in_17c.sdf,janssen_bace_bace_p3_arg368_in_protein.pdb,7.7246146,7.5155067,7.614968,7.7927213,7.248704,8.037789,7.6404276,7.0996375,7.480081,7.110607,7.526506
janssen_bace/bace_p3_arg368_in/17d,8.383193161292867,data/fep/janssen_bace/janssen_bace_bace_p3_arg368_in_17d.sdf,,data/fep/janssen_bace/janssen_bace_bace_p3_arg368_in_protein.pdb,17d,-11.391462326049805,-11.520000457763672,0.1199999973177909,janssen_bace/bace_p3_arg368_in,janssen_bace,570,janssen_bace_bace_p3_arg368_in_17d.sdf,janssen_bace_bace_p3_arg368_in_protein.pdb,7.5450864,7.1682982,7.4238043,7.6416817,7.4106574,7.760843,7.8420653,7.2238073,7.7090235,7.166267,7.4891534
janssen_bace/bace_p3_arg368_in/17e,8.79482242602843,data/fep/janssen_bace/janssen_bace_bace_p3_arg368_in_17e.sdf,,data/fep/janssen_bace/janssen_bace_bace_p3_arg368_in_protein.pdb,17e,-11.95080280303955,-10.90999984741211,0.1299999952316284,janssen_bace/bace_p3_arg368_in,janssen_bace,571,janssen_bace_bace_p3_arg368_in_17e.sdf,janssen_bace_bace_p3_arg368_in_protein.pdb,7.5956063,7.759317,7.5437098,7.8447347,7.63588,8.136664,7.9602027,7.444379,7.363002,7.637856,7.692135
janssen_bace/bace_p3_arg368_in/17f,8.563908003188912,data/fep/janssen_bace/janssen_bace_bace_p3_arg368_in_17f.sdf,,data/fep/janssen_bace/janssen_bace_bace_p3_arg368_in_protein.pdb,17f,-11.637025833129885,-11.0600004196167,0.1199999973177909,janssen_bace/bace_p3_arg368_in,janssen_bace,572,janssen_bace_bace_p3_arg368_in_17f.sdf,janssen_bace_bace_p3_arg368_in_protein.pdb,7.7039304,7.5088553,7.0305824,8.031861,7.667458,8.140368,7.9796805,7.734661,7.6963997,7.448996,7.6942797
janssen_bace/bace_p3_arg368_in/17g,8.182397644827018,data/fep/janssen_bace/janssen_bace_bace_p3_arg368_in_17g.sdf,,data/fep/janssen_bace/janssen_bace_bace_p3_arg368_in_protein.pdb,17g,-11.118612289428713,-12.729999542236328,0.1199999973177909,janssen_bace/bace_p3_arg368_in,janssen_bace,573,janssen_bace_bace_p3_arg368_in_17g.sdf,janssen_bace_bace_p3_arg368_in_protein.pdb,8.493541,7.377374,8.067355,7.7392316,8.632235,8.334617,8.484725,7.334526,7.6333075,7.6235666,7.9720483
janssen_bace/bace_p3_arg368_in/27a,6.736674698696591,data/fep/janssen_bace/janssen_bace_bace_p3_arg368_in_27a.sdf,,data/fep/janssen_bace/janssen_bace_bace_p3_arg368_in_protein.pdb,27a,-9.154098510742188,-9.06999969482422,0.1299999952316284,janssen_bace/bace_p3_arg368_in,janssen_bace,574,janssen_bace_bace_p3_arg368_in_27a.sdf,janssen_bace_bace_p3_arg368_in_protein.pdb,7.288204,6.912642,6.774975,7.181393,7.603914,7.435014,7.306125,6.6432214,7.369029,7.023441,7.1537957
janssen_bace/bace_p3_arg368_in/27b,7.339058440786084,data/fep/janssen_bace/janssen_bace_bace_p3_arg368_in_27b.sdf,,data/fep/janssen_bace/janssen_bace_bace_p3_arg368_in_protein.pdb,27b,-9.972644805908203,-11.520000457763672,0.1800000071525573,janssen_bace/bace_p3_arg368_in,janssen_bace,575,janssen_bace_bace_p3_arg368_in_27b.sdf,janssen_bace_bace_p3_arg368_in_protein.pdb,7.4803443,7.3972178,7.688977,7.704048,7.8746147,7.9343333,8.054564,7.4718695,7.7353344,7.4543877,7.67957
janssen_bace/bace_p3_arg368_in/27c,7.369178048986767,data/fep/janssen_bace/janssen_bace_bace_p3_arg368_in_27c.sdf,,data/fep/janssen_bace/janssen_bace_bace_p3_arg368_in_protein.pdb,27c,-10.013572692871094,-11.3100004196167,0.1400000005960464,janssen_bace/bace_p3_arg368_in,janssen_bace,576,janssen_bace_bace_p3_arg368_in_27c.sdf,janssen_bace_bace_p3_arg368_in_protein.pdb,6.9890494,7.2603803,7.7599473,7.7794194,7.4312463,7.97659,7.549939,7.0695896,7.56306,7.0697565,7.4448977
janssen_bace/bace_p3_arg368_in/27d,6.827032119644613,data/fep/janssen_bace/janssen_bace_bace_p3_arg368_in_27d.sdf,,data/fep/janssen_bace/janssen_bace_bace_p3_arg368_in_protein.pdb,27d,-9.276880264282228,-11.380000114440918,0.1299999952316284,janssen_bace/bace_p3_arg368_in,janssen_bace,577,janssen_bace_bace_p3_arg368_in_27d.sdf,janssen_bace_bace_p3_arg368_in_protein.pdb,7.1614676,7.060689,7.4734707,7.563274,7.5104384,8.003964,7.7539396,6.969517,7.2298746,6.943173,7.3669815
janssen_bace/bace_p3_arg368_in/27e,6.88727133604598,data/fep/janssen_bace/janssen_bace_bace_p3_arg368_in_27e.sdf,,data/fep/janssen_bace/janssen_bace_bace_p3_arg368_in_protein.pdb,27e,-9.358736038208008,-10.109999656677246,0.1299999952316284,janssen_bace/bace_p3_arg368_in,janssen_bace,578,janssen_bace_bace_p3_arg368_in_27e.sdf,janssen_bace_bace_p3_arg368_in_protein.pdb,7.1835704,7.4494815,7.5757823,7.8116045,7.7752676,8.160243,7.753825,7.259714,7.372008,7.357889,7.5699387
janssen_bace/bace_p3_arg368_in/27f,6.696514753211001,data/fep/janssen_bace/janssen_bace_bace_p3_arg368_in_27f.sdf,,data/fep/janssen_bace/janssen_bace_bace_p3_arg368_in_protein.pdb,27f,-9.099527359008787,-10.5,0.2000000029802322,janssen_bace/bace_p3_arg368_in,janssen_bace,579,janssen_bace_bace_p3_arg368_in_27f.sdf,janssen_bace_bace_p3_arg368_in_protein.pdb,6.7104273,7.3026276,7.0139437,7.508634,7.629756,7.9461675,7.68195,7.3704953,6.5400224,6.7755523,7.2479577
janssen_bace/bace_p3_arg368_in/27g,9.015696511583046,data/fep/janssen_bace/janssen_bace_bace_p3_arg368_in_27g.sdf,,data/fep/janssen_bace/janssen_bace_bace_p3_arg368_in_protein.pdb,27g,-12.250936508178713,-12.039999961853027,0.1199999973177909,janssen_bace/bace_p3_arg368_in,janssen_bace,580,janssen_bace_bace_p3_arg368_in_27g.sdf,janssen_bace_bace_p3_arg368_in_protein.pdb,8.320458,7.2344255,8.43331,7.760565,8.437743,8.559238,8.278328,7.2818627,7.3501124,7.400382,7.9056425
janssen_bace/bace_ciordia_prospective/spiro16,6.019817355749676,data/fep/janssen_bace/janssen_bace_bace_ciordia_prospective_spiro16.sdf,,data/fep/janssen_bace/janssen_bace_bace_ciordia_prospective_protein.pdb,spiro16,-8.180000305175781,-8.279999732971191,0.1700000017881393,janssen_bace/bace_ciordia_prospective,janssen_bace,581,janssen_bace_bace_ciordia_prospective_spiro16.sdf,janssen_bace_bace_ciordia_prospective_protein.pdb,6.8185983,6.193176,6.300155,7.0188937,6.363805,6.919637,6.266826,6.7578974,6.497515,6.21037,6.534688
janssen_bace/bace_ciordia_prospective/spiro5,5.710731334433672,data/fep/janssen_bace/janssen_bace_bace_ciordia_prospective_spiro5.sdf,,data/fep/janssen_bace/janssen_bace_bace_ciordia_prospective_protein.pdb,spiro5,-7.760000228881836,-7.090000152587891,0.1599999964237213,janssen_bace/bace_ciordia_prospective,janssen_bace,582,janssen_bace_bace_ciordia_prospective_spiro5.sdf,janssen_bace_bace_ciordia_prospective_protein.pdb,6.4177957,6.048878,6.7941055,6.58628,5.885637,6.350436,6.142234,6.576755,6.5445886,6.2626348,6.3609347
janssen_bace/bace_ciordia_prospective/spiro2,5.173510476173357,data/fep/janssen_bace/janssen_bace_bace_ciordia_prospective_spiro2.sdf,,data/fep/janssen_bace/janssen_bace_bace_ciordia_prospective_protein.pdb,spiro2,-7.03000020980835,-6.670000076293945,0.1599999964237213,janssen_bace/bace_ciordia_prospective,janssen_bace,583,janssen_bace_bace_ciordia_prospective_spiro2.sdf,janssen_bace_bace_ciordia_prospective_protein.pdb,5.929288,5.4732575,6.1053567,6.769783,6.0016475,6.1318927,6.4970694,6.129704,6.055175,6.4368,6.1529975
janssen_bace/bace_ciordia_prospective/spiro10,6.255311199865863,data/fep/janssen_bace/janssen_bace_bace_ciordia_prospective_spiro10.sdf,,data/fep/janssen_bace/janssen_bace_bace_ciordia_prospective_protein.pdb,spiro10,-8.5,-10.609999656677246,0.1599999964237213,janssen_bace/bace_ciordia_prospective,janssen_bace,584,janssen_bace_bace_ciordia_prospective_spiro10.sdf,janssen_bace_bace_ciordia_prospective_protein.pdb,7.3100185,6.551483,6.736912,6.4808154,6.6739726,6.4429903,6.491591,6.857207,6.293618,7.0450654,6.6883674
janssen_bace/bace_ciordia_prospective/spiro3,6.608551966040144,data/fep/janssen_bace/janssen_bace_bace_ciordia_prospective_spiro3.sdf,,data/fep/janssen_bace/janssen_bace_bace_ciordia_prospective_protein.pdb,spiro3,-8.979999542236328,-8.970000267028809,0.1599999964237213,janssen_bace/bace_ciordia_prospective,janssen_bace,585,janssen_bace_bace_ciordia_prospective_spiro3.sdf,janssen_bace_bace_ciordia_prospective_protein.pdb,6.670404,6.0598564,6.3562307,6.238289,6.3537436,7.03214,6.403116,6.1243834,6.049855,6.068736,6.3356752
janssen_bace/bace_ciordia_prospective/spiro6,7.013307536985104,data/fep/janssen_bace/janssen_bace_bace_ciordia_prospective_spiro6.sdf,,data/fep/janssen_bace/janssen_bace_bace_ciordia_prospective_protein.pdb,spiro6,-9.529999732971191,-9.5600004196167,0.1500000059604644,janssen_bace/bace_ciordia_prospective,janssen_bace,586,janssen_bace_bace_ciordia_prospective_spiro6.sdf,janssen_bace_bace_ciordia_prospective_protein.pdb,7.7714305,6.7043643,6.8388953,6.7101583,7.092434,6.790806,6.9683633,7.1337385,6.855191,7.3278093,7.019319
janssen_bace/bace_ciordia_prospective/spiro4,5.607702426719332,data/fep/janssen_bace/janssen_bace_bace_ciordia_prospective_spiro4.sdf,,data/fep/janssen_bace/janssen_bace_bace_ciordia_prospective_protein.pdb,spiro4,-7.619999885559082,-7.210000038146973,0.1700000017881393,janssen_bace/bace_ciordia_prospective,janssen_bace,587,janssen_bace_bace_ciordia_prospective_spiro4.sdf,janssen_bace_bace_ciordia_prospective_protein.pdb,5.6084914,5.7283936,6.492619,6.162774,6.155998,7.054355,5.937902,6.462763,5.9684215,6.3742385,6.1945953
janssen_bace/bace_ciordia_prospective/spiro1,5.534110600433023,data/fep/janssen_bace/janssen_bace_bace_ciordia_prospective_spiro1.sdf,,data/fep/janssen_bace/janssen_bace_bace_ciordia_prospective_protein.pdb,spiro1,-7.519999980926514,-7.420000076293945,0.1599999964237213,janssen_bace/bace_ciordia_prospective,janssen_bace,588,janssen_bace_bace_ciordia_prospective_spiro1.sdf,janssen_bace_bace_ciordia_prospective_protein.pdb,6.2626247,6.0988183,6.1378613,6.5279884,6.342088,6.524412,6.224888,6.3672485,6.289328,6.261528,6.3036785
janssen_bace/bace_ciordia_prospective/spiro15,6.660066770810822,data/fep/janssen_bace/janssen_bace_bace_ciordia_prospective_spiro15.sdf,,data/fep/janssen_bace/janssen_bace_bace_ciordia_prospective_protein.pdb,spiro15,-9.050000190734863,-8.359999656677246,0.1599999964237213,janssen_bace/bace_ciordia_prospective,janssen_bace,589,janssen_bace_bace_ciordia_prospective_spiro15.sdf,janssen_bace_bace_ciordia_prospective_protein.pdb,7.339584,6.366349,6.551321,7.234083,6.9317923,6.8528857,6.425732,6.4600277,6.889974,6.562178,6.761392
mcs_docking/renin_customcore/b1i5k_xray,8.733580298821796,data/fep/mcs_docking/mcs_docking_renin_customcore_b1i5k_xray.sdf,,data/fep/mcs_docking/mcs_docking_renin_customcore_protein.pdb,b1i5k_xray,-11.867584228515623,-10.420000076293944,0.1199999973177909,mcs_docking/renin_customcore,mcs_docking,590,mcs_docking_renin_customcore_b1i5k_xray.sdf,mcs_docking_renin_customcore_protein.pdb,6.985084,6.7272596,6.8512588,7.19768,7.469446,7.1323447,7.108609,6.4988375,6.965587,6.811037,6.974714
mcs_docking/renin_customcore/b1i5j,8.431283050227508,data/fep/mcs_docking/mcs_docking_renin_customcore_b1i5j.sdf,,data/fep/mcs_docking/mcs_docking_renin_customcore_protein.pdb,b1i5j,-11.456809043884276,-10.960000038146973,0.1299999952316284,mcs_docking/renin_customcore,mcs_docking,591,mcs_docking_renin_customcore_b1i5j.sdf,mcs_docking_renin_customcore_protein.pdb,6.9593925,6.848361,6.9032598,6.954064,7.2025576,6.802769,6.7633867,6.6138577,6.810702,6.7596636,6.861801
mcs_docking/renin_customcore/b1i2n,8.07778330988448,data/fep/mcs_docking/mcs_docking_renin_customcore_b1i2n.sdf,,data/fep/mcs_docking/mcs_docking_renin_customcore_protein.pdb,b1i2n,-10.976457595825195,-10.369999885559082,0.1000000014901161,mcs_docking/renin_customcore,mcs_docking,592,mcs_docking_renin_customcore_b1i2n.sdf,mcs_docking_renin_customcore_protein.pdb,7.6197767,7.1325,7.163571,7.4932423,7.887935,7.378301,6.886618,7.0036845,7.065487,7.57299,7.3204107
mcs_docking/renin_customcore/b1i5i,8.431283050227508,data/fep/mcs_docking/mcs_docking_renin_customcore_b1i5i.sdf,,data/fep/mcs_docking/mcs_docking_renin_customcore_protein.pdb,b1i5i,-11.456809043884276,-11.029999732971191,0.1000000014901161,mcs_docking/renin_customcore,mcs_docking,593,mcs_docking_renin_customcore_b1i5i.sdf,mcs_docking_renin_customcore_protein.pdb,6.943432,7.2704816,7.0296564,7.2533946,7.364744,7.397321,6.7776146,7.153798,6.9893255,7.268945,7.1448708
mcs_docking/renin_customcore/b1i5h,7.952286813920337,data/fep/mcs_docking/mcs_docking_renin_customcore_b1i5h.sdf,,data/fep/mcs_docking/mcs_docking_renin_customcore_protein.pdb,b1i5h,-10.805927276611328,-10.869999885559082,0.1000000014901161,mcs_docking/renin_customcore,mcs_docking,594,mcs_docking_renin_customcore_b1i5h.sdf,mcs_docking_renin_customcore_protein.pdb,7.256279,6.847668,6.8039665,7.176849,7.156362,7.312608,6.2830434,6.7039905,6.6075296,6.8943644,6.9042654
mcs_docking/renin_customcore/b1i5l,7.103827079973724,data/fep/mcs_docking/mcs_docking_renin_customcore_b1i5l.sdf,,data/fep/mcs_docking/mcs_docking_renin_customcore_protein.pdb,b1i5l,-9.65300178527832,-9.489999771118164,0.1000000014901161,mcs_docking/renin_customcore,mcs_docking,595,mcs_docking_renin_customcore_b1i5l.sdf,mcs_docking_renin_customcore_protein.pdb,7.574258,7.341823,7.168546,7.482731,7.773301,7.567886,7.597284,7.318307,7.0075893,7.4420595,7.4273787
mcs_docking/renin_customcore/b1i5n,7.538448197739726,data/fep/mcs_docking/mcs_docking_renin_customcore_b1i5n.sdf,,data/fep/mcs_docking/mcs_docking_renin_customcore_protein.pdb,b1i5n,-10.243584632873535,-9.899999618530272,0.1000000014901161,mcs_docking/renin_customcore,mcs_docking,596,mcs_docking_renin_customcore_b1i5n.sdf,mcs_docking_renin_customcore_protein.pdb,7.02543,7.0422544,6.645739,7.631389,6.184306,6.8314857,6.7965436,7.256443,7.000177,6.865418,6.9279184
mcs_docking/renin_customcore/b1a2m,7.068989088747287,data/fep/mcs_docking/mcs_docking_renin_customcore_b1a2m.sdf,,data/fep/mcs_docking/mcs_docking_renin_customcore_protein.pdb,b1a2m,-9.60566234588623,-11.020000457763672,0.0900000035762786,mcs_docking/renin_customcore,mcs_docking,597,mcs_docking_renin_customcore_b1a2m.sdf,mcs_docking_renin_customcore_protein.pdb,6.021789,6.0698814,5.607081,5.815876,5.8504934,5.355729,6.0158687,5.598967,5.7974715,6.0548797,5.8188033
mcs_docking/renin_customcore/b1i2o,7.775486763117207,data/fep/mcs_docking/mcs_docking_renin_customcore_b1i2o.sdf,,data/fep/mcs_docking/mcs_docking_renin_customcore_protein.pdb,b1i2o,-10.565683364868164,-11.539999961853027,0.1000000014901161,mcs_docking/renin_customcore,mcs_docking,598,mcs_docking_renin_customcore_b1i2o.sdf,mcs_docking_renin_customcore_protein.pdb,7.275209,6.9448085,6.6102734,7.222826,6.9077654,6.542668,6.7310944,6.5596843,6.3077645,7.023847,6.8125944
mcs_docking/renin_customcore/b1i5o,7.385743272035532,data/fep/mcs_docking/mcs_docking_renin_customcore_b1i5o.sdf,,data/fep/mcs_docking/mcs_docking_renin_customcore_protein.pdb,b1i5o,-10.03608226776123,-10.489999771118164,0.1599999964237213,mcs_docking/renin_customcore,mcs_docking,599,mcs_docking_renin_customcore_b1i5o.sdf,mcs_docking_renin_customcore_protein.pdb,7.435439,7.131067,6.662933,6.7584887,6.7223945,7.1865525,6.2877016,7.063347,7.371076,6.4831567,6.910215
mcs_docking/renin_customcore/b1i4i,6.469315100764954,data/fep/mcs_docking/mcs_docking_renin_customcore_b1i4i.sdf,,data/fep/mcs_docking/mcs_docking_renin_customcore_protein.pdb,b1i4i,-8.79079818725586,-8.289999961853027,0.1000000014901161,mcs_docking/renin_customcore,mcs_docking,600,mcs_docking_renin_customcore_b1i4i.sdf,mcs_docking_renin_customcore_protein.pdb,6.838542,6.3360415,6.86287,6.6437955,6.9979634,6.2970595,6.3094745,5.996868,6.589004,6.7207985,6.5592413
mcs_docking/renin_customcore/b1i4e,7.498188592817925,data/fep/mcs_docking/mcs_docking_renin_customcore_b1i4e.sdf,,data/fep/mcs_docking/mcs_docking_renin_customcore_protein.pdb,b1i4e,-10.188878059387209,-9.1899995803833,0.1000000014901161,mcs_docking/renin_customcore,mcs_docking,601,mcs_docking_renin_customcore_b1i4e.sdf,mcs_docking_renin_customcore_protein.pdb,7.100765,6.455953,6.9079666,7.057369,7.2380967,7.293126,6.9243703,7.0019116,6.4793816,7.185902,6.964484
mcs_docking/renin_customcore/b1i4g,6.148142916413625,data/fep/mcs_docking/mcs_docking_renin_customcore_b1i4g.sdf,,data/fep/mcs_docking/mcs_docking_renin_customcore_protein.pdb,b1i4g,-8.354374885559082,-7.079999923706055,0.1000000014901161,mcs_docking/renin_customcore,mcs_docking,602,mcs_docking_renin_customcore_b1i4g.sdf,mcs_docking_renin_customcore_protein.pdb,6.7410936,6.5290794,6.985446,6.9563546,7.3208785,7.34604,6.6581225,6.8729577,6.6467304,7.462396,6.9519095
mcs_docking/renin_customcore/b1i1,5.441746305133948,data/fep/mcs_docking/mcs_docking_renin_customcore_b1i1.sdf,,data/fep/mcs_docking/mcs_docking_renin_customcore_protein.pdb,b1i1,-7.394491195678711,-8.550000190734863,0.1000000014901161,mcs_docking/renin_customcore,mcs_docking,603,mcs_docking_renin_customcore_b1i1.sdf,mcs_docking_renin_customcore_protein.pdb,6.3505054,5.967702,6.122171,5.3849053,5.972482,5.720237,5.8902082,5.6451483,5.7818365,6.0875483,5.8922744
mcs_docking/renin_customcore/b1i2a,6.402148851719799,data/fep/mcs_docking/mcs_docking_renin_customcore_b1i2a.sdf,,data/fep/mcs_docking/mcs_docking_renin_customcore_protein.pdb,b1i2a,-8.699529647827148,-9.6899995803833,0.1000000014901161,mcs_docking/renin_customcore,mcs_docking,604,mcs_docking_renin_customcore_b1i2a.sdf,mcs_docking_renin_customcore_protein.pdb,6.274897,5.9658346,5.6873474,5.3711534,5.7570844,5.371951,6.2233562,5.3712063,5.765826,5.468027,5.725669
mcs_docking/renin_customcore/b1i2e,7.708320514072052,data/fep/mcs_docking/mcs_docking_renin_customcore_b1i2e.sdf,,data/fep/mcs_docking/mcs_docking_renin_customcore_protein.pdb,b1i2e,-10.474414825439451,-9.43000030517578,0.0900000035762786,mcs_docking/renin_customcore,mcs_docking,605,mcs_docking_renin_customcore_b1i2e.sdf,mcs_docking_renin_customcore_protein.pdb,7.1398554,6.677673,6.829055,5.7961655,6.970627,6.620698,7.0503554,6.1238704,6.776904,6.2687707,6.6253977
mcs_docking/renin_customcore/b1i2i,7.222396543294078,data/fep/mcs_docking/mcs_docking_renin_customcore_b1i2i.sdf,,data/fep/mcs_docking/mcs_docking_renin_customcore_protein.pdb,b1i2i,-9.814119338989258,-11.039999961853027,0.1000000014901161,mcs_docking/renin_customcore,mcs_docking,606,mcs_docking_renin_customcore_b1i2i.sdf,mcs_docking_renin_customcore_protein.pdb,7.2551923,6.900848,7.1368217,6.6822095,7.4549675,6.3801155,6.867062,6.851064,7.024338,6.4159775,6.8968596
mcs_docking/renin_customcore/b1i2j,8.333997894808686,data/fep/mcs_docking/mcs_docking_renin_customcore_b1i2j.sdf,,data/fep/mcs_docking/mcs_docking_renin_customcore_protein.pdb,b1i2j,-11.324613571166992,-9.390000343322754,0.0900000035762786,mcs_docking/renin_customcore,mcs_docking,607,mcs_docking_renin_customcore_b1i2j.sdf,mcs_docking_renin_customcore_protein.pdb,7.5394545,7.1139584,7.389889,6.704872,7.0531697,7.2387557,7.7770743,6.7547765,6.811993,7.159985,7.154393
mcs_docking/renin_customcore/b1i5c,8.733580298821796,data/fep/mcs_docking/mcs_docking_renin_customcore_b1i5c.sdf,,data/fep/mcs_docking/mcs_docking_renin_customcore_protein.pdb,b1i5c,-11.867584228515623,-9.979999542236328,0.1000000014901161,mcs_docking/renin_customcore,mcs_docking,608,mcs_docking_renin_customcore_b1i5c.sdf,mcs_docking_renin_customcore_protein.pdb,7.8596864,7.2919655,7.1288104,7.0456357,7.3026543,7.5414195,7.7248273,6.652231,6.9286566,6.6523905,7.212828
mcs_docking/renin_customcore/b1i5b,5.893033007211942,data/fep/mcs_docking/mcs_docking_renin_customcore_b1i5b.sdf,,data/fep/mcs_docking/mcs_docking_renin_customcore_protein.pdb,b1i5b,-8.007719993591309,-10.079999923706056,0.1000000014901161,mcs_docking/renin_customcore,mcs_docking,609,mcs_docking_renin_customcore_b1i5b.sdf,mcs_docking_renin_customcore_protein.pdb,6.9949827,6.6015687,6.9275255,6.659223,6.4841995,6.984866,7.309574,6.0776052,6.545099,6.411166,6.699581
mcs_docking/renin_customcore/b1i2k,7.826889977392408,data/fep/mcs_docking/mcs_docking_renin_customcore_b1i2k.sdf,,data/fep/mcs_docking/mcs_docking_renin_customcore_protein.pdb,b1i2k,-10.63553237915039,-10.380000114440918,0.1000000014901161,mcs_docking/renin_customcore,mcs_docking,610,mcs_docking_renin_customcore_b1i2k.sdf,mcs_docking_renin_customcore_protein.pdb,6.993485,6.967076,6.688527,6.6846557,7.643993,6.7776756,6.8916245,6.7656956,6.9885077,6.9988575,6.94001
mcs_docking/renin_customcore/b1i2h,7.22932427776488,data/fep/mcs_docking/mcs_docking_renin_customcore_b1i2h.sdf,,data/fep/mcs_docking/mcs_docking_renin_customcore_protein.pdb,b1i2h,-9.823533058166504,-10.020000457763672,0.1000000014901161,mcs_docking/renin_customcore,mcs_docking,611,mcs_docking_renin_customcore_b1i2h.sdf,mcs_docking_renin_customcore_protein.pdb,6.375103,6.3150625,6.366297,5.7200484,6.3650317,5.9885497,6.6481605,5.568527,6.343527,6.1543055,6.184461
mcs_docking/renin_customcore/b1i2g,6.136095353864158,data/fep/mcs_docking/mcs_docking_renin_customcore_b1i2g.sdf,,data/fep/mcs_docking/mcs_docking_renin_customcore_protein.pdb,b1i2g,-8.338004112243652,-9.380000114440918,0.1000000014901161,mcs_docking/renin_customcore,mcs_docking,612,mcs_docking_renin_customcore_b1i2g.sdf,mcs_docking_renin_customcore_protein.pdb,7.3750553,6.0707827,6.1164966,5.5125813,6.4507065,6.55484,6.3172193,5.586059,5.922877,5.7352967,6.1641912
mcs_docking/renin_customcore/b1i4b,6.175049560536978,data/fep/mcs_docking/mcs_docking_renin_customcore_b1i4b.sdf,,data/fep/mcs_docking/mcs_docking_renin_customcore_protein.pdb,b1i4b,-8.390936851501465,-9.239999771118164,0.0900000035762786,mcs_docking/renin_customcore,mcs_docking,613,mcs_docking_renin_customcore_b1i4b.sdf,mcs_docking_renin_customcore_protein.pdb,6.438925,6.5584307,6.092734,5.9643784,6.42148,5.891152,6.7359543,5.8573833,6.0927353,5.825601,6.187877
mcs_docking/renin_customcore/b1i5a,7.65008992658928,data/fep/mcs_docking/mcs_docking_renin_customcore_b1i5a.sdf,,data/fep/mcs_docking/mcs_docking_renin_customcore_protein.pdb,b1i5a,-10.395288467407228,-9.720000267028809,0.1199999973177909,mcs_docking/renin_customcore,mcs_docking,614,mcs_docking_renin_customcore_b1i5a.sdf,mcs_docking_renin_customcore_protein.pdb,7.252939,7.125639,6.947704,6.6739798,6.510417,7.3518243,6.9688306,6.474451,6.8788967,6.6984835,6.888317
mcs_docking/renin_customcore/b1i2d,6.192016930465671,data/fep/mcs_docking/mcs_docking_renin_customcore_b1i2d.sdf,,data/fep/mcs_docking/mcs_docking_renin_customcore_protein.pdb,b1i2d,-8.413992881774902,-8.550000190734863,0.1000000014901161,mcs_docking/renin_customcore,mcs_docking,615,mcs_docking_renin_customcore_b1i2d.sdf,mcs_docking_renin_customcore_protein.pdb,6.1705174,6.276155,6.4956427,5.490355,6.3154235,5.766434,6.3136673,6.209815,6.722059,5.7409983,6.1501064
mcs_docking/renin_customcore/b1i4a,5.324682611675523,data/fep/mcs_docking/mcs_docking_renin_customcore_b1i4a.sdf,,data/fep/mcs_docking/mcs_docking_renin_customcore_protein.pdb,b1i4a,-7.235419750213623,-8.890000343322754,0.0900000035762786,mcs_docking/renin_customcore,mcs_docking,616,mcs_docking_renin_customcore_b1i4a.sdf,mcs_docking_renin_customcore_protein.pdb,6.412928,5.623414,5.8302207,5.4541273,5.8936424,5.271821,6.180929,5.6126885,5.1233416,5.346727,5.674984
mcs_docking/renin_customcore/b1i5d,8.25448299942438,data/fep/mcs_docking/mcs_docking_renin_customcore_b1i5d.sdf,,data/fep/mcs_docking/mcs_docking_renin_customcore_protein.pdb,b1i5d,-11.216565132141112,-10.4399995803833,0.1199999973177909,mcs_docking/renin_customcore,mcs_docking,617,mcs_docking_renin_customcore_b1i5d.sdf,mcs_docking_renin_customcore_protein.pdb,7.265355,7.2999353,7.5355597,7.5714183,7.4270253,7.2995567,7.9496903,6.571172,6.7352796,6.970723,7.262572
mcs_docking/renin_customcore/b1i2c,5.065857932080369,data/fep/mcs_docking/mcs_docking_renin_customcore_b1i2c.sdf,,data/fep/mcs_docking/mcs_docking_renin_customcore_protein.pdb,b1i2c,-6.883717060089111,-7.480000019073486,0.1000000014901161,mcs_docking/renin_customcore,mcs_docking,618,mcs_docking_renin_customcore_b1i2c.sdf,mcs_docking_renin_customcore_protein.pdb,6.227464,5.7199726,5.839706,5.710843,5.5786057,5.520557,6.145264,5.4049206,5.955704,5.028377,5.7131414
mcs_docking/hne/6,5.1753934780561615,data/fep/mcs_docking/mcs_docking_hne_6.sdf,,data/fep/mcs_docking/mcs_docking_hne_protein.pdb,6,-7.032558917999268,-5.179999828338623,0.1199999973177909,mcs_docking/hne,mcs_docking,619,mcs_docking_hne_6.sdf,mcs_docking_hne_protein.pdb,7.163274,6.3293996,6.359666,6.6387863,6.47814,7.0723796,7.0291557,6.793364,6.401782,6.498722,6.676468
mcs_docking/hne/14,7.598722505491873,data/fep/mcs_docking/mcs_docking_hne_14.sdf,,data/fep/mcs_docking/mcs_docking_hne_protein.pdb,14,-10.325488090515137,-11.4399995803833,0.1099999994039535,mcs_docking/hne,mcs_docking,620,mcs_docking_hne_14.sdf,mcs_docking_hne_protein.pdb,8.147389,7.862335,8.297012,8.30726,8.038585,7.850577,8.334761,8.00799,7.8741517,8.043085,8.076315
mcs_docking/hne/15,9.03577648432584,data/fep/mcs_docking/mcs_docking_hne_15.sdf,,data/fep/mcs_docking/mcs_docking_hne_protein.pdb,15,-12.27822208404541,-11.899999618530272,0.1099999994039535,mcs_docking/hne,mcs_docking,621,mcs_docking_hne_15.sdf,mcs_docking_hne_protein.pdb,8.584778,8.308816,8.419871,8.32275,8.4439535,8.429268,8.822546,8.679332,7.9523044,8.654637,8.461825
mcs_docking/hne/16,8.712276339763827,data/fep/mcs_docking/mcs_docking_hne_16.sdf,,data/fep/mcs_docking/mcs_docking_hne_protein.pdb,16,-11.838635444641112,-11.170000076293944,0.1099999994039535,mcs_docking/hne,mcs_docking,622,mcs_docking_hne_16.sdf,mcs_docking_hne_protein.pdb,8.653971,8.432814,8.571159,8.498717,8.585424,8.638281,8.67149,8.667589,8.205331,8.707227,8.563201
mcs_docking/hne/17,8.399789966557334,data/fep/mcs_docking/mcs_docking_hne_17.sdf,,data/fep/mcs_docking/mcs_docking_hne_protein.pdb,17,-11.41401481628418,-11.1899995803833,0.1099999994039535,mcs_docking/hne,mcs_docking,623,mcs_docking_hne_17.sdf,mcs_docking_hne_protein.pdb,8.122074,8.11373,8.496765,8.651452,8.38813,8.135746,8.227996,8.143309,8.049656,8.146666,8.247553
mcs_docking/hne/18,7.917405309418934,data/fep/mcs_docking/mcs_docking_hne_18.sdf,,data/fep/mcs_docking/mcs_docking_hne_protein.pdb,18,-10.75852870941162,-11.229999542236328,0.1299999952316284,mcs_docking/hne,mcs_docking,624,mcs_docking_hne_18.sdf,mcs_docking_hne_protein.pdb,8.321537,7.889679,8.155945,8.407458,8.184247,7.7177577,8.34507,8.1066065,8.092724,7.9789805,8.120001
mcs_docking/hne/19,8.489545921753002,data/fep/mcs_docking/mcs_docking_hne_19.sdf,,data/fep/mcs_docking/mcs_docking_hne_protein.pdb,19,-11.53597927093506,-10.140000343322754,0.1099999994039535,mcs_docking/hne,mcs_docking,625,mcs_docking_hne_19.sdf,mcs_docking_hne_protein.pdb,8.645502,8.529765,8.640842,8.663778,8.567227,8.560448,8.91831,8.409969,8.377767,8.557389,8.587099
mcs_docking/hne/20,7.729574643411915,data/fep/mcs_docking/mcs_docking_hne_20.sdf,,data/fep/mcs_docking/mcs_docking_hne_protein.pdb,20,-10.5032958984375,-12.369999885559082,0.1299999952316284,mcs_docking/hne,mcs_docking,626,mcs_docking_hne_20.sdf,mcs_docking_hne_protein.pdb,8.203963,7.6141863,7.562819,7.8007827,7.4381475,7.350227,8.212527,7.972858,7.609975,7.844934,7.761042
mcs_docking/hne/21,9.03577648432584,data/fep/mcs_docking/mcs_docking_hne_21.sdf,,data/fep/mcs_docking/mcs_docking_hne_protein.pdb,21,-12.27822208404541,-11.850000381469728,0.1400000005960464,mcs_docking/hne,mcs_docking,627,mcs_docking_hne_21.sdf,mcs_docking_hne_protein.pdb,8.431244,8.4390545,8.823242,8.722171,8.705481,8.63658,9.13266,8.745254,8.66767,8.43189,8.673525
mcs_docking/hne/22,8.361007005676315,data/fep/mcs_docking/mcs_docking_hne_22.sdf,,data/fep/mcs_docking/mcs_docking_hne_protein.pdb,22,-11.36131477355957,-11.270000457763672,0.1099999994039535,mcs_docking/hne,mcs_docking,628,mcs_docking_hne_22.sdf,mcs_docking_hne_protein.pdb,7.908795,7.8948,7.9610453,7.960977,8.258943,7.4081497,8.023674,7.822141,8.032603,7.7634344,7.903456
mcs_docking/hne/23,7.632279662414873,data/fep/mcs_docking/mcs_docking_hne_23.sdf,,data/fep/mcs_docking/mcs_docking_hne_protein.pdb,23,-10.371087074279783,-12.109999656677246,0.1400000005960464,mcs_docking/hne,mcs_docking,629,mcs_docking_hne_23.sdf,mcs_docking_hne_protein.pdb,8.451418,8.478633,8.264395,8.189853,8.480251,8.521466,8.6765785,8.631739,8.302168,8.520042,8.451654
mcs_docking/hne/25,8.830845101257168,data/fep/mcs_docking/mcs_docking_hne_25.sdf,,data/fep/mcs_docking/mcs_docking_hne_protein.pdb,25,-11.999752044677734,-12.390000343322754,0.1400000005960464,mcs_docking/hne,mcs_docking,630,mcs_docking_hne_25.sdf,mcs_docking_hne_protein.pdb,8.327733,8.549555,8.312582,8.255952,8.651929,8.167563,8.591697,8.739967,8.3999815,8.411836,8.44088
mcs_docking/hne/26,9.258506902336666,data/fep/mcs_docking/mcs_docking_hne_26.sdf,,data/fep/mcs_docking/mcs_docking_hne_protein.pdb,26,-12.580878257751465,-12.260000228881836,0.1199999973177909,mcs_docking/hne,mcs_docking,631,mcs_docking_hne_26.sdf,mcs_docking_hne_protein.pdb,8.230217,8.03637,7.9261785,8.449271,8.376428,7.634826,8.173481,8.211411,8.193247,7.830238,8.106167
mcs_docking/hne/27,10.662004426074647,data/fep/mcs_docking/mcs_docking_hne_27.sdf,,data/fep/mcs_docking/mcs_docking_hne_protein.pdb,27,-14.488014221191406,-14.010000228881836,0.1199999973177909,mcs_docking/hne,mcs_docking,632,mcs_docking_hne_27.sdf,mcs_docking_hne_protein.pdb,8.627844,8.471918,8.248466,8.567267,8.608562,8.252416,8.637949,8.554985,8.343694,8.4639015,8.477701
mcs_docking/hne/28,9.304446393295567,data/fep/mcs_docking/mcs_docking_hne_28.sdf,,data/fep/mcs_docking/mcs_docking_hne_protein.pdb,28,-12.643302917480469,-11.93000030517578,0.1500000059604644,mcs_docking/hne,mcs_docking,633,mcs_docking_hne_28.sdf,mcs_docking_hne_protein.pdb,8.202027,8.549315,8.071881,8.566079,8.276468,8.319024,8.77391,8.497128,8.540939,8.363545,8.416032
mcs_docking/hne/29,10.227581925354055,data/fep/mcs_docking/mcs_docking_hne_29.sdf,,data/fep/mcs_docking/mcs_docking_hne_protein.pdb,29,-13.897701263427734,-14.869999885559082,0.1199999973177909,mcs_docking/hne,mcs_docking,634,mcs_docking_hne_29.sdf,mcs_docking_hne_protein.pdb,8.681738,8.888728,8.645308,8.869564,8.956497,8.872155,9.025638,8.991261,8.780051,8.824061,8.853499
mcs_docking/hne/30,9.64022991428428,data/fep/mcs_docking/mcs_docking_hne_30.sdf,,data/fep/mcs_docking/mcs_docking_hne_protein.pdb,30,-13.099580764770508,-14.199999809265137,0.1500000059604644,mcs_docking/hne,mcs_docking,635,mcs_docking_hne_30.sdf,mcs_docking_hne_protein.pdb,8.710677,8.889532,8.829423,8.752263,8.92226,8.594542,8.9064,8.898042,8.813614,8.698046,8.801479
mcs_docking/hne/21 neutral,9.03577648432584,data/fep/mcs_docking/mcs_docking_hne_21_neutral.sdf,,data/fep/mcs_docking/mcs_docking_hne_protein.pdb,21 neutral,-12.27822208404541,-11.300000190734863,0.1400000005960464,mcs_docking/hne,mcs_docking,636,mcs_docking_hne_21_neutral.sdf,mcs_docking_hne_protein.pdb,8.470597,8.439775,8.798198,8.7359915,8.7114315,8.585699,9.048735,8.7368765,8.828864,8.550891,8.690706
mcs_docking/hne/19 neutral,8.489545921753002,data/fep/mcs_docking/mcs_docking_hne_19_neutral.sdf,,data/fep/mcs_docking/mcs_docking_hne_protein.pdb,19 neutral,-11.53597927093506,-11.3100004196167,0.1099999994039535,mcs_docking/hne,mcs_docking,637,mcs_docking_hne_19_neutral.sdf,mcs_docking_hne_protein.pdb,8.722542,8.442695,8.511351,8.647275,8.600436,8.757619,8.889155,8.216019,8.274464,8.793284,8.585484
mcs_docking/hne/16 neutral,8.712276339763827,data/fep/mcs_docking/mcs_docking_hne_16_neutral.sdf,,data/fep/mcs_docking/mcs_docking_hne_protein.pdb,16 neutral,-11.838635444641112,-11.93000030517578,0.1099999994039535,mcs_docking/hne,mcs_docking,638,mcs_docking_hne_16_neutral.sdf,mcs_docking_hne_protein.pdb,8.743831,8.348874,8.491873,8.4226465,8.607547,8.625467,8.746669,8.548103,8.174328,8.75901,8.546836
misc/hfaah/6MRG ligand,7.570582751302144,data/fep/misc/misc_hfaah_6MRG_ligand.sdf,,data/fep/misc/misc_hfaah_protein.pdb,6MRG ligand,-10.287250518798828,-8.899999618530273,0.1000000014901161,misc/hfaah,misc,639,misc_hfaah_6MRG_ligand.sdf,misc_hfaah_protein.pdb,5.644636,5.31819,6.016593,6.2992,6.255985,6.265905,6.3845186,5.173461,5.8103547,6.309808,5.9478655
misc/hfaah/fig 3,7.800436011694105,data/fep/misc/misc_hfaah_fig_3.sdf,,data/fep/misc/misc_hfaah_protein.pdb,fig 3,-10.59958553314209,-11.020000457763672,0.0900000035762786,misc/hfaah,misc,640,misc_hfaah_fig_3.sdf,misc_hfaah_protein.pdb,5.3194103,5.74063,5.058485,6.465037,5.721939,5.671703,6.326787,5.7538924,5.343988,5.878649,5.7280517
misc/hfaah/2,6.376888693774999,data/fep/misc/misc_hfaah_2.sdf,,data/fep/misc/misc_hfaah_protein.pdb,2,-8.665205001831055,-8.619999885559082,0.0900000035762786,misc/hfaah,misc,641,misc_hfaah_2.sdf,misc_hfaah_protein.pdb,5.647182,5.3131065,5.2810063,5.482903,5.5202527,5.880071,5.8468585,5.172455,5.2772493,5.950425,5.5371504
misc/hfaah/4,8.334028073370357,data/fep/misc/misc_hfaah_4.sdf,,data/fep/misc/misc_hfaah_protein.pdb,4,-11.324654579162598,-10.829999923706056,0.0900000035762786,misc/hfaah,misc,642,misc_hfaah_4.sdf,misc_hfaah_protein.pdb,5.432789,6.506362,5.3726907,6.6965466,6.1426024,5.9111924,6.4264174,6.1556087,6.238809,6.2510405,6.113406
misc/hfaah/6,7.668635705476013,data/fep/misc/misc_hfaah_6.sdf,,data/fep/misc/misc_hfaah_protein.pdb,6,-10.420489311218262,-9.989999771118164,0.1099999994039535,misc/hfaah,misc,643,misc_hfaah_6.sdf,misc_hfaah_protein.pdb,5.0501876,5.8799133,5.0494742,6.2884803,5.6987686,5.5692043,5.966386,5.716494,5.6890883,5.522716,5.643071
misc/hfaah/9,7.775514134370815,data/fep/misc/misc_hfaah_9.sdf,,data/fep/misc/misc_hfaah_protein.pdb,9,-10.565720558166504,-10.720000267028809,0.0900000035762786,misc/hfaah,misc,644,misc_hfaah_9.sdf,misc_hfaah_protein.pdb,5.521428,5.739054,5.6072226,6.585907,6.127724,5.944122,6.434486,5.92143,5.3721957,6.7365737,5.9990144
misc/hfaah/11,8.92138008444013,data/fep/misc/misc_hfaah_11.sdf,,data/fep/misc/misc_hfaah_protein.pdb,11,-12.122775077819824,-10.5600004196167,0.0900000035762786,misc/hfaah,misc,645,misc_hfaah_11.sdf,misc_hfaah_protein.pdb,5.7689333,6.183472,5.9713273,5.8482356,6.007861,6.2395387,6.3680844,5.9338326,5.8446474,6.201645,6.036758
misc/hfaah/12,8.129096690301685,data/fep/misc/misc_hfaah_12.sdf,,data/fep/misc/misc_hfaah_protein.pdb,12,-11.046184539794922,-11.970000267028809,0.1000000014901161,misc/hfaah,misc,646,misc_hfaah_12.sdf,misc_hfaah_protein.pdb,5.726695,5.8381677,5.1357517,6.295677,5.7647133,5.648965,5.8059936,5.9029016,5.661209,5.7035866,5.748366
misc/hfaah/15,6.321739126890626,data/fep/misc/misc_hfaah_15.sdf,,data/fep/misc/misc_hfaah_protein.pdb,15,-8.590265274047852,-8.350000381469727,0.0900000035762786,misc/hfaah,misc,647,misc_hfaah_15.sdf,misc_hfaah_protein.pdb,5.614991,5.9713473,5.227176,5.510134,5.6914268,5.776573,6.04804,5.661425,5.7961216,5.8706737,5.7167907
misc/hfaah/14,5.771456916956837,data/fep/misc/misc_hfaah_14.sdf,,data/fep/misc/misc_hfaah_protein.pdb,14,-7.842516899108887,-8.539999961853027,0.0900000035762786,misc/hfaah,misc,648,misc_hfaah_14.sdf,misc_hfaah_protein.pdb,5.444222,4.968592,5.3446198,5.3670015,5.103527,5.7913203,5.6924195,4.8725767,5.347784,5.6869807,5.361905
misc/hfaah/19,5.866983644788122,data/fep/misc/misc_hfaah_19.sdf,,data/fep/misc/misc_hfaah_protein.pdb,19,-7.972322940826416,-7.46999979019165,0.0900000035762786,misc/hfaah,misc,649,misc_hfaah_19.sdf,misc_hfaah_protein.pdb,5.187475,5.586117,5.136963,5.827093,5.59143,5.0203476,5.7802353,5.0441585,5.258806,5.460695,5.389332
misc/hfaah/20,5.019875980587026,data/fep/misc/misc_hfaah_20.sdf,,data/fep/misc/misc_hfaah_protein.pdb,20,-6.821234703063965,-7.139999866485596,0.0900000035762786,misc/hfaah,misc,650,misc_hfaah_20.sdf,misc_hfaah_protein.pdb,4.9981294,4.955849,5.2788315,5.658335,5.38837,5.1811028,5.7264457,5.1872725,5.264348,5.503315,5.3142
misc/hfaah/22,7.33886192922172,data/fep/misc/misc_hfaah_22.sdf,,data/fep/misc/misc_hfaah_protein.pdb,22,-9.97237777709961,-9.25,0.1000000014901161,misc/hfaah,misc,651,misc_hfaah_22.sdf,misc_hfaah_protein.pdb,5.807251,5.8829193,5.8382072,6.495803,6.133432,6.222734,6.2941628,5.824732,5.6390824,5.969074,6.0107403
misc/hfaah/23,7.855010080425701,data/fep/misc/misc_hfaah_23.sdf,,data/fep/misc/misc_hfaah_protein.pdb,23,-10.67374324798584,-11.609999656677246,0.1000000014901161,misc/hfaah,misc,652,misc_hfaah_23.sdf,misc_hfaah_protein.pdb,6.0706434,6.113087,5.1816134,6.602684,6.2177052,5.7210994,6.2219086,6.7916427,5.851039,5.900554,6.067198
misc/hfaah/24,8.556758491381183,data/fep/misc/misc_hfaah_24.sdf,,data/fep/misc/misc_hfaah_protein.pdb,24,-11.627310752868652,-11.539999961853027,0.0900000035762786,misc/hfaah,misc,653,misc_hfaah_24.sdf,misc_hfaah_protein.pdb,6.6959953,6.3361473,5.5925293,6.604131,6.3272657,6.0422826,6.70456,6.788223,5.69946,5.9877453,6.2778335
misc/hfaah/25,8.858985557273913,data/fep/misc/misc_hfaah_25.sdf,,data/fep/misc/misc_hfaah_protein.pdb,25,-12.03799057006836,-11.68000030517578,0.0900000035762786,misc/hfaah,misc,654,misc_hfaah_25.sdf,misc_hfaah_protein.pdb,5.869401,6.0673604,5.57761,6.4839215,6.672032,5.6431727,6.8722687,5.596953,5.83474,6.1695704,6.078703
misc/hfaah/26,7.855010080425701,data/fep/misc/misc_hfaah_26.sdf,,data/fep/misc/misc_hfaah_protein.pdb,26,-10.67374324798584,-11.0600004196167,0.0900000035762786,misc/hfaah,misc,655,misc_hfaah_26.sdf,misc_hfaah_protein.pdb,6.2045355,6.4559865,5.44542,6.620277,6.8811703,6.530459,6.4939547,6.0829444,6.142965,6.3664675,6.3224173
misc/hfaah/27,8.233258346819172,data/fep/misc/misc_hfaah_27.sdf,,data/fep/misc/misc_hfaah_protein.pdb,27,-11.187724113464355,-11.06999969482422,0.1000000014901161,misc/hfaah,misc,656,misc_hfaah_27.sdf,misc_hfaah_protein.pdb,6.206963,6.4026585,5.2651243,7.103351,6.4171286,6.2215714,6.8477554,6.6453977,6.2364993,6.407644,6.375409
misc/hfaah/28,8.528618737191454,data/fep/misc/misc_hfaah_28.sdf,,data/fep/misc/misc_hfaah_protein.pdb,28,-11.589073181152344,-10.699999809265137,0.0900000035762786,misc/hfaah,misc,657,misc_hfaah_28.sdf,misc_hfaah_protein.pdb,5.8831954,6.259001,5.812326,6.2542205,6.202059,6.623633,6.2226863,5.8736033,5.7306395,6.2152557,6.107662
misc/hfaah/29,7.952305061422743,data/fep/misc/misc_hfaah_29.sdf,,data/fep/misc/misc_hfaah_protein.pdb,29,-10.805952072143556,-10.670000076293944,0.1000000014901161,misc/hfaah,misc,658,misc_hfaah_29.sdf,misc_hfaah_protein.pdb,5.759131,6.0748773,4.8742747,6.3490744,5.915504,5.7419214,5.862684,5.812278,5.839066,5.4966736,5.772548
misc/hfaah/30,7.288495313448536,data/fep/misc/misc_hfaah_30.sdf,,data/fep/misc/misc_hfaah_protein.pdb,30,-9.903937339782717,-10.6899995803833,0.0900000035762786,misc/hfaah,misc,659,misc_hfaah_30.sdf,misc_hfaah_protein.pdb,5.8249345,6.0844975,4.9843493,6.511954,6.3342905,6.0413494,5.9991455,5.3104496,6.091639,5.3650675,5.8547673
misc/hfaah/31,8.308621233579302,data/fep/misc/misc_hfaah_31.sdf,,data/fep/misc/misc_hfaah_protein.pdb,31,-11.290130615234377,-11.039999961853027,0.0900000035762786,misc/hfaah,misc,660,misc_hfaah_31.sdf,misc_hfaah_protein.pdb,5.8337636,6.1784735,4.8188004,6.712325,6.325729,5.5956836,6.217835,5.696466,6.319802,5.841836,5.954071
misc/hfaah/33 (Saha 2018),7.165046748715857,data/fep/misc/misc_hfaah_33_(Saha_2018).sdf,,data/fep/misc/misc_hfaah_protein.pdb,33 (Saha 2018),-9.73618984222412,-11.260000228881836,0.0900000035762786,misc/hfaah,misc,661,misc_hfaah_33_(Saha_2018).sdf,misc_hfaah_protein.pdb,5.8636384,6.4492846,5.4913497,6.8444147,6.3331413,5.9060397,6.3507414,6.543978,6.8964057,5.892724,6.257172
misc/hfaah/39,7.885092491794558,data/fep/misc/misc_hfaah_39.sdf,,data/fep/misc/misc_hfaah_protein.pdb,39,-10.71462059020996,-11.800000190734863,0.0900000035762786,misc/hfaah,misc,662,misc_hfaah_39.sdf,misc_hfaah_protein.pdb,6.2786584,6.8039646,5.7742925,6.803248,6.339199,5.947117,6.1697392,6.5208683,6.7923083,5.908945,6.333834
misc/hiv_prot_ekegren/1,8.65405417420524,data/fep/misc/misc_hiv_prot_ekegren_1.sdf,,data/fep/misc/misc_hiv_prot_ekegren_protein.pdb,1,-11.759520530700684,-10.449999809265137,0.1199999973177909,misc/hiv_prot_ekegren,misc,663,misc_hiv_prot_ekegren_1.sdf,misc_hiv_prot_ekegren_protein.pdb,8.13523,8.293893,8.564612,7.9954414,8.541285,8.090419,7.9155445,8.0454,8.280162,8.140662,8.200266
misc/hiv_prot_ekegren/9,7.729574643411915,data/fep/misc/misc_hiv_prot_ekegren_9.sdf,,data/fep/misc/misc_hiv_prot_ekegren_protein.pdb,9,-10.5032958984375,-10.100000381469728,0.1199999973177909,misc/hiv_prot_ekegren,misc,664,misc_hiv_prot_ekegren_9.sdf,misc_hiv_prot_ekegren_protein.pdb,8.2747135,8.066558,8.238752,8.176905,8.42937,7.894666,8.15996,8.389356,8.166665,8.115262,8.191221
misc/hiv_prot_ekegren/10,7.952305061422743,data/fep/misc/misc_hiv_prot_ekegren_10.sdf,,data/fep/misc/misc_hiv_prot_ekegren_protein.pdb,10,-10.805952072143556,-10.59000015258789,0.1199999973177909,misc/hiv_prot_ekegren,misc,665,misc_hiv_prot_ekegren_10.sdf,misc_hiv_prot_ekegren_protein.pdb,8.594734,8.189286,8.363852,8.3723,8.456143,8.368778,8.244574,8.650379,8.536976,8.474708,8.425173
misc/hiv_prot_ekegren/11 (2cen),8.334028073370357,data/fep/misc/misc_hiv_prot_ekegren_11_(2cen).sdf,,data/fep/misc/misc_hiv_prot_ekegren_protein.pdb,11 (2cen),-11.324654579162598,-10.949999809265137,0.1199999973177909,misc/hiv_prot_ekegren,misc,666,misc_hiv_prot_ekegren_11_(2cen).sdf,misc_hiv_prot_ekegren_protein.pdb,8.429176,8.263874,8.427117,8.364168,8.2844305,8.115481,8.259052,8.543591,8.774895,8.422749,8.3884535
misc/hiv_prot_ekegren/12,8.292470790296745,data/fep/misc/misc_hiv_prot_ekegren_12.sdf,,data/fep/misc/misc_hiv_prot_ekegren_protein.pdb,12,-11.268184661865234,-10.979999542236328,0.1199999973177909,misc/hiv_prot_ekegren,misc,667,misc_hiv_prot_ekegren_12.sdf,misc_hiv_prot_ekegren_protein.pdb,8.720831,8.331566,8.456305,8.297117,8.227148,8.102089,8.299524,8.419311,8.185529,8.600435,8.363985
misc/hiv_prot_ekegren/13,7.990244426231032,data/fep/misc/misc_hiv_prot_ekegren_13.sdf,,data/fep/misc/misc_hiv_prot_ekegren_protein.pdb,13,-10.857505798339844,-11.1899995803833,0.1199999973177909,misc/hiv_prot_ekegren,misc,668,misc_hiv_prot_ekegren_13.sdf,misc_hiv_prot_ekegren_protein.pdb,8.185979,8.01782,8.027306,8.205549,8.15828,7.531661,7.736601,8.131385,8.060016,8.112248,8.016685
misc/hiv_prot_ekegren/14,7.855010080425701,data/fep/misc/misc_hiv_prot_ekegren_14.sdf,,data/fep/misc/misc_hiv_prot_ekegren_protein.pdb,14,-10.67374324798584,-11.90999984741211,0.1199999973177909,misc/hiv_prot_ekegren,misc,669,misc_hiv_prot_ekegren_14.sdf,misc_hiv_prot_ekegren_protein.pdb,8.272547,7.9789157,8.139579,8.228818,7.675916,7.9578686,7.6461363,8.574221,8.364678,7.965472,8.080415
misc/hiv_prot_ekegren/15,8.07774049843653,data/fep/misc/misc_hiv_prot_ekegren_15.sdf,,data/fep/misc/misc_hiv_prot_ekegren_protein.pdb,15,-10.976399421691896,-11.779999732971191,0.1199999973177909,misc/hiv_prot_ekegren,misc,670,misc_hiv_prot_ekegren_15.sdf,misc_hiv_prot_ekegren_protein.pdb,8.618545,8.004331,8.350422,8.146629,7.78758,8.203696,8.020529,8.683647,8.603515,8.009549,8.242845
misc/hiv_prot_ekegren/16,8.140135727429762,data/fep/misc/misc_hiv_prot_ekegren_16.sdf,,data/fep/misc/misc_hiv_prot_ekegren_protein.pdb,16,-11.061184883117676,-11.979999542236328,0.1199999973177909,misc/hiv_prot_ekegren,misc,671,misc_hiv_prot_ekegren_16.sdf,misc_hiv_prot_ekegren_protein.pdb,8.552898,8.099155,8.4100685,8.296428,7.75887,8.239362,7.864812,8.78104,8.71123,8.117366,8.283122
misc/hiv_prot_ekegren/17,8.453688175872925,data/fep/misc/misc_hiv_prot_ekegren_17.sdf,,data/fep/misc/misc_hiv_prot_ekegren_protein.pdb,17,-11.48725414276123,-10.279999732971191,0.1199999973177909,misc/hiv_prot_ekegren,misc,672,misc_hiv_prot_ekegren_17.sdf,misc_hiv_prot_ekegren_protein.pdb,8.666966,8.389283,8.410871,7.8697944,8.051134,8.211978,8.005974,8.330889,8.413796,8.335631,8.268632
misc/hiv_prot_ekegren/18,8.712276339763827,data/fep/misc/misc_hiv_prot_ekegren_18.sdf,,data/fep/misc/misc_hiv_prot_ekegren_protein.pdb,18,-11.838635444641112,-11.300000190734863,0.1199999973177909,misc/hiv_prot_ekegren,misc,673,misc_hiv_prot_ekegren_18.sdf,misc_hiv_prot_ekegren_protein.pdb,8.386972,7.7608085,8.380831,8.363135,8.093818,7.794007,8.116161,8.5697975,8.635289,8.381079,8.24819
misc/hiv_prot_ekegren/19,7.990244426231032,data/fep/misc/misc_hiv_prot_ekegren_19.sdf,,data/fep/misc/misc_hiv_prot_ekegren_protein.pdb,19,-10.857505798339844,-11.3100004196167,0.1199999973177909,misc/hiv_prot_ekegren,misc,674,misc_hiv_prot_ekegren_19.sdf,misc_hiv_prot_ekegren_protein.pdb,8.155745,7.9327416,7.7840652,8.483989,7.9880815,7.626884,7.9977627,7.7397404,8.008362,8.021194,7.9738564
misc/hiv_prot_ekegren/20,8.489545921753002,data/fep/misc/misc_hiv_prot_ekegren_20.sdf,,data/fep/misc/misc_hiv_prot_ekegren_protein.pdb,20,-11.53597927093506,-12.140000343322754,0.1199999973177909,misc/hiv_prot_ekegren,misc,675,misc_hiv_prot_ekegren_20.sdf,misc_hiv_prot_ekegren_protein.pdb,8.299323,8.3766985,8.3996525,8.586656,8.35358,8.244074,8.032167,8.205164,8.302153,8.445791,8.324526
misc/cdk8_koehler/12,7.236259732332854,data/fep/misc/misc_cdk8_koehler_12.sdf,,data/fep/misc/misc_cdk8_koehler_protein.pdb,12,-9.83295726776123,-9.300000190734863,0.1599999964237213,misc/cdk8_koehler,misc,676,misc_cdk8_koehler_12.sdf,misc_cdk8_koehler_protein.pdb,7.093314,7.1307073,6.871065,7.5277214,7.4044094,7.239473,7.5027924,7.8623075,7.1143203,7.6500435,7.339615
misc/cdk8_koehler/13,8.240235209181066,data/fep/misc/misc_cdk8_koehler_13.sdf,,data/fep/misc/misc_cdk8_koehler_protein.pdb,13,-11.19720458984375,-11.390000343322754,0.1700000017881393,misc/cdk8_koehler,misc,677,misc_cdk8_koehler_13.sdf,misc_cdk8_koehler_protein.pdb,8.013108,8.298666,8.219477,8.478855,8.104596,8.293159,8.078693,8.465671,7.8497467,8.000184,8.180216
misc/cdk8_koehler/14,8.118329962055654,data/fep/misc/misc_cdk8_koehler_14.sdf,,data/fep/misc/misc_cdk8_koehler_protein.pdb,14,-11.031554222106934,-10.8100004196167,0.1500000059604644,misc/cdk8_koehler,misc,678,misc_cdk8_koehler_14.sdf,misc_cdk8_koehler_protein.pdb,7.574726,7.469937,7.611109,7.5102553,7.7280006,7.6896696,7.7402587,8.064606,7.5476527,7.830301,7.676651
misc/cdk8_koehler/15,7.1532616694702185,data/fep/misc/misc_cdk8_koehler_15.sdf,,data/fep/misc/misc_cdk8_koehler_protein.pdb,15,-9.720175743103027,-10.170000076293944,0.1700000017881393,misc/cdk8_koehler,misc,679,misc_cdk8_koehler_15.sdf,misc_cdk8_koehler_protein.pdb,7.063127,6.7908764,7.2245746,7.4543133,6.514306,7.4021325,7.8667264,7.839434,6.814049,7.3003273,7.226987
misc/cdk8_koehler/16,7.826869624408958,data/fep/misc/misc_cdk8_koehler_16.sdf,,data/fep/misc/misc_cdk8_koehler_protein.pdb,16,-10.635504722595217,-11.640000343322754,0.1599999964237213,misc/cdk8_koehler,misc,680,misc_cdk8_koehler_16.sdf,misc_cdk8_koehler_protein.pdb,7.635646,7.2113833,7.1433024,7.292724,7.4630213,7.5981483,7.7987924,7.6654015,7.3194613,7.77125,7.489913
misc/cdk8_koehler/17,7.65007869735703,data/fep/misc/misc_cdk8_koehler_17.sdf,,data/fep/misc/misc_cdk8_koehler_protein.pdb,17,-10.395273208618164,-12.149999618530272,0.1599999964237213,misc/cdk8_koehler,misc,681,misc_cdk8_koehler_17.sdf,misc_cdk8_koehler_protein.pdb,7.7293806,7.4524336,7.3659344,7.7919154,7.195895,7.5325885,7.9274955,7.8654895,7.6481724,7.704663,7.6213975
misc/cdk8_koehler/19,7.524643260343243,data/fep/misc/misc_cdk8_koehler_19.sdf,,data/fep/misc/misc_cdk8_koehler_protein.pdb,19,-10.224825859069824,-10.100000381469728,0.1700000017881393,misc/cdk8_koehler,misc,682,misc_cdk8_koehler_19.sdf,misc_cdk8_koehler_protein.pdb,7.0406237,7.3080635,7.1052985,7.534863,7.185245,7.8953366,7.486201,7.216352,7.271934,7.256677,7.330059
misc/cdk8_koehler/20,7.567564895135143,data/fep/misc/misc_cdk8_koehler_20.sdf,,data/fep/misc/misc_cdk8_koehler_protein.pdb,20,-10.28314971923828,-9.43000030517578,0.1500000059604644,misc/cdk8_koehler,misc,683,misc_cdk8_koehler_20.sdf,misc_cdk8_koehler_protein.pdb,7.1957016,7.053958,6.7297187,6.9427433,7.1952567,7.2094026,7.1609087,7.047968,7.3197193,7.1381345,7.0993514
misc/cdk8_koehler/21,7.2578851281639585,data/fep/misc/misc_cdk8_koehler_21.sdf,,data/fep/misc/misc_cdk8_koehler_protein.pdb,21,-9.862342834472656,-8.210000038146973,0.1599999964237213,misc/cdk8_koehler,misc,684,misc_cdk8_koehler_21.sdf,misc_cdk8_koehler_protein.pdb,7.74236,7.2206516,6.937216,7.9411573,7.3564467,7.7208157,8.038224,8.015653,7.38418,7.402407,7.575911
misc/cdk8_koehler/22,8.308621233579302,data/fep/misc/misc_cdk8_koehler_22.sdf,,data/fep/misc/misc_cdk8_koehler_protein.pdb,22,-11.290130615234377,-11.279999732971191,0.1599999964237213,misc/cdk8_koehler,misc,685,misc_cdk8_koehler_22.sdf,misc_cdk8_koehler_protein.pdb,7.307656,7.6968155,6.9274573,7.25726,7.570652,7.2673554,7.6719847,7.8680077,7.213375,7.763038,7.45436
misc/galectin3_extra/18a,4.656709977019631,data/fep/misc/misc_galectin3_extra_18a.sdf,,data/fep/misc/misc_galectin3_extra_protein.pdb,18a,-6.327748299,-6.460000038,0.07999999821,misc/galectin3_extra,misc,686,misc_galectin3_extra_18a.sdf,misc_galectin3_extra_protein.pdb,6.6045184,5.8899713,6.705906,5.8265567,6.0710173,5.954845,6.3717823,6.575162,5.5568585,6.980056,6.2536674
misc/galectin3_extra/18b,5.490259395666277,data/fep/misc/misc_galectin3_extra_18b.sdf,,data/fep/misc/misc_galectin3_extra_protein.pdb,18b,-7.460412979,-6.590000153,0.07999999821,misc/galectin3_extra,misc,687,misc_galectin3_extra_18b.sdf,misc_galectin3_extra_protein.pdb,6.3420243,5.6563177,6.224148,5.15514,6.0733194,5.3918,6.362671,6.1826963,5.6075387,6.7117085,5.9707365
misc/galectin3_extra/18d,4.978318697685176,data/fep/misc/misc_galectin3_extra_18d.sdf,,data/fep/misc/misc_galectin3_extra_protein.pdb,18d,-6.764764786,-6.039999962,0.07999999821,misc/galectin3_extra,misc,688,misc_galectin3_extra_18d.sdf,misc_galectin3_extra_protein.pdb,6.4568005,5.7329993,6.4887424,5.2575774,6.16481,5.556514,6.476528,6.192093,5.4800043,6.499517,6.0305586
misc/galectin3_extra/18e,4.76358875624995,data/fep/misc/misc_galectin3_extra_18e.sdf,,data/fep/misc/misc_galectin3_extra_protein.pdb,18e,-6.472980022,-6.389999866,0.07999999821,misc/galectin3_extra,misc,689,misc_galectin3_extra_18e.sdf,misc_galectin3_extra_protein.pdb,6.2693877,5.912388,6.1791415,5.0544453,6.064704,5.281239,6.4933915,6.0977707,5.147516,6.815922,5.9315906
misc/galectin3_extra/18f,4.071638552812014,data/fep/misc/misc_galectin3_extra_18f.sdf,,data/fep/misc/misc_galectin3_extra_protein.pdb,18f,-5.532726765,-5.900000095,0.09000000358,misc/galectin3_extra,misc,690,misc_galectin3_extra_18f.sdf,misc_galectin3_extra_protein.pdb,6.1609664,5.899307,5.9988,5.2002006,6.056128,5.7265615,6.26169,6.4981885,5.315467,6.5838547,5.970116
misc/galectin3_extra/18g,4.76358875624995,data/fep/misc/misc_galectin3_extra_18g.sdf,,data/fep/misc/misc_galectin3_extra_protein.pdb,18g,-6.472980022,-5.940000057,0.07999999821,misc/galectin3_extra,misc,691,misc_galectin3_extra_18g.sdf,misc_galectin3_extra_protein.pdb,6.534591,5.2423363,5.8072553,5.031461,6.176267,5.2402344,6.5176063,5.9914646,5.4625483,6.495327,5.849909
misc/galectin3_extra/18h,4.415422550379205,data/fep/misc/misc_galectin3_extra_18h.sdf,,data/fep/misc/misc_galectin3_extra_protein.pdb,18h,-5.999876022,-5.710000038,0.07999999821,misc/galectin3_extra,misc,692,misc_galectin3_extra_18h.sdf,misc_galectin3_extra_protein.pdb,7.0424867,6.054265,6.0257044,5.503785,6.257405,5.3653026,6.1336627,6.031037,5.3771734,6.607064,6.0397882
misc/galectin3_extra/18i,3.536882861971239,data/fep/misc/misc_galectin3_extra_18i.sdf,,data/fep/misc/misc_galectin3_extra_protein.pdb,18i,-4.806076527,-5.519999981,0.07999999821,misc/galectin3_extra,misc,693,misc_galectin3_extra_18i.sdf,misc_galectin3_extra_protein.pdb,6.7231703,6.299683,6.6018395,5.8127513,6.518609,6.167096,6.39261,6.2763696,5.836483,6.861872,6.3490486
misc/galectin3_extra/17m,3.020734359650187,data/fep/misc/misc_galectin3_extra_17m.sdf,,data/fep/misc/misc_galectin3_extra_protein.pdb,17m,-4.104710579,-4.349999905,0.09000000358,misc/galectin3_extra,misc,694,misc_galectin3_extra_17m.sdf,misc_galectin3_extra_protein.pdb,5.716515,4.7962375,5.4016056,5.195429,5.293399,4.534752,5.3281565,4.6148067,4.7106667,5.1636825,5.075525
misc/galectin3_extra/17q,3.6721168564827056,data/fep/misc/misc_galectin3_extra_17q.sdf,,data/fep/misc/misc_galectin3_extra_protein.pdb,17q,-4.9898386,-5.449999809,0.07999999821,misc/galectin3_extra,misc,695,misc_galectin3_extra_17q.sdf,misc_galectin3_extra_protein.pdb,4.9510326,4.416244,5.0176373,4.4501967,5.1922064,4.6398816,5.4244556,4.468621,4.7716436,5.088815,4.842073
misc/galectin3_extra/17r,3.495325578380544,data/fep/misc/misc_galectin3_extra_17r.sdf,,data/fep/misc/misc_galectin3_extra_protein.pdb,17r,-4.749606609,-5.090000153,0.07999999821,misc/galectin3_extra,misc,696,misc_galectin3_extra_17r.sdf,misc_galectin3_extra_protein.pdb,4.7034407,4.2332335,4.863862,4.5340505,5.5169935,4.5900617,4.961356,4.5446053,4.894569,5.209687,4.8051863
misc/galectin3_extra/17n,3.61637880742316,data/fep/misc/misc_galectin3_extra_17n.sdf,,data/fep/misc/misc_galectin3_extra_protein.pdb,17n,-4.914099216,-5.46999979,0.07999999821,misc/galectin3_extra,misc,697,misc_galectin3_extra_17n.sdf,misc_galectin3_extra_protein.pdb,5.302036,4.7131166,5.2074018,5.1448393,5.2192764,5.171838,5.528154,4.9345174,5.1576047,5.222836,5.1601615
misc/galectin3_extra/17p,3.7136741393374817,data/fep/misc/misc_galectin3_extra_17p.sdf,,data/fep/misc/misc_galectin3_extra_protein.pdb,17p,-5.046308517,-5.71999979,0.07999999821,misc/galectin3_extra,misc,698,misc_galectin3_extra_17p.sdf,misc_galectin3_extra_protein.pdb,5.2514086,5.149567,5.429778,5.226296,5.4244566,4.892957,5.8490834,4.927133,5.1793966,5.441251,5.277133
misc/galectin3_extra/17o,3.7596132794624673,data/fep/misc/misc_galectin3_extra_17o.sdf,,data/fep/misc/misc_galectin3_extra_protein.pdb,17o,-5.1087327,-5.269999981,0.07999999821,misc/galectin3_extra,misc,699,misc_galectin3_extra_17o.sdf,misc_galectin3_extra_protein.pdb,5.1345153,5.3741937,5.479387,5.090242,5.339087,4.392516,5.6542964,4.574704,5.1793075,5.4868846,5.170513
misc/galectin3_extra/17f,4.843084702437791,data/fep/misc/misc_galectin3_extra_17f.sdf,,data/fep/misc/misc_galectin3_extra_protein.pdb,17f,-6.581002712,-6.460000038,0.07999999821,misc/galectin3_extra,misc,700,misc_galectin3_extra_17f.sdf,misc_galectin3_extra_protein.pdb,5.8435926,4.9553766,6.0988445,5.303781,5.997685,5.632069,5.7472043,5.753739,5.6927953,6.019037,5.704412
misc/galectin3_extra/17e,5.075614029599499,data/fep/misc/misc_galectin3_extra_17e.sdf,,data/fep/misc/misc_galectin3_extra_protein.pdb,17e,-6.896974087,-6.570000172,0.07999999821,misc/galectin3_extra,misc,701,misc_galectin3_extra_17e.sdf,misc_galectin3_extra_protein.pdb,5.8426332,5.566922,6.0698166,5.449066,6.1632085,5.601838,5.82871,6.0765514,5.6213183,6.4480143,5.866808
misc/galectin3_extra/17g,5.305001276413647,data/fep/misc/misc_galectin3_extra_17g.sdf,,data/fep/misc/misc_galectin3_extra_protein.pdb,17g,-7.208675861,-6.829999924,0.07999999821,misc/galectin3_extra,misc,702,misc_galectin3_extra_17g.sdf,misc_galectin3_extra_protein.pdb,6.089656,5.8494153,6.445786,5.748903,6.5164957,5.9324985,6.1702905,6.13364,5.808593,6.682439,6.137772
misc/galectin3_extra/17a,4.071638552812014,data/fep/misc/misc_galectin3_extra_17a.sdf,,data/fep/misc/misc_galectin3_extra_protein.pdb,17a,-5.532726765,-5.159999847,0.07999999821,misc/galectin3_extra,misc,703,misc_galectin3_extra_17a.sdf,misc_galectin3_extra_protein.pdb,5.239663,4.5631747,5.4064403,4.8132415,5.4219537,4.76398,5.424699,5.082448,4.8013463,5.7434435,5.1260386
misc/galectin3_extra/17j,4.740014035975239,data/fep/misc/misc_galectin3_extra_17j.sdf,,data/fep/misc/misc_galectin3_extra_protein.pdb,17j,-6.440945625,-6.349999905,0.07999999821,misc/galectin3_extra,misc,704,misc_galectin3_extra_17j.sdf,misc_galectin3_extra_protein.pdb,5.4722447,4.9282055,5.3142657,4.724552,5.9696965,5.018602,5.446209,5.079184,5.0947657,5.3891935,5.243692
misc/galectin3_extra/17l,4.373865267524429,data/fep/misc/misc_galectin3_extra_17l.sdf,,data/fep/misc/misc_galectin3_extra_protein.pdb,17l,-5.943406105,-6.409999847,0.07999999821,misc/galectin3_extra,misc,705,misc_galectin3_extra_17l.sdf,misc_galectin3_extra_protein.pdb,5.5853877,4.956069,5.4211316,4.8933516,5.665475,5.095624,5.606174,5.420714,5.2955112,5.501281,5.344072
misc/galectin3_extra/17c,4.676091982236843,data/fep/misc/misc_galectin3_extra_17c.sdf,,data/fep/misc/misc_galectin3_extra_protein.pdb,17c,-6.354085445,-6.150000095,0.07999999821,misc/galectin3_extra,misc,706,misc_galectin3_extra_17c.sdf,misc_galectin3_extra_protein.pdb,5.5783763,4.516738,5.9118257,4.889051,5.7931547,4.8900795,5.651386,5.535238,5.527927,5.998719,5.4292493
misc/galectin3_extra/17k,4.873166763344286,data/fep/misc/misc_galectin3_extra_17k.sdf,,data/fep/misc/misc_galectin3_extra_protein.pdb,17k,-6.621879578,-6.75,0.07999999821,misc/galectin3_extra,misc,707,misc_galectin3_extra_17k.sdf,misc_galectin3_extra_protein.pdb,5.853068,5.0458527,5.7228155,5.1592207,6.0013623,5.279674,5.3393598,5.2715383,5.791641,6.07125,5.5535784
misc/galectin3_extra/17b,4.052256897892231,data/fep/misc/misc_galectin3_extra_17b.sdf,,data/fep/misc/misc_galectin3_extra_protein.pdb,17b,-5.506390095,-5.150000095,0.07999999821,misc/galectin3_extra,misc,708,misc_galectin3_extra_17b.sdf,misc_galectin3_extra_protein.pdb,5.423247,4.912773,5.7956476,5.0573654,5.802459,4.720682,5.662554,5.1264,5.3242307,6.3892374,5.4214597
misc/galectin3_extra/17h flip,4.656709977019631,data/fep/misc/misc_galectin3_extra_17h_flip.sdf,,data/fep/misc/misc_galectin3_extra_protein.pdb,17h flip,-6.327748299,-6.170000076,0.07999999821,misc/galectin3_extra,misc,709,misc_galectin3_extra_17h_flip.sdf,misc_galectin3_extra_protein.pdb,5.847648,4.8943524,6.105288,5.0323334,5.6838107,5.660344,5.6425943,5.428435,5.376701,6.1719146,5.584342
misc/galectin3_extra/17i,4.373865267524429,data/fep/misc/misc_galectin3_extra_17i.sdf,,data/fep/misc/misc_galectin3_extra_protein.pdb,17i,-5.943406105,-6.389999866,0.07999999821,misc/galectin3_extra,misc,710,misc_galectin3_extra_17i.sdf,misc_galectin3_extra_protein.pdb,5.3985753,4.756671,5.5882792,4.82174,5.6384087,5.0011954,5.5172343,5.153854,5.593531,5.595991,5.306548
misc/galectin3_extra/17d,4.5265610692226526,data/fep/misc/misc_galectin3_extra_17d.sdf,,data/fep/misc/misc_galectin3_extra_protein.pdb,17d,-6.150896072,-5.960000038,0.07999999821,misc/galectin3_extra,misc,711,misc_galectin3_extra_17d.sdf,misc_galectin3_extra_protein.pdb,5.732962,4.95005,5.459397,5.163511,5.838256,5.21416,5.5856476,5.4585643,5.2129297,5.997348,5.4612827
misc/btk_extra_flip/2,5.65769707417426,data/fep/misc/misc_btk_extra_flip_2.sdf,,data/fep/misc/misc_btk_extra_flip_protein.pdb,2,-7.687934875488281,-8.069999694824219,0.2800000011920929,misc/btk_extra_flip,misc,712,misc_btk_extra_flip_2.sdf,misc_btk_extra_flip_protein.pdb,4.937874,5.8822665,5.772109,5.6804466,5.1583095,5.5212827,5.603863,6.085018,4.675269,4.961327,5.427777
misc/btk_extra_flip/7,6.685533967725219,data/fep/misc/misc_btk_extra_flip_7.sdf,,data/fep/misc/misc_btk_extra_flip_protein.pdb,7,-9.084606170654297,-8.229999542236328,0.25,misc/btk_extra_flip,misc,713,misc_btk_extra_flip_7.sdf,misc_btk_extra_flip_protein.pdb,7.264304,6.1831183,7.720447,6.845087,7.2739587,7.2334666,6.8797646,7.021909,6.0237308,6.297106,6.874289
misc/btk_extra_flip/8,7.069521073625097,data/fep/misc/misc_btk_extra_flip_8.sdf,,data/fep/misc/misc_btk_extra_flip_protein.pdb,8,-9.606385231018066,-8.289999961853027,0.2399999946355819,misc/btk_extra_flip,misc,714,misc_btk_extra_flip_8.sdf,misc_btk_extra_flip_protein.pdb,6.95695,6.111246,6.9346333,6.5732393,6.5495024,6.896729,7.4108887,7.867425,7.0047607,6.7719445,6.9077315
misc/btk_extra_flip/9 flip,6.130871655387187,data/fep/misc/misc_btk_extra_flip_9_flip.sdf,,data/fep/misc/misc_btk_extra_flip_protein.pdb,9 flip,-8.33090591430664,-8.9399995803833,0.2300000041723251,misc/btk_extra_flip,misc,715,misc_btk_extra_flip_9_flip.sdf,misc_btk_extra_flip_protein.pdb,7.3072534,6.7106466,7.54829,7.673454,7.266226,7.021369,6.53252,7.86555,6.7050157,6.774755,7.140508
misc/btk_extra_flip/10,7.999483277064144,data/fep/misc/misc_btk_extra_flip_10.sdf,,data/fep/misc/misc_btk_extra_flip_protein.pdb,10,-10.870059967041016,-11.350000381469728,0.270000010728836,misc/btk_extra_flip,misc,716,misc_btk_extra_flip_10.sdf,misc_btk_extra_flip_protein.pdb,7.6027794,7.164281,7.641744,7.7851763,7.99223,7.7960973,7.4520755,7.803913,7.0691876,6.83133,7.5138817
misc/btk_extra_flip/11,8.48134086211384,data/fep/misc/misc_btk_extra_flip_11.sdf,,data/fep/misc/misc_btk_extra_flip_protein.pdb,11,-11.524829864501951,-12.210000038146973,0.270000010728836,misc/btk_extra_flip,misc,717,misc_btk_extra_flip_11.sdf,misc_btk_extra_flip_protein.pdb,8.293082,7.791815,8.375704,8.286755,8.106595,8.041839,8.289695,8.000007,8.075951,7.629172,8.089061
opls_stress/cr_bace1/4,-0.3017267728910903,data/fep/opls_stress/opls_stress_cr_bace1_4.sdf,,data/fep/opls_stress/opls_stress_cr_bace1_protein.pdb,4,0.4099999964237213,-0.2199999988079071,0.2000000029802322,opls_stress/cr_bace1,opls_stress,718,opls_stress_cr_bace1_4.sdf,opls_stress_cr_bace1_protein.pdb,7.1863184,7.141574,7.144408,6.5445857,5.9592605,7.188316,7.039755,6.248505,6.267713,6.5751243,6.7295556
opls_stress/cr_bace1/1,0.7285597820614707,data/fep/opls_stress/opls_stress_cr_bace1_1.sdf,,data/fep/opls_stress/opls_stress_cr_bace1_protein.pdb,1,-0.9900000095367432,-0.4799999892711639,0.1800000071525573,opls_stress/cr_bace1,opls_stress,719,opls_stress_cr_bace1_1.sdf,opls_stress_cr_bace1_protein.pdb,7.1767254,6.5337596,7.087184,6.3227177,5.89633,6.809361,6.834317,6.2687335,6.242016,6.3802977,6.555144
opls_stress/cr_bace1/3,0.6549678680467852,data/fep/opls_stress/opls_stress_cr_bace1_3.sdf,,data/fep/opls_stress/opls_stress_cr_bace1_protein.pdb,3,-0.8899999856948853,-0.2000000029802322,0.209999993443489,opls_stress/cr_bace1,opls_stress,720,opls_stress_cr_bace1_3.sdf,opls_stress_cr_bace1_protein.pdb,6.71652,6.7959948,7.0106106,6.6713467,6.092059,7.0993357,6.702251,6.4111137,6.4445186,6.086211,6.602996
opls_stress/cr_bace1/7,-0.6696862771682353,data/fep/opls_stress/opls_stress_cr_bace1_7.sdf,,data/fep/opls_stress/opls_stress_cr_bace1_protein.pdb,7,0.9100000262260436,0.1899999976158142,0.209999993443489,opls_stress/cr_bace1,opls_stress,721,opls_stress_cr_bace1_7.sdf,opls_stress_cr_bace1_protein.pdb,7.1229234,6.5248685,6.5767565,6.4140587,6.454622,6.1415114,6.85079,6.4166193,6.256862,6.6488686,6.5407877
opls_stress/cr_bace1/9R,-0.5225024491388642,data/fep/opls_stress/opls_stress_cr_bace1_9R.sdf,,data/fep/opls_stress/opls_stress_cr_bace1_protein.pdb,9R,0.7099999785423279,-0.0900000035762786,0.25,opls_stress/cr_bace1,opls_stress,722,opls_stress_cr_bace1_9R.sdf,opls_stress_cr_bace1_protein.pdb,6.952458,6.8886576,6.935667,6.2585325,5.9547486,6.6624765,6.903176,6.41164,6.426984,6.578454,6.5972795
opls_stress/cr_bace1/5,-0.6696862771682353,data/fep/opls_stress/opls_stress_cr_bace1_5.sdf,,data/fep/opls_stress/opls_stress_cr_bace1_protein.pdb,5,0.9100000262260436,0.0199999995529651,0.209999993443489,opls_stress/cr_bace1,opls_stress,723,opls_stress_cr_bace1_5.sdf,opls_stress_cr_bace1_protein.pdb,6.951956,6.4692116,7.2824564,6.4377003,6.3744884,6.912366,7.072112,6.435688,6.370973,6.602912,6.6909857
opls_stress/cr_bace1/10,0.213416493619143,data/fep/opls_stress/opls_stress_cr_bace1_10.sdf,,data/fep/opls_stress/opls_stress_cr_bace1_protein.pdb,10,-0.2899999916553497,1.809999942779541,0.2000000029802322,opls_stress/cr_bace1,opls_stress,724,opls_stress_cr_bace1_10.sdf,opls_stress_cr_bace1_protein.pdb,6.7175756,6.4386125,6.7052217,6.6480007,6.1349173,6.1702304,6.82875,6.254938,6.4518647,6.4617915,6.4811907
opls_stress/cr_bace1/6,1.317294918722201,data/fep/opls_stress/opls_stress_cr_bace1_6.sdf,,data/fep/opls_stress/opls_stress_cr_bace1_protein.pdb,6,-1.7899999618530271,-0.949999988079071,0.2000000029802322,opls_stress/cr_bace1,opls_stress,725,opls_stress_cr_bace1_6.sdf,opls_stress_cr_bace1_protein.pdb,7.0656114,7.274957,7.480985,7.392592,7.0161777,7.3978314,7.5386295,6.812779,7.1835465,7.3254733,7.248858
opls_stress/cr_bace1/2,0.1398246015365517,data/fep/opls_stress/opls_stress_cr_bace1_2.sdf,,data/fep/opls_stress/opls_stress_cr_bace1_protein.pdb,2,-0.1899999976158142,0.6100000143051147,0.2399999946355819,opls_stress/cr_bace1,opls_stress,726,opls_stress_cr_bace1_2.sdf,opls_stress_cr_bace1_protein.pdb,6.779796,6.8480825,6.9569745,6.661398,5.9729586,6.982466,6.71504,5.990506,6.2849607,6.516024,6.570821
opls_stress/cr_bace1/9S,-1.332013283979463,data/fep/opls_stress/opls_stress_cr_bace1_9S.sdf,,data/fep/opls_stress/opls_stress_cr_bace1_protein.pdb,9S,1.809999942779541,-0.5699999928474426,0.2000000029802322,opls_stress/cr_bace1,opls_stress,727,opls_stress_cr_bace1_9S.sdf,opls_stress_cr_bace1_protein.pdb,6.671792,6.6362634,7.0654626,6.242507,5.8712115,6.2242956,6.6484303,6.3221374,6.455851,6.548338,6.468629
opls_stress/cr_bace1/8,0.434192169866917,data/fep/opls_stress/opls_stress_cr_bace1_8.sdf,,data/fep/opls_stress/opls_stress_cr_bace1_protein.pdb,8,-0.5899999737739563,-0.1000000014901161,0.1899999976158142,opls_stress/cr_bace1,opls_stress,728,opls_stress_cr_bace1_8.sdf,opls_stress_cr_bace1_protein.pdb,7.039044,6.4128704,6.9175825,6.632523,6.2464247,6.640905,6.628644,6.051693,6.270086,6.572189,6.541196
opls_stress/hc_bace1/22256_26_0_ligand,5.121996022316187,data/fep/opls_stress/opls_stress_hc_bace1_22256_26_0_ligand.sdf,,data/fep/opls_stress/opls_stress_hc_bace1_protein.pdb,22256_26_0_ligand,-6.960000038146973,-6.769999980926514,0.1700000017881393,opls_stress/hc_bace1,opls_stress,729,opls_stress_hc_bace1_22256_26_0_ligand.sdf,opls_stress_hc_bace1_protein.pdb,6.867465,6.1843143,6.558669,6.5899053,6.602753,6.570916,7.004527,6.172961,6.4756546,6.851182,6.587835
opls_stress/hc_bace1/22250_20_0_ligand,5.968302550978998,data/fep/opls_stress/opls_stress_hc_bace1_22250_20_0_ligand.sdf,,data/fep/opls_stress/opls_stress_hc_bace1_protein.pdb,22250_20_0_ligand,-8.109999656677246,-8.359999656677246,0.1700000017881393,opls_stress/hc_bace1,opls_stress,730,opls_stress_hc_bace1_22250_20_0_ligand.sdf,opls_stress_hc_bace1_protein.pdb,6.373126,6.7624435,6.5636253,6.747379,6.326181,6.0834813,6.900144,6.0396523,6.1031322,7.0076947,6.490686
opls_stress/hc_bace1/22251_21_0_ligand,6.924997345441533,data/fep/opls_stress/opls_stress_hc_bace1_22251_21_0_ligand.sdf,,data/fep/opls_stress/opls_stress_hc_bace1_protein.pdb,22251_21_0_ligand,-9.40999984741211,-9.75,0.1700000017881393,opls_stress/hc_bace1,opls_stress,731,opls_stress_hc_bace1_22251_21_0_ligand.sdf,opls_stress_hc_bace1_protein.pdb,6.3328247,6.7493696,6.264634,6.9165125,6.22025,6.1265535,7.167682,6.474676,5.936492,6.895758,6.5084753
opls_stress/hc_bace1/19677_19_0_ligand,7.234083366757538,data/fep/opls_stress/opls_stress_hc_bace1_19677_19_0_ligand.sdf,,data/fep/opls_stress/opls_stress_hc_bace1_protein.pdb,19677_19_0_ligand,-9.829999923706056,-8.5,0.1700000017881393,opls_stress/hc_bace1,opls_stress,732,opls_stress_hc_bace1_19677_19_0_ligand.sdf,opls_stress_hc_bace1_protein.pdb,6.43456,6.47075,6.034411,6.3679295,6.2661605,6.1602864,6.521612,5.94365,6.2652197,6.840021,6.3304596
opls_stress/hc_bace1/22254_24_0_ligand,6.969152792126826,data/fep/opls_stress/opls_stress_hc_bace1_22254_24_0_ligand.sdf,,data/fep/opls_stress/opls_stress_hc_bace1_protein.pdb,22254_24_0_ligand,-9.470000267028809,-9.140000343322754,0.1700000017881393,opls_stress/hc_bace1,opls_stress,733,opls_stress_hc_bace1_22254_24_0_ligand.sdf,opls_stress_hc_bace1_protein.pdb,6.9246707,6.5838723,7.0159726,6.387267,6.646025,7.0328035,7.230187,6.7795568,5.8871055,6.882744,6.73702
opls_stress/hc_bace1/22252_22_0_ligand,7.366549004986401,data/fep/opls_stress/opls_stress_hc_bace1_22252_22_0_ligand.sdf,,data/fep/opls_stress/opls_stress_hc_bace1_protein.pdb,22252_22_0_ligand,-10.010000228881836,-10.550000190734863,0.1700000017881393,opls_stress/hc_bace1,opls_stress,734,opls_stress_hc_bace1_22252_22_0_ligand.sdf,opls_stress_hc_bace1_protein.pdb,6.6765585,6.6488185,6.685905,6.598293,6.1791625,6.461198,7.095116,6.1617646,6.4018126,6.620585,6.5529213
opls_stress/hc_bace1/22253_23_0_ligand,6.439290941038388,data/fep/opls_stress/opls_stress_hc_bace1_22253_23_0_ligand.sdf,,data/fep/opls_stress/opls_stress_hc_bace1_protein.pdb,22253_23_0_ligand,-8.75,-9.479999542236328,0.1599999964237213,opls_stress/hc_bace1,opls_stress,735,opls_stress_hc_bace1_22253_23_0_ligand.sdf,opls_stress_hc_bace1_protein.pdb,6.4345255,6.6917834,6.333693,6.3597474,6.255373,6.257919,6.9184914,5.788943,6.1531596,6.3868055,6.358044
opls_stress/fxa_yoshikawa_set/5f,8.515201208307571,data/fep/opls_stress/opls_stress_fxa_yoshikawa_set_5f.sdf,,data/fep/opls_stress/opls_stress_fxa_yoshikawa_set_protein.pdb,5f,-11.570840835571287,-12.739999771118164,0.1000000014901161,opls_stress/fxa_yoshikawa_set,opls_stress,736,opls_stress_fxa_yoshikawa_set_5f.sdf,opls_stress_fxa_yoshikawa_set_protein.pdb,8.5265875,8.077286,8.322801,8.465538,8.401595,8.74426,8.432554,8.04756,8.14846,8.666696,8.383333
opls_stress/fxa_yoshikawa_set/5g,7.48557044490479,data/fep/opls_stress/opls_stress_fxa_yoshikawa_set_5g.sdf,,data/fep/opls_stress/opls_stress_fxa_yoshikawa_set_protein.pdb,5g,-10.17173194885254,-8.420000076293945,0.0900000035762786,opls_stress/fxa_yoshikawa_set,opls_stress,737,opls_stress_fxa_yoshikawa_set_5g.sdf,opls_stress_fxa_yoshikawa_set_protein.pdb,7.6649375,7.927657,7.764966,7.8710194,8.492706,8.192048,8.435377,7.681579,7.679125,8.046733,7.975614
opls_stress/fxa_yoshikawa_set/5e,6.084572127169293,data/fep/opls_stress/opls_stress_fxa_yoshikawa_set_5e.sdf,,data/fep/opls_stress/opls_stress_fxa_yoshikawa_set_protein.pdb,5e,-8.26799201965332,-8.149999618530273,0.1000000014901161,opls_stress/fxa_yoshikawa_set,opls_stress,738,opls_stress_fxa_yoshikawa_set_5e.sdf,opls_stress_fxa_yoshikawa_set_protein.pdb,7.269118,6.683995,7.16122,6.7895675,7.094509,7.548119,7.2570357,7.1321554,6.7450075,7.6021147,7.1282835
opls_stress/fxa_yoshikawa_set/5i,7.952305061422743,data/fep/opls_stress/opls_stress_fxa_yoshikawa_set_5i.sdf,,data/fep/opls_stress/opls_stress_fxa_yoshikawa_set_protein.pdb,5i,-10.805952072143556,-11.18000030517578,0.1199999973177909,opls_stress/fxa_yoshikawa_set,opls_stress,739,opls_stress_fxa_yoshikawa_set_5i.sdf,opls_stress_fxa_yoshikawa_set_protein.pdb,8.333834,7.710836,8.33274,8.113305,8.389629,8.37546,8.703046,8.135725,8.175044,8.298454,8.256807
opls_stress/fxa_yoshikawa_set/5b,5.419397676563286,data/fep/opls_stress/opls_stress_fxa_yoshikawa_set_5b.sdf,,data/fep/opls_stress/opls_stress_fxa_yoshikawa_set_protein.pdb,5b,-7.364122867584228,-6.710000038146973,0.1000000014901161,opls_stress/fxa_yoshikawa_set,opls_stress,740,opls_stress_fxa_yoshikawa_set_5b.sdf,opls_stress_fxa_yoshikawa_set_protein.pdb,7.1001377,6.217523,6.6667194,6.7012024,7.016491,7.3686566,7.4643126,6.8560996,6.465781,7.2639365,6.9120855
opls_stress/fxa_yoshikawa_set/5h,9.403765443405543,data/fep/opls_stress/opls_stress_fxa_yoshikawa_set_5h.sdf,,data/fep/opls_stress/opls_stress_fxa_yoshikawa_set_protein.pdb,5h,-12.7782621383667,-14.81999969482422,0.1000000014901161,opls_stress/fxa_yoshikawa_set,opls_stress,741,opls_stress_fxa_yoshikawa_set_5h.sdf,opls_stress_fxa_yoshikawa_set_protein.pdb,8.901909,8.436216,8.558905,8.333754,8.865036,9.2890415,8.759724,8.421632,8.483145,8.711539,8.67609
opls_stress/fxa_yoshikawa_set/5a,8.276897248820998,data/fep/opls_stress/opls_stress_fxa_yoshikawa_set_5a.sdf,,data/fep/opls_stress/opls_stress_fxa_yoshikawa_set_protein.pdb,5a,-11.24702262878418,-10.15999984741211,0.0900000035762786,opls_stress/fxa_yoshikawa_set,opls_stress,742,opls_stress_fxa_yoshikawa_set_5a.sdf,opls_stress_fxa_yoshikawa_set_protein.pdb,8.130194,7.466712,8.149818,7.801262,8.565806,8.665337,8.646433,7.956763,7.8533034,8.575573,8.18112
opls_stress/fxa_yoshikawa_set/5k,8.342836704242917,data/fep/opls_stress/opls_stress_fxa_yoshikawa_set_5k.sdf,,data/fep/opls_stress/opls_stress_fxa_yoshikawa_set_protein.pdb,5k,-11.336624145507812,-13.029999732971191,0.1000000014901161,opls_stress/fxa_yoshikawa_set,opls_stress,743,opls_stress_fxa_yoshikawa_set_5k.sdf,opls_stress_fxa_yoshikawa_set_protein.pdb,7.918525,7.7392654,7.3067555,7.555333,7.4102297,8.136915,8.375975,7.363046,7.2632422,7.712802,7.678209
opls_stress/fxa_yoshikawa_set/5d,8.420557027948382,data/fep/opls_stress/opls_stress_fxa_yoshikawa_set_5d.sdf,,data/fep/opls_stress/opls_stress_fxa_yoshikawa_set_protein.pdb,5d,-11.44223403930664,-12.130000114440918,0.0900000035762786,opls_stress/fxa_yoshikawa_set,opls_stress,744,opls_stress_fxa_yoshikawa_set_5d.sdf,opls_stress_fxa_yoshikawa_set_protein.pdb,8.521965,8.085154,8.433236,8.199308,8.453693,8.541918,8.519045,8.144386,8.276757,8.586736,8.37622
opls_stress/fxa_yoshikawa_set/5c,8.556758491381183,data/fep/opls_stress/opls_stress_fxa_yoshikawa_set_5c.sdf,,data/fep/opls_stress/opls_stress_fxa_yoshikawa_set_protein.pdb,5c,-11.627310752868652,-11.390000343322754,0.0900000035762786,opls_stress/fxa_yoshikawa_set,opls_stress,745,opls_stress_fxa_yoshikawa_set_5c.sdf,opls_stress_fxa_yoshikawa_set_protein.pdb,8.754367,7.9120626,8.291813,8.326171,8.569833,8.627121,8.397061,8.318347,8.334689,8.615113,8.414657
opls_stress/fxa_yoshikawa_set/8e,8.219631673484647,data/fep/opls_stress/opls_stress_fxa_yoshikawa_set_8e.sdf,,data/fep/opls_stress/opls_stress_fxa_yoshikawa_set_protein.pdb,8e,-11.169207572937012,-11.760000228881836,0.0900000035762786,opls_stress/fxa_yoshikawa_set,opls_stress,746,opls_stress_fxa_yoshikawa_set_8e.sdf,opls_stress_fxa_yoshikawa_set_protein.pdb,7.5576777,6.930267,7.24917,6.8736167,7.4055796,7.558891,7.1518497,7.2057085,6.624829,7.6886926,7.2246275
opls_stress/fxa_yoshikawa_set/8b,5.98229347253461,data/fep/opls_stress/opls_stress_fxa_yoshikawa_set_8b.sdf,,data/fep/opls_stress/opls_stress_fxa_yoshikawa_set_protein.pdb,8b,-8.129011154174805,-8.59000015258789,0.1000000014901161,opls_stress/fxa_yoshikawa_set,opls_stress,747,opls_stress_fxa_yoshikawa_set_8b.sdf,opls_stress_fxa_yoshikawa_set_protein.pdb,6.7931533,6.5258975,7.1049886,6.7915907,7.407237,7.550604,7.2336907,6.593363,6.2419114,7.0078773,6.925032
opls_stress/fxa_yoshikawa_set/8d,5.6606851026930975,data/fep/opls_stress/opls_stress_fxa_yoshikawa_set_8d.sdf,,data/fep/opls_stress/opls_stress_fxa_yoshikawa_set_protein.pdb,8d,-7.691995143890381,-9.220000267028809,0.0900000035762786,opls_stress/fxa_yoshikawa_set,opls_stress,748,opls_stress_fxa_yoshikawa_set_8d.sdf,opls_stress_fxa_yoshikawa_set_protein.pdb,6.7755833,6.877686,7.0940504,6.615882,7.520469,7.6962934,7.424196,6.7601857,6.312149,7.206451,7.0282946
opls_stress/fxa_yoshikawa_set/8c,5.743989162134527,data/fep/opls_stress/opls_stress_fxa_yoshikawa_set_8c.sdf,,data/fep/opls_stress/opls_stress_fxa_yoshikawa_set_protein.pdb,8c,-7.805192470550537,-8.229999542236328,0.0900000035762786,opls_stress/fxa_yoshikawa_set,opls_stress,749,opls_stress_fxa_yoshikawa_set_8c.sdf,opls_stress_fxa_yoshikawa_set_protein.pdb,6.858951,6.456419,7.0688715,6.710566,7.2202272,7.522909,7.316699,6.6238065,6.3428535,6.9225993,6.90439
opls_stress/fxa_yoshikawa_set/8g,7.288495313448536,data/fep/opls_stress/opls_stress_fxa_yoshikawa_set_8g.sdf,,data/fep/opls_stress/opls_stress_fxa_yoshikawa_set_protein.pdb,8g,-9.903937339782717,-11.15999984741211,0.0900000035762786,opls_stress/fxa_yoshikawa_set,opls_stress,750,opls_stress_fxa_yoshikawa_set_8g.sdf,opls_stress_fxa_yoshikawa_set_protein.pdb,7.890908,6.997011,7.281788,6.721312,7.3947773,7.8207793,7.9571066,6.961025,6.659816,7.6052647,7.3289785
opls_stress/fxa_yoshikawa_set/A_cor,8.672610480497209,data/fep/opls_stress/opls_stress_fxa_yoshikawa_set_A_cor.sdf,,data/fep/opls_stress/opls_stress_fxa_yoshikawa_set_protein.pdb,A_cor,-11.784735679626465,-10.270000457763672,0.1000000014901161,opls_stress/fxa_yoshikawa_set,opls_stress,751,opls_stress_fxa_yoshikawa_set_A_cor.sdf,opls_stress_fxa_yoshikawa_set_protein.pdb,8.114248,7.5841637,7.879385,7.546972,7.9759192,8.489604,8.132758,7.487898,7.6025157,8.040473,7.885394
opls_stress/fxa_yoshikawa_set/8f,7.189617712531357,data/fep/opls_stress/opls_stress_fxa_yoshikawa_set_8f.sdf,,data/fep/opls_stress/opls_stress_fxa_yoshikawa_set_protein.pdb,8f,-9.769577980041504,-9.239999771118164,0.1000000014901161,opls_stress/fxa_yoshikawa_set,opls_stress,752,opls_stress_fxa_yoshikawa_set_8f.sdf,opls_stress_fxa_yoshikawa_set_protein.pdb,7.809138,7.226772,7.9266686,6.7072544,7.4661403,8.173108,7.895812,7.178817,7.214721,7.6492267,7.524765
opls_stress/fxa_yoshikawa_set/8a,6.948330286401546,data/fep/opls_stress/opls_stress_fxa_yoshikawa_set_8a.sdf,,data/fep/opls_stress/opls_stress_fxa_yoshikawa_set_protein.pdb,8a,-9.441705703735352,-11.989999771118164,0.0900000035762786,opls_stress/fxa_yoshikawa_set,opls_stress,753,opls_stress_fxa_yoshikawa_set_8a.sdf,opls_stress_fxa_yoshikawa_set_protein.pdb,7.599086,7.035791,7.0333433,7.2051325,7.3828573,7.9503465,7.918794,7.0670376,6.7850857,7.5511303,7.352861
opls_stress/fxa_yoshikawa_set/8h,8.889067266815754,data/fep/opls_stress/opls_stress_fxa_yoshikawa_set_8h.sdf,,data/fep/opls_stress/opls_stress_fxa_yoshikawa_set_protein.pdb,8h,-12.078866958618164,-11.5600004196167,0.0900000035762786,opls_stress/fxa_yoshikawa_set,opls_stress,754,opls_stress_fxa_yoshikawa_set_8h.sdf,opls_stress_fxa_yoshikawa_set_protein.pdb,8.237587,7.8353815,8.217524,7.805198,8.2782345,8.555979,8.408073,7.8410354,8.050797,8.165263,8.139506
opls_stress/fxa_yoshikawa_set/8i,7.33886192922172,data/fep/opls_stress/opls_stress_fxa_yoshikawa_set_8i.sdf,,data/fep/opls_stress/opls_stress_fxa_yoshikawa_set_protein.pdb,8i,-9.97237777709961,-7.440000057220459,0.1000000014901161,opls_stress/fxa_yoshikawa_set,opls_stress,755,opls_stress_fxa_yoshikawa_set_8i.sdf,opls_stress_fxa_yoshikawa_set_protein.pdb,8.101234,7.562193,7.8188095,7.334233,7.922273,8.693071,8.23688,7.470503,7.8982277,7.825028,7.8862457
opls_stress/fxa_yoshikawa_set/8j,8.489545921753002,data/fep/opls_stress/opls_stress_fxa_yoshikawa_set_8j.sdf,,data/fep/opls_stress/opls_stress_fxa_yoshikawa_set_protein.pdb,8j,-11.53597927093506,-9.890000343322754,0.1000000014901161,opls_stress/fxa_yoshikawa_set,opls_stress,756,opls_stress_fxa_yoshikawa_set_8j.sdf,opls_stress_fxa_yoshikawa_set_protein.pdb,7.8861103,7.6394973,8.06894,7.4198556,8.336403,8.628991,8.334535,7.663146,7.7609606,7.997531,7.973597
opls_stress/fxa_yoshikawa_set/8k,8.351827108312513,data/fep/opls_stress/opls_stress_fxa_yoshikawa_set_8k.sdf,,data/fep/opls_stress/opls_stress_fxa_yoshikawa_set_protein.pdb,8k,-11.348840713500977,-11.640000343322754,0.0900000035762786,opls_stress/fxa_yoshikawa_set,opls_stress,757,opls_stress_fxa_yoshikawa_set_8k.sdf,opls_stress_fxa_yoshikawa_set_protein.pdb,7.464782,7.464963,7.9806647,7.2589746,8.304746,8.718835,8.45483,7.5748825,7.6410236,8.076497,7.89402
opls_stress/fxa_yoshikawa_set/8l,8.276897248820998,data/fep/opls_stress/opls_stress_fxa_yoshikawa_set_8l.sdf,,data/fep/opls_stress/opls_stress_fxa_yoshikawa_set_protein.pdb,8l,-11.24702262878418,-11.729999542236328,0.0900000035762786,opls_stress/fxa_yoshikawa_set,opls_stress,758,opls_stress_fxa_yoshikawa_set_8l.sdf,opls_stress_fxa_yoshikawa_set_protein.pdb,7.765297,7.517955,8.036671,7.132768,8.154869,8.638446,8.1980915,7.723068,7.5667577,8.088091,7.882201
opls_stress/fxa_yoshikawa_set/8m,8.712276339763827,data/fep/opls_stress/opls_stress_fxa_yoshikawa_set_8m.sdf,,data/fep/opls_stress/opls_stress_fxa_yoshikawa_set_protein.pdb,8m,-11.838635444641112,-12.640000343322754,0.0900000035762786,opls_stress/fxa_yoshikawa_set,opls_stress,759,opls_stress_fxa_yoshikawa_set_8m.sdf,opls_stress_fxa_yoshikawa_set_protein.pdb,8.706505,7.881927,7.740514,8.120281,8.344596,8.558608,8.487541,7.845035,8.0737505,8.287249,8.2046
opls_stress/fxa_yoshikawa_set/8n,7.461341270845879,data/fep/opls_stress/opls_stress_fxa_yoshikawa_set_8n.sdf,,data/fep/opls_stress/opls_stress_fxa_yoshikawa_set_protein.pdb,8n,-10.138808250427246,-8.270000457763672,0.1000000014901161,opls_stress/fxa_yoshikawa_set,opls_stress,760,opls_stress_fxa_yoshikawa_set_8n.sdf,opls_stress_fxa_yoshikawa_set_protein.pdb,7.50902,7.436858,7.584414,7.383417,7.6795716,7.9921937,7.619426,7.3466578,7.677883,7.730618,7.596007
opls_stress/fxa_yoshikawa_set/8o,7.855010080425701,data/fep/opls_stress/opls_stress_fxa_yoshikawa_set_8o.sdf,,data/fep/opls_stress/opls_stress_fxa_yoshikawa_set_protein.pdb,8o,-10.67374324798584,-9.289999961853027,0.1000000014901161,opls_stress/fxa_yoshikawa_set,opls_stress,761,opls_stress_fxa_yoshikawa_set_8o.sdf,opls_stress_fxa_yoshikawa_set_protein.pdb,7.566491,7.322403,7.483139,6.967311,7.6439195,8.331323,8.099286,7.228933,7.3470383,7.6909,7.568074
opls_stress/fxa_yoshikawa_set/8p,8.528618737191454,data/fep/opls_stress/opls_stress_fxa_yoshikawa_set_8p.sdf,,data/fep/opls_stress/opls_stress_fxa_yoshikawa_set_protein.pdb,8p,-11.589073181152344,-11.06999969482422,0.0900000035762786,opls_stress/fxa_yoshikawa_set,opls_stress,762,opls_stress_fxa_yoshikawa_set_8p.sdf,opls_stress_fxa_yoshikawa_set_protein.pdb,8.223368,7.709762,8.447084,7.3285375,8.055294,8.498379,8.46477,7.7236724,7.8423758,8.1911955,8.048444
opls_stress/cr_bace2/22,-0.9272578884912578,data/fep/opls_stress/opls_stress_cr_bace2_22.sdf,,data/fep/opls_stress/opls_stress_cr_bace2_protein.pdb,22,1.2599999904632568,0.6899999976158142,0.1400000005960464,opls_stress/cr_bace2,opls_stress,763,opls_stress_cr_bace2_22.sdf,opls_stress_cr_bace2_protein.pdb,6.5468473,6.3166757,6.627631,5.9215746,6.296215,6.2802787,7.0605454,6.521679,6.541323,6.6518693,6.4764643
opls_stress/cr_bace2/16,0.2502124506264858,data/fep/opls_stress/opls_stress_cr_bace2_16.sdf,,data/fep/opls_stress/opls_stress_cr_bace2_protein.pdb,16,-0.3400000035762787,-0.8199999928474426,0.1400000005960464,opls_stress/cr_bace2,opls_stress,764,opls_stress_cr_bace2_16.sdf,opls_stress_cr_bace2_protein.pdb,7.0749817,6.6137342,7.560236,6.6245813,6.276404,7.2154927,7.2042804,6.5031805,6.564108,6.696223,6.833322
opls_stress/cr_bace2/11,0.912539523233996,data/fep/opls_stress/opls_stress_cr_bace2_11.sdf,,data/fep/opls_stress/opls_stress_cr_bace2_protein.pdb,11,-1.2400000095367432,-1.4700000286102295,0.1500000059604644,opls_stress/cr_bace2,opls_stress,765,opls_stress_cr_bace2_11.sdf,opls_stress_cr_bace2_protein.pdb,6.6628337,6.4778786,6.690492,6.3002157,6.066123,6.6114116,6.8333893,5.981957,6.355787,6.016868,6.3996954
opls_stress/cr_bace2/21,-1.074441716520629,data/fep/opls_stress/opls_stress_cr_bace2_21.sdf,,data/fep/opls_stress/opls_stress_cr_bace2_protein.pdb,21,1.4600000381469729,0.270000010728836,0.1500000059604644,opls_stress/cr_bace2,opls_stress,766,opls_stress_cr_bace2_21.sdf,opls_stress_cr_bace2_protein.pdb,6.786153,6.544613,6.4005394,6.616589,6.2528267,6.460046,6.993834,6.4113173,6.574782,6.4361844,6.5476885
opls_stress/cr_bace2/24,-2.325503991585152,data/fep/opls_stress/opls_stress_cr_bace2_24.sdf,,data/fep/opls_stress/opls_stress_cr_bace2_protein.pdb,24,3.1600000858306885,1.4700000286102295,0.1400000005960464,opls_stress/cr_bace2,opls_stress,767,opls_stress_cr_bace2_24.sdf,opls_stress_cr_bace2_protein.pdb,6.75533,6.6860127,6.721718,6.7695074,5.95385,6.797113,6.927528,6.2858467,6.1243296,6.493333,6.5514565
opls_stress/cr_bace2/12,0.3973962567237626,data/fep/opls_stress/opls_stress_cr_bace2_12.sdf,,data/fep/opls_stress/opls_stress_cr_bace2_protein.pdb,12,-0.5400000214576721,0.5899999737739563,0.1400000005960464,opls_stress/cr_bace2,opls_stress,768,opls_stress_cr_bace2_12.sdf,opls_stress_cr_bace2_protein.pdb,6.8758917,6.2605734,6.837228,6.054861,5.8818717,6.789192,6.772258,6.1096625,6.020967,6.6321287,6.4234633
opls_stress/cr_bace2/20,0.6917638250541279,data/fep/opls_stress/opls_stress_cr_bace2_20.sdf,,data/fep/opls_stress/opls_stress_cr_bace2_protein.pdb,20,-0.9399999976158142,-0.9700000286102296,0.1299999952316284,opls_stress/cr_bace2,opls_stress,769,opls_stress_cr_bace2_20.sdf,opls_stress_cr_bace2_protein.pdb,6.7539105,6.4731236,6.7114162,6.2174044,6.338841,6.5483913,6.749679,6.249084,6.422794,6.6054378,6.5070076
opls_stress/cr_bace2/19,0.8389476092193106,data/fep/opls_stress/opls_stress_cr_bace2_19.sdf,,data/fep/opls_stress/opls_stress_cr_bace2_protein.pdb,19,-1.1399999856948853,-0.270000010728836,0.1500000059604644,opls_stress/cr_bace2,opls_stress,770,opls_stress_cr_bace2_19.sdf,opls_stress_cr_bace2_protein.pdb,6.931978,6.596722,7.5093365,6.5881066,6.1559343,7.1742806,7.256684,6.208782,6.7040443,6.96351,6.808938
opls_stress/cr_bace2/13,0.912539523233996,data/fep/opls_stress/opls_stress_cr_bace2_13.sdf,,data/fep/opls_stress/opls_stress_cr_bace2_protein.pdb,13,-1.2400000095367432,-0.6299999952316284,0.1400000005960464,opls_stress/cr_bace2,opls_stress,771,opls_stress_cr_bace2_13.sdf,opls_stress_cr_bace2_protein.pdb,7.1547523,6.1553016,7.6724586,6.339868,6.090309,7.019579,6.902762,6.2400107,6.3970747,6.8212843,6.6793394
opls_stress/cr_bace2/23,-1.0008498025059434,data/fep/opls_stress/opls_stress_cr_bace2_23.sdf,,data/fep/opls_stress/opls_stress_cr_bace2_protein.pdb,23,1.3600000143051147,2.3399999141693115,0.1500000059604644,opls_stress/cr_bace2,opls_stress,772,opls_stress_cr_bace2_23.sdf,opls_stress_cr_bace2_protein.pdb,6.4971166,6.451062,6.8642726,6.4518905,6.4527564,6.6261883,6.845984,6.0774574,6.400105,6.2010093,6.4867845
opls_stress/cr_bace2/15,0.5445800408889453,data/fep/opls_stress/opls_stress_cr_bace2_15.sdf,,data/fep/opls_stress/opls_stress_cr_bace2_protein.pdb,15,-0.7400000095367432,0.050000000745058,0.1400000005960464,opls_stress/cr_bace2,opls_stress,773,opls_stress_cr_bace2_15.sdf,opls_stress_cr_bace2_protein.pdb,7.3417687,6.8548203,7.5927124,6.4510016,5.999385,7.050984,7.337287,6.307692,7.009242,6.7911887,6.8736086
opls_stress/cr_bace2/14,0.7653556952046249,data/fep/opls_stress/opls_stress_cr_bace2_14.sdf,,data/fep/opls_stress/opls_stress_cr_bace2_protein.pdb,14,-1.0399999618530271,-1.2300000190734863,0.1400000005960464,opls_stress/cr_bace2,opls_stress,774,opls_stress_cr_bace2_14.sdf,opls_stress_cr_bace2_protein.pdb,6.7467437,6.267643,7.2044954,5.8825436,6.1015377,6.970866,6.9083695,5.9163227,6.2989235,6.741744,6.503919
opls_stress/fxa_set3/20814_6,7.749226501675205,data/fep/opls_stress/opls_stress_fxa_set3_20814_6.sdf,,data/fep/opls_stress/opls_stress_fxa_set3_protein.pdb,20814_6,-10.529999732971191,-10.890000343322754,0.2300000041723251,opls_stress/fxa_set3,opls_stress,775,opls_stress_fxa_set3_20814_6.sdf,opls_stress_fxa_set3_protein.pdb,7.1142073,7.4786077,7.759475,7.9360976,7.5222664,7.3409386,7.7347417,7.316958,8.109582,7.1597166,7.547259
opls_stress/fxa_set3/20539_10,8.227574249819979,data/fep/opls_stress/opls_stress_fxa_set3_20539_10.sdf,,data/fep/opls_stress/opls_stress_fxa_set3_protein.pdb,20539_10,-11.18000030517578,-10.699999809265137,0.2300000041723251,opls_stress/fxa_set3,opls_stress,776,opls_stress_fxa_set3_20539_10.sdf,opls_stress_fxa_set3_protein.pdb,6.742021,7.4685287,7.8061666,8.423179,7.3212023,7.59601,7.7437396,7.196966,7.877466,7.761379,7.593665
opls_stress/fxa_set3/20820_11,7.97000233144764,data/fep/opls_stress/opls_stress_fxa_set3_20820_11.sdf,,data/fep/opls_stress/opls_stress_fxa_set3_protein.pdb,20820_11,-10.829999923706056,-11.289999961853027,0.2300000041723251,opls_stress/fxa_set3,opls_stress,777,opls_stress_fxa_set3_20820_11.sdf,opls_stress_fxa_set3_protein.pdb,6.422918,7.4272847,7.887057,7.986309,6.943224,7.292417,7.4519324,7.2640066,7.841598,7.4308133,7.3947563
opls_stress/fxa_set3/20819_8,8.227574249819979,data/fep/opls_stress/opls_stress_fxa_set3_20819_8.sdf,,data/fep/opls_stress/opls_stress_fxa_set3_protein.pdb,20819_8,-11.18000030517578,-10.829999923706056,0.2199999988079071,opls_stress/fxa_set3,opls_stress,778,opls_stress_fxa_set3_20819_8.sdf,opls_stress_fxa_set3_protein.pdb,6.960854,7.610935,7.7056932,8.013428,7.1912613,7.683725,7.704773,7.029675,7.923986,7.882456,7.5706778
opls_stress/fxa_set6/21083,4.806192814634056,data/fep/opls_stress/opls_stress_fxa_set6_21083.sdf,,data/fep/opls_stress/opls_stress_fxa_set6_protein.pdb,21083,-6.530872344970703,-7.340000152587891,0.1899999976158142,opls_stress/fxa_set6,opls_stress,779,opls_stress_fxa_set6_21083.sdf,opls_stress_fxa_set6_protein.pdb,6.5238476,6.729998,7.152081,6.827544,6.3831925,6.7197995,6.772709,6.79739,6.82595,7.017449,6.7749963
opls_stress/fxa_set6/21084,5.4970172880920165,data/fep/opls_stress/opls_stress_fxa_set6_21084.sdf,,data/fep/opls_stress/opls_stress_fxa_set6_protein.pdb,21084,-7.469595909118652,-8.770000457763672,0.1899999976158142,opls_stress/fxa_set6,opls_stress,780,opls_stress_fxa_set6_21084.sdf,opls_stress_fxa_set6_protein.pdb,6.8997645,7.0583844,7.1602855,7.5290065,6.999194,7.0388937,7.5533924,7.1572485,7.3986726,7.326376,7.2121224
opls_stress/fxa_set6/21085,5.926799308585586,data/fep/opls_stress/opls_stress_fxa_set6_21085.sdf,,data/fep/opls_stress/opls_stress_fxa_set6_protein.pdb,21085,-8.053603172302246,-6.789999961853027,0.1899999976158142,opls_stress/fxa_set6,opls_stress,781,opls_stress_fxa_set6_21085.sdf,opls_stress_fxa_set6_protein.pdb,7.6145353,7.3117137,6.9143424,7.528646,7.5536823,7.153059,8.118643,7.387402,7.639022,6.9914603,7.421251
opls_stress/fxa_set6/21086,8.309414999933923,data/fep/opls_stress/opls_stress_fxa_set6_21086.sdf,,data/fep/opls_stress/opls_stress_fxa_set6_protein.pdb,21086,-11.29120922088623,-11.56999969482422,0.1899999976158142,opls_stress/fxa_set6,opls_stress,782,opls_stress_fxa_set6_21086.sdf,opls_stress_fxa_set6_protein.pdb,7.1769357,7.2467337,6.6740794,7.302644,7.138882,7.3719964,7.53173,7.1463046,6.914371,7.1454716,7.1649146
opls_stress/fxa_set6/20524_2j95_cys,8.406422933681592,data/fep/opls_stress/opls_stress_fxa_set6_20524_2j95_cys.sdf,,data/fep/opls_stress/opls_stress_fxa_set6_protein.pdb,20524_2j95_cys,-11.423027992248535,-11.3100004196167,0.1899999976158142,opls_stress/fxa_set6,opls_stress,783,opls_stress_fxa_set6_20524_2j95_cys.sdf,opls_stress_fxa_set6_protein.pdb,7.4041843,7.1553173,7.007894,7.2560267,7.3525906,7.3050795,8.071644,7.2911425,7.37559,7.3809576,7.3600426
opls_stress/fxa_set6/21087,8.707756573783485,data/fep/opls_stress/opls_stress_fxa_set6_21087.sdf,,data/fep/opls_stress/opls_stress_fxa_set6_protein.pdb,21087,-11.832493782043455,-10.81999969482422,0.1899999976158142,opls_stress/fxa_set6,opls_stress,784,opls_stress_fxa_set6_21087.sdf,opls_stress_fxa_set6_protein.pdb,7.117214,7.264872,6.893845,7.49778,7.281147,7.4971437,7.908182,6.821213,6.934313,7.2188025,7.243451
opls_stress/fxa_set5/20705_cys,8.028875792476686,data/fep/opls_stress/opls_stress_fxa_set5_20705_cys.sdf,,data/fep/opls_stress/opls_stress_fxa_set5_protein.pdb,20705_cys,-10.90999984741211,-11.25,0.2800000011920929,opls_stress/fxa_set5,opls_stress,785,opls_stress_fxa_set5_20705_cys.sdf,opls_stress_fxa_set5_protein.pdb,8.668267,8.15923,8.3116665,8.5362835,8.161474,8.550604,8.712503,8.520793,8.403239,8.259829,8.428389
opls_stress/fxa_set5/21331,7.925847586589361,data/fep/opls_stress/opls_stress_fxa_set5_21331.sdf,,data/fep/opls_stress/opls_stress_fxa_set5_protein.pdb,21331,-10.770000457763672,-10.43000030517578,0.2800000011920929,opls_stress/fxa_set5,opls_stress,786,opls_stress_fxa_set5_21331.sdf,opls_stress_fxa_set5_protein.pdb,8.361554,7.7284536,8.0837145,8.369339,8.252656,8.377278,8.771971,7.962497,8.291419,8.341325,8.25402
opls_stress/hc_bace2/37_0_ligand,4.9968897421727085,data/fep/opls_stress/opls_stress_hc_bace2_37_0_ligand.sdf,,data/fep/opls_stress/opls_stress_hc_bace2_protein.pdb,37_0_ligand,-6.789999961853027,-9.0,0.25,opls_stress/hc_bace2,opls_stress,787,opls_stress_hc_bace2_37_0_ligand.sdf,opls_stress_hc_bace2_protein.pdb,6.1264744,6.5365086,6.4073033,6.6611156,5.9628606,6.2308364,6.638546,6.7872357,6.2968917,6.4959154,6.4143686
opls_stress/hc_bace2/35_0_ligand,5.857914987006289,data/fep/opls_stress/opls_stress_hc_bace2_35_0_ligand.sdf,,data/fep/opls_stress/opls_stress_hc_bace2_protein.pdb,35_0_ligand,-7.960000038146973,-6.71999979019165,0.2800000011920929,opls_stress/hc_bace2,opls_stress,788,opls_stress_hc_bace2_35_0_ligand.sdf,opls_stress_hc_bace2_protein.pdb,6.5874505,6.5548153,6.519352,6.9774103,6.395671,7.241247,7.5098495,7.0069556,6.3118706,7.11821,6.8222833
opls_stress/hc_bace2/39_0_ligand,6.601193309781776,data/fep/opls_stress/opls_stress_hc_bace2_39_0_ligand.sdf,,data/fep/opls_stress/opls_stress_hc_bace2_protein.pdb,39_0_ligand,-8.970000267028809,-8.789999961853027,0.25,opls_stress/hc_bace2,opls_stress,789,opls_stress_hc_bace2_39_0_ligand.sdf,opls_stress_hc_bace2_protein.pdb,6.449874,6.430199,6.308161,6.80513,6.055643,6.753933,7.0289254,7.004397,6.388473,6.9456697,6.617041
opls_stress/hc_bace2/34_0_ligand,5.887351717520812,data/fep/opls_stress/opls_stress_hc_bace2_34_0_ligand.sdf,,data/fep/opls_stress/opls_stress_hc_bace2_protein.pdb,34_0_ligand,-8.0,-6.900000095367432,0.2800000011920929,opls_stress/hc_bace2,opls_stress,790,opls_stress_hc_bace2_34_0_ligand.sdf,opls_stress_hc_bace2_protein.pdb,6.666727,6.4750586,6.5807657,7.017644,6.3471212,6.620801,7.2575397,6.791366,5.908117,6.5182667,6.618341
opls_stress/hc_bace2/40_0_ligand,5.887351717520812,data/fep/opls_stress/opls_stress_hc_bace2_40_0_ligand.sdf,,data/fep/opls_stress/opls_stress_hc_bace2_protein.pdb,40_0_ligand,-8.0,-8.899999618530273,0.3199999928474426,opls_stress/hc_bace2,opls_stress,791,opls_stress_hc_bace2_40_0_ligand.sdf,opls_stress_hc_bace2_protein.pdb,6.7876573,6.5997887,6.6488485,7.3159747,6.1435905,6.9425488,7.47672,6.7845545,6.907652,6.657693,6.8265023
opls_stress/hc_bace2/30_0_ligand,6.027176012008045,data/fep/opls_stress/opls_stress_hc_bace2_30_0_ligand.sdf,,data/fep/opls_stress/opls_stress_hc_bace2_protein.pdb,30_0_ligand,-8.1899995803833,-8.859999656677246,0.25,opls_stress/hc_bace2,opls_stress,792,opls_stress_hc_bace2_30_0_ligand.sdf,opls_stress_hc_bace2_protein.pdb,6.1693716,6.4195046,6.453631,6.633177,5.8835893,6.496013,6.4419756,6.601574,6.4330335,6.611542,6.414341
opls_stress/hc_bace2/33_0_ligand,6.086050174864107,data/fep/opls_stress/opls_stress_hc_bace2_33_0_ligand.sdf,,data/fep/opls_stress/opls_stress_hc_bace2_protein.pdb,33_0_ligand,-8.270000457763672,-7.46999979019165,0.3000000119209289,opls_stress/hc_bace2,opls_stress,793,opls_stress_hc_bace2_33_0_ligand.sdf,opls_stress_hc_bace2_protein.pdb,6.3717003,6.841191,6.421007,6.8310575,6.1587925,6.591564,6.94757,7.146084,6.4600706,6.7725215,6.6541557
opls_stress/hc_bace2/41_0_ligand,5.997739281493521,data/fep/opls_stress/opls_stress_hc_bace2_41_0_ligand.sdf,,data/fep/opls_stress/opls_stress_hc_bace2_protein.pdb,41_0_ligand,-8.149999618530273,-8.489999771118164,0.2599999904632568,opls_stress/hc_bace2,opls_stress,794,opls_stress_hc_bace2_41_0_ligand.sdf,opls_stress_hc_bace2_protein.pdb,6.646614,6.3699193,6.5855865,7.253722,6.4969983,6.895893,7.2436414,6.8350973,6.310905,7.147829,6.7786207
opls_stress/hc_bace2/42_0_ligand,6.122845561637,data/fep/opls_stress/opls_stress_hc_bace2_42_0_ligand.sdf,,data/fep/opls_stress/opls_stress_hc_bace2_protein.pdb,42_0_ligand,-8.319999694824219,-7.28000020980835,0.25,opls_stress/hc_bace2,opls_stress,795,opls_stress_hc_bace2_42_0_ligand.sdf,opls_stress_hc_bace2_protein.pdb,6.860762,6.624282,6.5884585,7.1962686,6.205537,6.6641965,7.138613,6.83231,7.146594,6.553988,6.781101
opls_stress/hc_bace2/44_0_ligand,6.152282292151523,data/fep/opls_stress/opls_stress_hc_bace2_44_0_ligand.sdf,,data/fep/opls_stress/opls_stress_hc_bace2_protein.pdb,44_0_ligand,-8.359999656677246,-8.619999885559082,0.25,opls_stress/hc_bace2,opls_stress,796,opls_stress_hc_bace2_44_0_ligand.sdf,opls_stress_hc_bace2_protein.pdb,6.6188674,6.3119392,6.576121,6.979204,6.1874905,6.4197817,6.7835913,6.569861,5.951477,6.584694,6.4983034
opls_stress/fxa_set4/1s,7.050103625585013,data/fep/opls_stress/opls_stress_fxa_set4_1s.sdf,,data/fep/opls_stress/opls_stress_fxa_set4_protein.pdb,1s,-9.579999923706056,-7.949999809265137,0.1299999952316284,opls_stress/fxa_set4,opls_stress,797,opls_stress_fxa_set4_1s.sdf,opls_stress_fxa_set4_protein.pdb,7.0857162,7.1695065,7.020059,7.323498,7.1999397,6.6666265,7.6333017,6.9190254,7.3445053,6.7896137,7.1151795
opls_stress/fxa_set4/21080_1j,6.79253170721267,data/fep/opls_stress/opls_stress_fxa_set4_21080_1j.sdf,,data/fep/opls_stress/opls_stress_fxa_set4_protein.pdb,21080_1j,-9.229999542236328,-10.369999885559082,0.1299999952316284,opls_stress/fxa_set4,opls_stress,798,opls_stress_fxa_set4_21080_1j.sdf,opls_stress_fxa_set4_protein.pdb,7.132618,7.1068115,7.0496655,7.165557,7.2618003,7.074748,7.467574,7.308175,7.361146,7.4000006,7.2328095
opls_stress/fxa_set4/21030_1o,6.549678505011098,data/fep/opls_stress/opls_stress_fxa_set4_21030_1o.sdf,,data/fep/opls_stress/opls_stress_fxa_set4_protein.pdb,21030_1o,-8.899999618530273,-8.460000038146973,0.1299999952316284,opls_stress/fxa_set4,opls_stress,799,opls_stress_fxa_set4_21030_1o.sdf,opls_stress_fxa_set4_protein.pdb,7.2164173,7.0156693,6.9615026,6.9525113,7.195557,6.6376224,7.8193197,7.3975573,6.999581,7.0001335,7.119588
opls_stress/fxa_set4/21028_1r,6.954434075956057,data/fep/opls_stress/opls_stress_fxa_set4_21028_1r.sdf,,data/fep/opls_stress/opls_stress_fxa_set4_protein.pdb,21028_1r,-9.449999809265137,-10.229999542236328,0.1299999952316284,opls_stress/fxa_set4,opls_stress,800,opls_stress_fxa_set4_21028_1r.sdf,opls_stress_fxa_set4_protein.pdb,6.838724,7.173658,6.952264,7.031944,7.1222196,6.6793365,7.740704,6.8235807,6.869786,7.084284,7.0316496
opls_stress/fxa_set4/21027_1q,5.3795675897750215,data/fep/opls_stress/opls_stress_fxa_set4_21027_1q.sdf,,data/fep/opls_stress/opls_stress_fxa_set4_protein.pdb,21027_1q,-7.309999942779541,-8.319999694824219,0.1299999952316284,opls_stress/fxa_set4,opls_stress,801,opls_stress_fxa_set4_21027_1q.sdf,opls_stress_fxa_set4_protein.pdb,6.9125347,7.351048,7.1320477,7.4461527,7.5150104,6.867552,7.988818,7.248432,6.951804,7.4992294,7.2912626
opls_stress/fxa_set4/1t,6.770454334783532,data/fep/opls_stress/opls_stress_fxa_set4_1t.sdf,,data/fep/opls_stress/opls_stress_fxa_set4_protein.pdb,1t,-9.199999809265137,-8.479999542236328,0.1299999952316284,opls_stress/fxa_set4,opls_stress,802,opls_stress_fxa_set4_1t.sdf,opls_stress_fxa_set4_protein.pdb,7.1375785,7.0595512,7.083041,7.253401,7.402863,6.710048,7.8508806,6.8120885,7.250907,6.6281996,7.1188555
opls_stress/fxa_set4/16352_1e,7.822818678875021,data/fep/opls_stress/opls_stress_fxa_set4_16352_1e.sdf,,data/fep/opls_stress/opls_stress_fxa_set4_protein.pdb,16352_1e,-10.630000114440918,-10.800000190734863,0.1299999952316284,opls_stress/fxa_set4,opls_stress,803,opls_stress_fxa_set4_16352_1e.sdf,opls_stress_fxa_set4_protein.pdb,7.5291753,7.158643,7.2475414,7.007149,7.4770627,7.3141932,7.9517922,7.6619005,7.344028,7.4040923,7.4095573
opls_stress/fxa_set4/21081_1k,5.541469958518408,data/fep/opls_stress/opls_stress_fxa_set4_21081_1k.sdf,,data/fep/opls_stress/opls_stress_fxa_set4_protein.pdb,21081_1k,-7.53000020980835,-8.260000228881836,0.1299999952316284,opls_stress/fxa_set4,opls_stress,804,opls_stress_fxa_set4_21081_1k.sdf,opls_stress_fxa_set4_protein.pdb,7.43238,7.4656863,6.986062,7.269725,7.115716,7.09563,7.525913,7.5313945,7.56644,7.4694147,7.3458357
opls_stress/fxa_set4/21031_1p,6.108127547293246,data/fep/opls_stress/opls_stress_fxa_set4_21031_1p.sdf,,data/fep/opls_stress/opls_stress_fxa_set4_protein.pdb,21031_1p,-8.300000190734863,-6.659999847412109,0.1299999952316284,opls_stress/fxa_set4,opls_stress,805,opls_stress_fxa_set4_21031_1p.sdf,opls_stress_fxa_set4_protein.pdb,7.4249983,7.0840354,6.817593,7.0702124,7.1716995,6.930768,7.7503424,7.3863435,7.1719556,7.1375065,7.1945457
opls_stress/fxa_set4/16353_1d,7.329752916386492,data/fep/opls_stress/opls_stress_fxa_set4_16353_1d.sdf,,data/fep/opls_stress/opls_stress_fxa_set4_protein.pdb,16353_1d,-9.960000038146973,-9.81999969482422,0.1299999952316284,opls_stress/fxa_set4,opls_stress,806,opls_stress_fxa_set4_16353_1d.sdf,opls_stress_fxa_set4_protein.pdb,7.738233,7.344767,7.1800327,7.21991,7.5357895,7.1509695,7.883782,7.559467,7.347044,7.286036,7.4246025
opls_stress/fxa_set4/21082_1l,5.438441050804069,data/fep/opls_stress/opls_stress_fxa_set4_21082_1l.sdf,,data/fep/opls_stress/opls_stress_fxa_set4_protein.pdb,21082_1l,-7.389999866485596,-8.130000114440918,0.1299999952316284,opls_stress/fxa_set4,opls_stress,807,opls_stress_fxa_set4_21082_1l.sdf,opls_stress_fxa_set4_protein.pdb,7.278952,7.452642,7.131224,7.3072104,7.3729715,7.221634,7.6959496,7.1311836,7.5169744,7.71131,7.382005
opls_stress/chk1_set2/17374_cys,9.19636643655009,data/fep/opls_stress/opls_stress_chk1_set2_17374_cys.sdf,,data/fep/opls_stress/opls_stress_chk1_set2_protein.pdb,17374_cys,-12.49643898010254,-12.4399995803833,0.2800000011920929,opls_stress/chk1_set2,opls_stress,808,opls_stress_chk1_set2_17374_cys.sdf,opls_stress_chk1_set2_protein.pdb,8.992592,8.848024,9.245795,9.223184,9.0407295,9.045635,8.985728,8.878991,9.029022,8.8474865,9.01372
opls_stress/chk1_set2/17509,8.374982487037583,data/fep/opls_stress/opls_stress_chk1_set2_17509.sdf,,data/fep/opls_stress/opls_stress_chk1_set2_protein.pdb,17509,-11.380305290222168,-11.43000030517578,0.2800000011920929,opls_stress/chk1_set2,opls_stress,809,opls_stress_chk1_set2_17509.sdf,opls_stress_chk1_set2_protein.pdb,8.604343,7.752764,8.313271,8.659224,8.1178255,8.518325,8.047666,8.272317,8.688838,8.264866,8.323944
opls_stress/chk1_set3/23882,8.008080658005014,data/fep/opls_stress/opls_stress_chk1_set3_23882.sdf,,data/fep/opls_stress/opls_stress_chk1_set3_protein.pdb,23882,-10.881742477416992,-10.3100004196167,0.209999993443489,opls_stress/chk1_set3,opls_stress,810,opls_stress_chk1_set3_23882.sdf,opls_stress_chk1_set3_protein.pdb,7.6476903,7.918178,8.033154,7.7721434,7.973523,7.877701,7.6231875,7.9917564,7.7408557,7.8652816,7.8443465
opls_stress/chk1_set3/23703_cys,8.163139511519468,data/fep/opls_stress/opls_stress_chk1_set3_23703_cys.sdf,,data/fep/opls_stress/opls_stress_chk1_set3_protein.pdb,23703_cys,-11.092443466186523,-11.130000114440918,0.209999993443489,opls_stress/chk1_set3,opls_stress,811,opls_stress_chk1_set3_23703_cys.sdf,opls_stress_chk1_set3_protein.pdb,7.9321804,7.9160366,8.382016,8.030034,7.6770887,7.8143334,7.5858216,8.24064,7.798372,7.9143724,7.92909
opls_stress/chk1_set3/23864,8.406422933681592,data/fep/opls_stress/opls_stress_chk1_set3_23864.sdf,,data/fep/opls_stress/opls_stress_chk1_set3_protein.pdb,23864,-11.423027992248535,-11.739999771118164,0.2000000029802322,opls_stress/chk1_set3,opls_stress,812,opls_stress_chk1_set3_23864.sdf,opls_stress_chk1_set3_protein.pdb,7.808408,8.039092,7.8648305,7.8541994,7.4348335,8.272592,7.8002596,8.208975,7.755826,7.543516,7.8582535
opls_stress/chk1_set3/23863,8.23015346410224,data/fep/opls_stress/opls_stress_chk1_set3_23863.sdf,,data/fep/opls_stress/opls_stress_chk1_set3_protein.pdb,23863,-11.183505058288574,-11.40999984741211,0.209999993443489,opls_stress/chk1_set3,opls_stress,813,opls_stress_chk1_set3_23863.sdf,opls_stress_chk1_set3_protein.pdb,7.92801,8.06827,7.8740497,7.82877,7.4510665,8.045695,7.7338862,8.481428,7.55121,7.62581,7.8588195
opls_stress/chk1_set7/19997,7.928819824000348,data/fep/opls_stress/opls_stress_chk1_set7_19997.sdf,,data/fep/opls_stress/opls_stress_chk1_set7_protein.pdb,19997,-10.774039268493652,-10.140000343322754,0.2300000041723251,opls_stress/chk1_set7,opls_stress,814,opls_stress_chk1_set7_19997.sdf,opls_stress_chk1_set7_protein.pdb,7.1719117,7.358975,7.4506497,7.3432093,7.6706233,7.82491,7.898254,7.4835734,7.257583,7.9075456,7.536723
opls_stress/chk1_set7/19998,6.581759719720331,data/fep/opls_stress/opls_stress_chk1_set7_19998.sdf,,data/fep/opls_stress/opls_stress_chk1_set7_protein.pdb,19998,-8.94359302520752,-10.010000228881836,0.2300000041723251,opls_stress/chk1_set7,opls_stress,815,opls_stress_chk1_set7_19998.sdf,opls_stress_chk1_set7_protein.pdb,6.902282,7.0401354,6.99887,6.690619,7.3501725,7.303924,7.57028,7.495961,7.2334356,7.511509,7.209718
opls_stress/chk1_set7/19934_cys,7.894022538740815,data/fep/opls_stress/opls_stress_chk1_set7_19934_cys.sdf,,data/fep/opls_stress/opls_stress_chk1_set7_protein.pdb,19934_cys,-10.726755142211914,-10.300000190734863,0.2300000041723251,opls_stress/chk1_set7,opls_stress,816,opls_stress_chk1_set7_19934_cys.sdf,opls_stress_chk1_set7_protein.pdb,7.5569057,7.3476295,7.4861927,7.2630553,7.821894,8.133929,7.9606,7.666908,7.5976295,8.407895,7.7242646
opls_stress/chk1_set6/23708_cys,7.131054459043197,data/fep/opls_stress/opls_stress_chk1_set6_23708_cys.sdf,,data/fep/opls_stress/opls_stress_chk1_set6_protein.pdb,23708_cys,-9.6899995803833,-10.5600004196167,0.3600000143051147,opls_stress/chk1_set6,opls_stress,817,opls_stress_chk1_set6_23708_cys.sdf,opls_stress_chk1_set6_protein.pdb,6.774426,7.09725,7.104969,6.8097267,7.180823,6.5592747,6.98677,6.7746906,7.049214,6.7759943,6.9113135
opls_stress/chk1_set6/13,4.724599809456613,data/fep/opls_stress/opls_stress_chk1_set6_13.sdf,,data/fep/opls_stress/opls_stress_chk1_set6_protein.pdb,13,-6.420000076293945,-6.460000038146973,0.3600000143051147,opls_stress/chk1_set6,opls_stress,818,opls_stress_chk1_set6_13.sdf,opls_stress_chk1_set6_protein.pdb,6.373225,6.346189,6.470956,6.4640045,6.381613,6.615071,6.488714,6.4283514,6.753638,6.09646,6.441822
opls_stress/chk1_set6/15,5.526751593261146,data/fep/opls_stress/opls_stress_chk1_set6_15.sdf,,data/fep/opls_stress/opls_stress_chk1_set6_protein.pdb,15,-7.510000228881836,-6.599999904632568,0.3600000143051147,opls_stress/chk1_set6,opls_stress,819,opls_stress_chk1_set6_15.sdf,opls_stress_chk1_set6_protein.pdb,6.763546,6.482649,6.2862597,6.812256,6.529894,6.236521,6.55634,6.8966923,6.8379703,7.3412333,6.6743364
opls_stress/chk1_set4/23704_cys,8.309414999933923,data/fep/opls_stress/opls_stress_chk1_set4_23704_cys.sdf,,data/fep/opls_stress/opls_stress_chk1_set4_protein.pdb,23704_cys,-11.29120922088623,-10.960000038146973,0.2899999916553497,opls_stress/chk1_set4,opls_stress,820,opls_stress_chk1_set4_23704_cys.sdf,opls_stress_chk1_set4_protein.pdb,7.9502106,7.843938,8.243905,7.66939,7.8165507,8.227415,8.117867,7.8364644,8.019352,7.796284,7.9521384
opls_stress/chk1_set4/23873,7.966646194659129,data/fep/opls_stress/opls_stress_chk1_set4_23873.sdf,,data/fep/opls_stress/opls_stress_chk1_set4_protein.pdb,23873,-10.825439453125,-11.15999984741211,0.2899999916553497,opls_stress/chk1_set4,opls_stress,821,opls_stress_chk1_set4_23873.sdf,opls_stress_chk1_set4_protein.pdb,7.9963436,8.027369,8.37889,7.8469086,7.8846354,8.123877,8.033667,8.005764,8.158033,8.106526,8.056202
opls_stress/chk1_set5/20315,8.053884696349908,data/fep/opls_stress/opls_stress_chk1_set5_20315.sdf,,data/fep/opls_stress/opls_stress_chk1_set5_protein.pdb,20315,-10.94398307800293,-10.119999885559082,0.2300000041723251,opls_stress/chk1_set5,opls_stress,822,opls_stress_chk1_set5_20315.sdf,opls_stress_chk1_set5_protein.pdb,7.944047,8.226543,7.4616084,6.961015,7.681176,7.6699433,7.6818194,7.33363,7.503617,7.4960246,7.5959425
opls_stress/chk1_set5/19939_cys,8.531487806031151,data/fep/opls_stress/opls_stress_chk1_set5_19939_cys.sdf,,data/fep/opls_stress/opls_stress_chk1_set5_protein.pdb,19939_cys,-11.592971801757812,-11.979999542236328,0.2300000041723251,opls_stress/chk1_set5,opls_stress,823,opls_stress_chk1_set5_19939_cys.sdf,opls_stress_chk1_set5_protein.pdb,7.975476,8.309668,7.5745854,7.7020817,7.685962,7.95592,8.067919,7.746251,7.400404,7.387208,7.780547
opls_stress/chk1_set5/19940,9.009090915712394,data/fep/opls_stress/opls_stress_chk1_set5_19940.sdf,,data/fep/opls_stress/opls_stress_chk1_set5_protein.pdb,19940,-12.241960525512695,-12.68000030517578,0.2300000041723251,opls_stress/chk1_set5,opls_stress,824,opls_stress_chk1_set5_19940.sdf,opls_stress_chk1_set5_protein.pdb,8.147672,8.069062,7.3442287,7.804457,7.7154546,7.884018,8.148971,7.4864707,7.7462816,7.566926,7.791354
opls_stress/pb_bace3/22316,5.796333877351129,data/fep/opls_stress/opls_stress_pb_bace3_22316.sdf,,data/fep/opls_stress/opls_stress_pb_bace3_protein.pdb,22316,-7.876320838928223,-8.029999732971191,0.270000010728836,opls_stress/pb_bace3,opls_stress,825,opls_stress_pb_bace3_22316.sdf,opls_stress_pb_bace3_protein.pdb,7.1986704,6.9469852,6.958183,6.570379,7.2588596,7.184179,7.8926954,6.8271766,6.7859807,7.4429617,7.1066065
opls_stress/pb_bace3/22320,5.521271727923488,data/fep/opls_stress/opls_stress_pb_bace3_22320.sdf,,data/fep/opls_stress/opls_stress_pb_bace3_protein.pdb,22320,-7.502553939819336,-6.860000133514404,0.2800000011920929,opls_stress/pb_bace3,opls_stress,826,opls_stress_pb_bace3_22320.sdf,opls_stress_pb_bace3_protein.pdb,7.3545976,7.315864,7.6702337,7.095398,7.4844713,7.1157928,8.236005,7.264619,7.423142,7.5541615,7.4514284
opls_stress/pb_bace3/22319,5.033803737711235,data/fep/opls_stress/opls_stress_pb_bace3_22319.sdf,,data/fep/opls_stress/opls_stress_pb_bace3_protein.pdb,22319,-6.840160369873047,-7.050000190734863,0.2800000011920929,opls_stress/pb_bace3,opls_stress,827,opls_stress_pb_bace3_22319.sdf,opls_stress_pb_bace3_protein.pdb,7.348435,7.3581514,7.038118,7.139303,7.315353,7.3991313,8.17876,7.248271,7.2517385,7.788016,7.4065275
opls_stress/pb_bace3/19678_cys,6.334294110372359,data/fep/opls_stress/opls_stress_pb_bace3_19678_cys.sdf,,data/fep/opls_stress/opls_stress_pb_bace3_protein.pdb,19678_cys,-8.607325553894043,-8.890000343322754,0.2599999904632568,opls_stress/pb_bace3,opls_stress,828,opls_stress_pb_bace3_19678_cys.sdf,opls_stress_pb_bace3_protein.pdb,7.7179327,7.340789,7.1595283,6.849984,7.459584,7.6703734,8.401603,7.495406,7.3278313,7.6835103,7.5106544
opls_stress/chk1_set1/19967,7.752550354420998,data/fep/opls_stress/opls_stress_chk1_set1_19967.sdf,,data/fep/opls_stress/opls_stress_chk1_set1_protein.pdb,19967,-10.534516334533691,-11.640000343322754,0.2300000041723251,opls_stress/chk1_set1,opls_stress,829,opls_stress_chk1_set1_19967.sdf,opls_stress_chk1_set1_protein.pdb,7.5745044,7.558383,7.471034,7.18289,7.342867,7.2019978,7.5265927,7.0712023,7.1703315,7.6647763,7.376458
opls_stress/chk1_set1/17353_cys,8.163139511519468,data/fep/opls_stress/opls_stress_chk1_set1_17353_cys.sdf,,data/fep/opls_stress/opls_stress_chk1_set1_protein.pdb,17353_cys,-11.092443466186523,-11.390000343322754,0.2300000041723251,opls_stress/chk1_set1,opls_stress,830,opls_stress_chk1_set1_17353_cys.sdf,opls_stress_chk1_set1_protein.pdb,6.877013,7.4211383,6.837728,7.22538,7.2608438,7.07228,7.25034,7.150653,6.9258533,7.389056,7.1410284
opls_stress/chk1_set1/19971,7.609739084155452,data/fep/opls_stress/opls_stress_chk1_set1_19971.sdf,,data/fep/opls_stress/opls_stress_chk1_set1_protein.pdb,19971,-10.340457916259766,-8.9399995803833,0.2300000041723251,opls_stress/chk1_set1,opls_stress,831,opls_stress_chk1_set1_19971.sdf,opls_stress_chk1_set1_protein.pdb,6.925292,7.4395647,6.815535,7.68388,7.513201,7.533289,7.3181043,7.3474517,7.1241217,7.5802827,7.3280716
merck/pfkfb3_automap/43,5.885633294073162,data/fep/merck/merck_pfkfb3_automap_43.sdf,,data/fep/merck/merck_pfkfb3_automap_protein.pdb,43,-7.997664928436279,-9.75,0.0700000002980232,merck/pfkfb3_automap,merck,832,merck_pfkfb3_automap_43.sdf,merck_pfkfb3_automap_protein.pdb,7.0288205,6.788699,7.0154014,7.537496,7.4280834,6.757126,7.6957,6.999669,6.942581,7.1177716,7.131135
merck/pfkfb3_automap/30 flip b,6.769122968934973,data/fep/merck/merck_pfkfb3_automap_30_flip_b.sdf,,data/fep/merck/merck_pfkfb3_automap_protein.pdb,30 flip b,-9.198190689086914,-8.979999542236328,0.0700000002980232,merck/pfkfb3_automap,merck,833,merck_pfkfb3_automap_30_flip_b.sdf,merck_pfkfb3_automap_protein.pdb,6.348323,6.1865454,6.955978,6.12724,5.9760265,5.6311607,7.07783,6.2308946,5.98569,6.6703315,6.319002
merck/pfkfb3_automap/65,6.982323277901223,data/fep/merck/merck_pfkfb3_automap_65.sdf,,data/fep/merck/merck_pfkfb3_automap_protein.pdb,65,-9.487896919250488,-10.510000228881836,0.0700000002980232,merck/pfkfb3_automap,merck,834,merck_pfkfb3_automap_65.sdf,merck_pfkfb3_automap_protein.pdb,7.1117163,6.960035,7.2702985,7.7140594,7.374202,7.2211,7.43671,7.3084216,7.8117657,7.5574903,7.3765793
merck/pfkfb3_automap/49,5.838995836147266,data/fep/merck/merck_pfkfb3_automap_49.sdf,,data/fep/merck/merck_pfkfb3_automap_protein.pdb,49,-7.934291839599609,-7.320000171661377,0.0700000002980232,merck/pfkfb3_automap,merck,835,merck_pfkfb3_automap_49.sdf,merck_pfkfb3_automap_protein.pdb,6.4433727,6.099746,6.463045,6.589277,6.0789847,6.3376584,6.892231,6.341343,6.226119,5.960202,6.343198
merck/pfkfb3_automap/24,6.527534459015478,data/fep/merck/merck_pfkfb3_automap_24.sdf,,data/fep/merck/merck_pfkfb3_automap_protein.pdb,24,-8.869909286499023,-9.0600004196167,0.0700000002980232,merck/pfkfb3_automap,merck,836,merck_pfkfb3_automap_24.sdf,merck_pfkfb3_automap_protein.pdb,6.5474396,6.6633434,6.7560716,6.419789,6.066128,6.523844,6.7202535,6.7104616,6.324799,6.7177296,6.544986
merck/pfkfb3_automap/67,7.538486096398566,data/fep/merck/merck_pfkfb3_automap_67.sdf,,data/fep/merck/merck_pfkfb3_automap_protein.pdb,67,-10.24363613128662,-11.890000343322754,0.0700000002980232,merck/pfkfb3_automap,merck,837,merck_pfkfb3_automap_67.sdf,merck_pfkfb3_automap_protein.pdb,7.011286,6.5064473,7.133542,7.5719047,7.028744,6.7447333,7.628534,7.0261407,7.6746254,7.0779343,7.1403894
merck/pfkfb3_automap/62 flip,5.6604956093988905,data/fep/merck/merck_pfkfb3_automap_62_flip.sdf,,data/fep/merck/merck_pfkfb3_automap_protein.pdb,62 flip,-7.691737651824951,-7.920000076293945,0.0700000002980232,merck/pfkfb3_automap,merck,838,merck_pfkfb3_automap_62_flip.sdf,merck_pfkfb3_automap_protein.pdb,7.481761,6.300079,7.003256,7.43735,6.8450346,6.858452,7.198421,7.1240005,6.7452917,6.9315715,6.992522
merck/pfkfb3_automap/56,7.775514134370815,data/fep/merck/merck_pfkfb3_automap_56.sdf,,data/fep/merck/merck_pfkfb3_automap_protein.pdb,56,-10.565720558166504,-10.890000343322754,0.0700000002980232,merck/pfkfb3_automap,merck,839,merck_pfkfb3_automap_56.sdf,merck_pfkfb3_automap_protein.pdb,6.9058604,6.8989763,7.3634896,7.0803695,6.618848,6.888034,7.076974,7.221639,6.974014,7.157146,7.0185347
merck/pfkfb3_automap/59,5.97210785705748,data/fep/merck/merck_pfkfb3_automap_59.sdf,,data/fep/merck/merck_pfkfb3_automap_protein.pdb,59,-8.1151704788208,-7.690000057220459,0.0700000002980232,merck/pfkfb3_automap,merck,840,merck_pfkfb3_automap_59.sdf,merck_pfkfb3_automap_protein.pdb,6.7499123,6.3895063,6.806028,7.1412425,6.538225,6.7584114,7.376393,6.1937423,6.59855,6.913988,6.7465997
merck/pfkfb3_automap/38,6.4457379240035175,data/fep/merck/merck_pfkfb3_automap_38.sdf,,data/fep/merck/merck_pfkfb3_automap_protein.pdb,38,-8.758760452270508,-7.199999809265137,0.0700000002980232,merck/pfkfb3_automap,merck,841,merck_pfkfb3_automap_38.sdf,merck_pfkfb3_automap_protein.pdb,6.399736,6.3409677,6.6325493,6.8565354,6.7298217,5.8451138,7.186278,6.3960557,6.535897,5.912066,6.4835024
merck/pfkfb3_automap/31,6.8311476332639804,data/fep/merck/merck_pfkfb3_automap_31.sdf,,data/fep/merck/merck_pfkfb3_automap_protein.pdb,31,-9.282472610473633,-9.449999809265137,0.0700000002980232,merck/pfkfb3_automap,merck,842,merck_pfkfb3_automap_31.sdf,merck_pfkfb3_automap_protein.pdb,6.6840405,6.7029777,6.8599625,6.5740767,6.7257395,6.1620374,7.08972,7.027368,6.439187,6.5347166,6.679982
merck/pfkfb3_automap/48,5.892031500060708,data/fep/merck/merck_pfkfb3_automap_48.sdf,,data/fep/merck/merck_pfkfb3_automap_protein.pdb,48,-8.006359100341797,-6.650000095367432,0.0700000002980232,merck/pfkfb3_automap,merck,843,merck_pfkfb3_automap_48.sdf,merck_pfkfb3_automap_protein.pdb,6.6345367,6.1146717,7.01852,7.25419,7.0963907,6.365912,7.3968997,6.8820434,6.39153,6.2747245,6.742942
merck/pfkfb3_automap/58,6.721261173780395,data/fep/merck/merck_pfkfb3_automap_58.sdf,,data/fep/merck/merck_pfkfb3_automap_protein.pdb,58,-9.133153915405272,-8.350000381469727,0.0700000002980232,merck/pfkfb3_automap,merck,844,merck_pfkfb3_automap_58.sdf,merck_pfkfb3_automap_protein.pdb,6.8234267,6.4613986,6.6438775,7.729213,6.717911,6.661391,7.2044554,6.846753,7.0907307,7.5927067,6.9771867
merck/pfkfb3_automap/41,5.4367429803398695,data/fep/merck/merck_pfkfb3_automap_41.sdf,,data/fep/merck/merck_pfkfb3_automap_protein.pdb,41,-7.387692451477051,-9.239999771118164,0.0700000002980232,merck/pfkfb3_automap,merck,845,merck_pfkfb3_automap_41.sdf,merck_pfkfb3_automap_protein.pdb,7.0681634,7.2397957,6.8956585,7.7525363,6.866768,7.32468,8.268652,7.5733137,6.9310317,7.0422263,7.296283
merck/pfkfb3_automap/29,7.098687600738621,data/fep/merck/merck_pfkfb3_automap_29.sdf,,data/fep/merck/merck_pfkfb3_automap_protein.pdb,29,-9.646018028259276,-9.119999885559082,0.0700000002980232,merck/pfkfb3_automap,merck,846,merck_pfkfb3_automap_29.sdf,merck_pfkfb3_automap_protein.pdb,6.9210625,6.7033224,7.208251,7.254772,6.5664945,6.435564,7.3774657,6.397568,6.7950163,6.84284,6.850236
merck/pfkfb3_automap/54,6.019512762824913,data/fep/merck/merck_pfkfb3_automap_54.sdf,,data/fep/merck/merck_pfkfb3_automap_protein.pdb,54,-8.179586410522461,-6.860000133514404,0.0700000002980232,merck/pfkfb3_automap,merck,847,merck_pfkfb3_automap_54.sdf,merck_pfkfb3_automap_protein.pdb,6.1522455,6.074229,7.1622515,7.3705974,6.1773143,5.901103,7.1528053,6.695329,6.7700763,6.8928595,6.634881
merck/pfkfb3_automap/47,6.132744831691773,data/fep/merck/merck_pfkfb3_automap_47.sdf,,data/fep/merck/merck_pfkfb3_automap_protein.pdb,47,-8.333451271057129,-6.630000114440918,0.0700000002980232,merck/pfkfb3_automap,merck,848,merck_pfkfb3_automap_47.sdf,merck_pfkfb3_automap_protein.pdb,6.858105,6.2348504,6.893226,7.3974557,6.914794,6.74621,8.049594,7.1014347,6.6350794,7.060307,6.989106
merck/pfkfb3_automap/26,6.74796428806923,data/fep/merck/merck_pfkfb3_automap_26.sdf,,data/fep/merck/merck_pfkfb3_automap_protein.pdb,26,-9.169439315795898,-9.31999969482422,0.0700000002980232,merck/pfkfb3_automap,merck,849,merck_pfkfb3_automap_26.sdf,merck_pfkfb3_automap_protein.pdb,6.7325344,6.390014,6.683137,6.157511,6.0384383,6.5042486,6.343089,6.6509347,6.313483,6.618672,6.443207
merck/pfkfb3_automap/55,7.826869624408958,data/fep/merck/merck_pfkfb3_automap_55.sdf,,data/fep/merck/merck_pfkfb3_automap_protein.pdb,55,-10.635504722595217,-11.5,0.0700000002980232,merck/pfkfb3_automap,merck,850,merck_pfkfb3_automap_55.sdf,merck_pfkfb3_automap_protein.pdb,7.1088333,6.1396017,7.5430293,7.588359,7.3133063,6.8338194,7.305291,7.368922,7.2235417,7.4694448,7.189415
merck/pfkfb3_automap/20,6.267419119538671,data/fep/merck/merck_pfkfb3_automap_20.sdf,,data/fep/merck/merck_pfkfb3_automap_protein.pdb,20,-8.51645278930664,-8.069999694824219,0.0700000002980232,merck/pfkfb3_automap,merck,851,merck_pfkfb3_automap_20.sdf,merck_pfkfb3_automap_protein.pdb,6.6454873,6.3516636,6.599789,6.9990506,6.940011,6.8421435,7.4205236,6.890296,6.481104,6.5156493,6.7685714
merck/pfkfb3_automap/57,7.708300862915617,data/fep/merck/merck_pfkfb3_automap_57.sdf,,data/fep/merck/merck_pfkfb3_automap_protein.pdb,57,-10.474388122558594,-10.199999809265137,0.0700000002980232,merck/pfkfb3_automap,merck,852,merck_pfkfb3_automap_57.sdf,merck_pfkfb3_automap_protein.pdb,7.605368,6.62413,7.2656875,8.025032,7.4371014,7.0725093,7.712507,7.040025,7.57346,7.0740867,7.342991
merck/pfkfb3_automap/42,6.230880601453481,data/fep/merck/merck_pfkfb3_automap_42.sdf,,data/fep/merck/merck_pfkfb3_automap_protein.pdb,42,-8.466802597045898,-8.90999984741211,0.0700000002980232,merck/pfkfb3_automap,merck,853,merck_pfkfb3_automap_42.sdf,merck_pfkfb3_automap_protein.pdb,6.666691,5.974678,6.495222,7.222076,6.240802,6.5197706,7.2571597,6.3848596,6.6060457,6.328569,6.5695877
merck/pfkfb3_automap/35,7.461341270845879,data/fep/merck/merck_pfkfb3_automap_35.sdf,,data/fep/merck/merck_pfkfb3_automap_protein.pdb,35,-10.138808250427246,-9.9399995803833,0.0700000002980232,merck/pfkfb3_automap,merck,854,merck_pfkfb3_automap_35.sdf,merck_pfkfb3_automap_protein.pdb,6.952484,6.343491,7.1851053,7.247932,6.5933166,6.261054,7.1414084,6.4733677,6.7459016,6.8625083,6.7806573
merck/pfkfb3_automap/44,7.321418720576465,data/fep/merck/merck_pfkfb3_automap_44.sdf,,data/fep/merck/merck_pfkfb3_automap_protein.pdb,44,-9.948675155639648,-8.960000038146973,0.0700000002980232,merck/pfkfb3_automap,merck,855,merck_pfkfb3_automap_44.sdf,merck_pfkfb3_automap_protein.pdb,6.866699,6.4556103,7.0367613,7.3359623,7.009884,6.710764,7.549123,6.819719,6.94572,6.741321,6.947156
merck/pfkfb3_automap/63,6.300670981709893,data/fep/merck/merck_pfkfb3_automap_63.sdf,,data/fep/merck/merck_pfkfb3_automap_protein.pdb,63,-8.561636924743652,-9.729999542236328,0.0700000002980232,merck/pfkfb3_automap,merck,856,merck_pfkfb3_automap_63.sdf,merck_pfkfb3_automap_protein.pdb,7.293702,6.8521166,7.3388743,7.618028,7.2150764,7.479961,7.689476,7.4730763,7.2496986,6.9276924,7.3137693
merck/pfkfb3_automap/69,7.885092491794558,data/fep/merck/merck_pfkfb3_automap_69.sdf,,data/fep/merck/merck_pfkfb3_automap_protein.pdb,69,-10.71462059020996,-11.210000038146973,0.0700000002980232,merck/pfkfb3_automap,merck,857,merck_pfkfb3_automap_69.sdf,merck_pfkfb3_automap_protein.pdb,7.476893,6.4929094,7.63881,7.477339,7.1802225,6.507723,6.890399,6.9978786,6.76883,7.551238,7.0982237
merck/pfkfb3_automap/52,7.65007869735703,data/fep/merck/merck_pfkfb3_automap_52.sdf,,data/fep/merck/merck_pfkfb3_automap_protein.pdb,52,-10.395273208618164,-8.350000381469727,0.0700000002980232,merck/pfkfb3_automap,merck,858,merck_pfkfb3_automap_52.sdf,merck_pfkfb3_automap_protein.pdb,7.153386,6.432183,7.639473,7.50342,6.9690647,5.9823823,7.428219,6.826301,6.5313478,7.447209,6.9912987
merck/pfkfb3_automap/19,5.556767681977032,data/fep/merck/merck_pfkfb3_automap_19.sdf,,data/fep/merck/merck_pfkfb3_automap_protein.pdb,19,-7.550787448883057,-7.510000228881836,0.0700000002980232,merck/pfkfb3_automap,merck,859,merck_pfkfb3_automap_19.sdf,merck_pfkfb3_automap_protein.pdb,6.893272,6.466508,7.238515,6.7843304,6.472571,6.4664965,6.664339,6.622387,6.1046786,6.5268717,6.6239967
merck/pfkfb3_automap/68,7.195983283562679,data/fep/merck/merck_pfkfb3_automap_68.sdf,,data/fep/merck/merck_pfkfb3_automap_protein.pdb,68,-9.778227806091309,-12.279999732971191,0.0700000002980232,merck/pfkfb3_automap,merck,860,merck_pfkfb3_automap_68.sdf,merck_pfkfb3_automap_protein.pdb,7.543598,6.3509307,6.718281,7.4916363,6.6637564,6.5815063,7.5208125,6.8078666,7.0655794,6.792392,6.953635
merck/pfkfb3_automap/33,6.333997237544768,data/fep/merck/merck_pfkfb3_automap_33.sdf,,data/fep/merck/merck_pfkfb3_automap_protein.pdb,33,-8.606922149658203,-9.510000228881836,0.0700000002980232,merck/pfkfb3_automap,merck,861,merck_pfkfb3_automap_33.sdf,merck_pfkfb3_automap_protein.pdb,6.2633977,6.321401,6.7389026,6.410634,6.327463,6.168781,6.8631334,6.7526827,6.4794364,6.893012,6.521884
merck/pfkfb3_automap/70,7.582866127728846,data/fep/merck/merck_pfkfb3_automap_70.sdf,,data/fep/merck/merck_pfkfb3_automap_protein.pdb,70,-10.30394172668457,-10.1899995803833,0.0700000002980232,merck/pfkfb3_automap,merck,862,merck_pfkfb3_automap_70.sdf,merck_pfkfb3_automap_protein.pdb,7.0603356,6.6865797,7.1615677,7.3084626,7.1840525,6.678361,7.1176114,6.8877764,6.938182,7.046055,7.0068984
merck/pfkfb3_automap/53,5.149693274572593,data/fep/merck/merck_pfkfb3_automap_53.sdf,,data/fep/merck/merck_pfkfb3_automap_protein.pdb,53,-6.997636318206787,-7.210000038146973,0.0700000002980232,merck/pfkfb3_automap,merck,863,merck_pfkfb3_automap_53.sdf,merck_pfkfb3_automap_protein.pdb,6.963281,6.364843,6.9700627,7.4512024,6.5305433,6.130378,7.4148397,6.939197,6.9776716,6.837661,6.8579683
merck/pfkfb3_automap/64,6.934033368267142,data/fep/merck/merck_pfkfb3_automap_64.sdf,,data/fep/merck/merck_pfkfb3_automap_protein.pdb,64,-9.42227840423584,-9.4399995803833,0.0700000002980232,merck/pfkfb3_automap,merck,864,merck_pfkfb3_automap_64.sdf,merck_pfkfb3_automap_protein.pdb,7.4246354,7.110233,7.563884,7.7344794,7.3927317,7.1368804,7.681579,7.2314243,7.7899394,7.5919385,7.465773
merck/pfkfb3_automap/39,5.296778320449521,data/fep/merck/merck_pfkfb3_automap_39.sdf,,data/fep/merck/merck_pfkfb3_automap_protein.pdb,39,-7.197502136230469,-6.480000019073486,0.0700000002980232,merck/pfkfb3_automap,merck,865,merck_pfkfb3_automap_39.sdf,merck_pfkfb3_automap_protein.pdb,6.8243475,5.872183,6.2613544,6.805418,6.3072386,6.2638187,7.355191,6.6374702,6.327135,6.6027207,6.525687
merck/pfkfb3_automap/37,7.357031528828103,data/fep/merck/merck_pfkfb3_automap_37.sdf,,data/fep/merck/merck_pfkfb3_automap_protein.pdb,37,-9.99706745147705,-10.920000076293944,0.0700000002980232,merck/pfkfb3_automap,merck,866,merck_pfkfb3_automap_37.sdf,merck_pfkfb3_automap_protein.pdb,6.826754,7.2293463,6.4246044,7.1471014,7.245986,6.4619384,7.4150615,6.5686264,6.5775614,6.8452463,6.8742228
merck/pfkfb3_automap/23,5.824404150666316,data/fep/merck/merck_pfkfb3_automap_23.sdf,,data/fep/merck/merck_pfkfb3_automap_protein.pdb,23,-7.914463996887207,-8.199999809265137,0.0700000002980232,merck/pfkfb3_automap,merck,867,merck_pfkfb3_automap_23.sdf,merck_pfkfb3_automap_protein.pdb,6.554169,6.0653353,6.5664973,6.537082,6.351977,6.2429156,6.34642,6.604849,5.838638,6.6134143,6.3721304
merck/pfkfb3_automap/60 adjust,5.993129681655184,data/fep/merck/merck_pfkfb3_automap_60_adjust.sdf,,data/fep/merck/merck_pfkfb3_automap_protein.pdb,60 adjust,-8.143735885620117,-7.110000133514404,0.0700000002980232,merck/pfkfb3_automap,merck,868,merck_pfkfb3_automap_60_adjust.sdf,merck_pfkfb3_automap_protein.pdb,7.0825896,6.64846,6.639454,6.5233636,6.915912,6.515055,7.76822,7.1466236,6.6809216,7.1564345,6.9077034
merck/pfkfb3_automap/34,7.33886192922172,data/fep/merck/merck_pfkfb3_automap_34.sdf,,data/fep/merck/merck_pfkfb3_automap_protein.pdb,34,-9.97237777709961,-9.760000228881836,0.0700000002980232,merck/pfkfb3_automap,merck,869,merck_pfkfb3_automap_34.sdf,merck_pfkfb3_automap_protein.pdb,6.519628,6.286842,6.365169,6.2604814,6.429847,6.436638,6.2833796,6.4583306,6.0454016,6.3501077,6.3435826
merck/pfkfb3_automap/36,5.475631566186733,data/fep/merck/merck_pfkfb3_automap_36.sdf,,data/fep/merck/merck_pfkfb3_automap_protein.pdb,36,-7.440536022186279,-7.75,0.0700000002980232,merck/pfkfb3_automap,merck,870,merck_pfkfb3_automap_36.sdf,merck_pfkfb3_automap_protein.pdb,6.231652,5.600368,6.590004,6.541019,5.982842,5.8017035,6.437279,5.867352,5.889219,5.7896094,6.0731044
merck/pfkfb3_automap/46,5.783851532965509,data/fep/merck/merck_pfkfb3_automap_46.sdf,,data/fep/merck/merck_pfkfb3_automap_protein.pdb,46,-7.859359264373779,-7.139999866485596,0.0700000002980232,merck/pfkfb3_automap,merck,871,merck_pfkfb3_automap_46.sdf,merck_pfkfb3_automap_protein.pdb,7.2089376,6.9401326,6.942642,7.9038177,7.2577343,7.3549986,8.031684,7.3834157,7.233422,6.587151,7.2843943
merck/shp2/SHP099-1/Example 7,7.177158879350759,data/fep/merck/merck_shp2_SHP099-1_Example_7.sdf,,data/fep/merck/merck_shp2_protein.pdb,SHP099-1/Example 7,-9.75264835357666,-9.970000267028809,0.1000000014901161,merck/shp2,merck,872,merck_shp2_SHP099-1_Example_7.sdf,merck_shp2_protein.pdb,7.077361,6.570388,5.8060837,6.3020415,6.116047,6.6336303,6.0575304,6.736154,6.288588,6.296606,6.388443
merck/shp2/Example 22,6.799033432685015,data/fep/merck/merck_shp2_Example_22.sdf,,data/fep/merck/merck_shp2_protein.pdb,Example 22,-9.238834381103516,-8.770000457763672,0.1000000014901161,merck/shp2,merck,873,merck_shp2_Example_22.sdf,merck_shp2_protein.pdb,6.6996207,6.6001463,6.441773,6.940818,6.862534,7.0270276,7.1378517,6.9582043,6.4787045,7.299535,6.844622
merck/shp2/Example 29,5.609750708864306,data/fep/merck/merck_shp2_Example_29.sdf,,data/fep/merck/merck_shp2_protein.pdb,Example 29,-7.622783184051514,-5.619999885559082,0.1000000014901161,merck/shp2,merck,874,merck_shp2_Example_29.sdf,merck_shp2_protein.pdb,6.4595323,6.3331623,6.6174173,6.2363315,6.928186,6.644142,6.416196,6.694063,6.413765,6.2577477,6.5000534
merck/shp2/11,4.676091982534193,data/fep/merck/merck_shp2_11.sdf,,data/fep/merck/merck_shp2_protein.pdb,11,-6.354085445404053,-7.550000190734863,0.1000000014901161,merck/shp2,merck,875,merck_shp2_11.sdf,merck_shp2_protein.pdb,6.504596,6.3514686,6.3346534,5.8373346,6.367307,6.54324,6.0241895,5.9780846,5.95407,6.4762096,6.2371154
merck/shp2/4,4.28457076362205,data/fep/merck/merck_shp2_4.sdf,,data/fep/merck/merck_shp2_protein.pdb,4,-5.822068691253662,-6.400000095367432,0.1099999994039535,merck/shp2,merck,876,merck_shp2_4.sdf,merck_shp2_protein.pdb,5.9770155,5.5673494,6.495387,6.0012383,6.6245666,6.4949207,6.1407485,6.020872,6.18304,5.73416,6.12393
merck/shp2/Example 2,6.090628192486744,data/fep/merck/merck_shp2_Example_2.sdf,,data/fep/merck/merck_shp2_protein.pdb,Example 2,-8.27622127532959,-7.510000228881836,0.1099999994039535,merck/shp2,merck,877,merck_shp2_Example_2.sdf,merck_shp2_protein.pdb,6.854822,5.666536,6.624258,6.0630627,5.9055543,5.901874,5.9177976,5.540606,6.104034,6.5362825,6.1114826
merck/shp2/Example 14,7.195983283562679,data/fep/merck/merck_shp2_Example_14.sdf,,data/fep/merck/merck_shp2_protein.pdb,Example 14,-9.778227806091309,-11.289999961853027,0.1000000014901161,merck/shp2,merck,878,merck_shp2_Example_14.sdf,merck_shp2_protein.pdb,6.206833,6.0257735,5.524872,5.984432,5.8848085,5.6522565,6.1009088,6.3675146,6.356681,6.770329,6.0874414
merck/shp2/Example 26,6.593135633815887,data/fep/merck/merck_shp2_Example_26.sdf,,data/fep/merck/merck_shp2_protein.pdb,Example 26,-8.959051132202148,-8.550000190734863,0.1000000014901161,merck/shp2,merck,879,merck_shp2_Example_26.sdf,merck_shp2_protein.pdb,7.2890935,6.990122,7.0139084,7.4960113,7.5389442,7.308134,7.1783366,7.6194153,6.828708,7.1664658,7.2429137
merck/shp2/SHP836-2,4.940379683618632,data/fep/merck/merck_shp2_SHP836-2.sdf,,data/fep/merck/merck_shp2_protein.pdb,SHP836-2,-6.713211536407471,-7.690000057220459,0.1199999973177909,merck/shp2,merck,880,merck_shp2_SHP836-2.sdf,merck_shp2_protein.pdb,6.1803484,5.844852,6.279619,6.197093,6.100755,6.3883,5.978289,6.266696,6.454617,5.830541,6.152111
merck/shp2/Example 6,6.674243676525563,data/fep/merck/merck_shp2_Example_6.sdf,,data/fep/merck/merck_shp2_protein.pdb,Example 6,-9.06926441192627,-10.5600004196167,0.1000000014901161,merck/shp2,merck,881,merck_shp2_Example_6.sdf,merck_shp2_protein.pdb,7.1966205,7.058948,7.801501,7.3966017,7.1572747,7.6333904,7.3480945,7.477033,7.2853484,6.6643066,7.301912
merck/shp2/Example 1,6.614570132698754,data/fep/merck/merck_shp2_Example_1.sdf,,data/fep/merck/merck_shp2_protein.pdb,Example 1,-8.988177299499512,-8.819999694824219,0.1099999994039535,merck/shp2,merck,882,merck_shp2_Example_1.sdf,merck_shp2_protein.pdb,6.7463107,6.034731,6.8433437,6.4116526,6.283506,6.77535,6.1620946,6.46653,6.495584,6.6482935,6.486739
merck/shp2/3,4.020282711624104,data/fep/merck/merck_shp2_3.sdf,,data/fep/merck/merck_shp2_protein.pdb,3,-5.462942123413086,-5.809999942779541,0.1000000014901161,merck/shp2,merck,883,merck_shp2_3.sdf,merck_shp2_protein.pdb,6.1345754,5.469028,6.1596518,5.4068437,6.2330112,6.2909846,6.084426,5.791787,6.273666,5.4073977,5.9251375
merck/shp2/Example 9,6.471741316757818,data/fep/merck/merck_shp2_Example_9.sdf,,data/fep/merck/merck_shp2_protein.pdb,Example 9,-8.794095039367676,-10.06999969482422,0.1000000014901161,merck/shp2,merck,884,merck_shp2_Example_9.sdf,merck_shp2_protein.pdb,6.5743117,6.3150907,5.944841,6.5958433,6.0484004,6.1855063,6.1568403,6.313244,6.1053877,6.5954227,6.283489
merck/shp2/Example 8,7.147486334959001,data/fep/merck/merck_shp2_Example_8.sdf,,data/fep/merck/merck_shp2_protein.pdb,Example 8,-9.71232795715332,-10.489999771118164,0.1099999994039535,merck/shp2,merck,885,merck_shp2_Example_8.sdf,merck_shp2_protein.pdb,6.856134,6.2593217,6.057249,6.49858,5.6444473,6.2826138,6.252535,6.771136,6.1667647,6.8037558,6.3592534
merck/shp2/7,5.207706295680537,data/fep/merck/merck_shp2_7.sdf,,data/fep/merck/merck_shp2_protein.pdb,7,-7.076467037200928,-8.289999961853027,0.1099999994039535,merck/shp2,merck,886,merck_shp2_7.sdf,merck_shp2_protein.pdb,6.405043,6.481302,6.7125854,6.126407,5.909878,6.345675,6.381091,6.1439033,6.1309133,6.7268424,6.336364
merck/shp2/Example 24,6.680096212008493,data/fep/merck/merck_shp2_Example_24.sdf,,data/fep/merck/merck_shp2_protein.pdb,Example 24,-9.07721710205078,-9.140000343322754,0.1000000014901161,merck/shp2,merck,887,merck_shp2_Example_24.sdf,merck_shp2_protein.pdb,7.1486106,7.044278,6.7762303,6.7616634,7.1363425,6.5837336,6.850877,6.4839005,6.5861025,6.8256955,6.819743
merck/shp2/Example 28,6.223926197556087,data/fep/merck/merck_shp2_Example_28.sdf,,data/fep/merck/merck_shp2_protein.pdb,Example 28,-8.457352638244629,-7.349999904632568,0.1000000014901161,merck/shp2,merck,888,merck_shp2_Example_28.sdf,merck_shp2_protein.pdb,6.5585656,5.2200084,5.57353,5.955256,5.7793303,6.0670266,5.711544,5.663089,6.4588323,5.3911777,5.8378363
merck/shp2/10,5.26497152010338,data/fep/merck/merck_shp2_10.sdf,,data/fep/merck/merck_shp2_protein.pdb,10,-7.1542816162109375,-7.670000076293945,0.1000000014901161,merck/shp2,merck,889,merck_shp2_10.sdf,merck_shp2_protein.pdb,6.3386197,5.5444365,5.66061,6.2947154,5.5659847,6.5789547,5.7197657,5.9904804,5.946035,5.8229294,5.946253
merck/shp2/Example 25,6.527534459015478,data/fep/merck/merck_shp2_Example_25.sdf,,data/fep/merck/merck_shp2_protein.pdb,Example 25,-8.869909286499023,-7.119999885559082,0.1000000014901161,merck/shp2,merck,890,merck_shp2_Example_25.sdf,merck_shp2_protein.pdb,7.416849,7.0807357,6.7728696,7.2217083,7.1515784,7.2767367,7.845731,7.86234,7.648166,7.2058153,7.348253
merck/shp2/Example 27,6.268946295124575,data/fep/merck/merck_shp2_Example_27.sdf,,data/fep/merck/merck_shp2_protein.pdb,Example 27,-8.51852798461914,-9.520000457763672,0.1000000014901161,merck/shp2,merck,891,merck_shp2_Example_27.sdf,merck_shp2_protein.pdb,6.200836,5.8720903,5.9512677,5.861282,6.577661,6.207173,6.28496,6.715278,6.1950054,5.9187727,6.178433
merck/shp2/6,5.909455057549527,data/fep/merck/merck_shp2_6.sdf,,data/fep/merck/merck_shp2_protein.pdb,6,-8.030035018920898,-8.84000015258789,0.1099999994039535,merck/shp2,merck,892,merck_shp2_6.sdf,merck_shp2_protein.pdb,6.64884,5.479593,6.8765697,6.293429,6.05723,6.6348696,6.2681293,6.0581293,6.21518,6.594795,6.3126764
merck/shp2/Example 30,6.738880541006563,data/fep/merck/merck_shp2_Example_30.sdf,,data/fep/merck/merck_shp2_protein.pdb,Example 30,-9.157095909118652,-9.0600004196167,0.1400000005960464,merck/shp2,merck,893,merck_shp2_Example_30.sdf,merck_shp2_protein.pdb,6.9615693,6.3734903,6.4635806,6.477054,6.2088065,6.333857,6.2966285,6.861575,6.1755424,6.6930676,6.484517
merck/shp2/Example 5,5.565823355959076,data/fep/merck/merck_shp2_Example_5.sdf,,data/fep/merck/merck_shp2_protein.pdb,Example 5,-7.5630927085876465,-5.090000152587891,0.1000000014901161,merck/shp2,merck,894,merck_shp2_Example_5.sdf,merck_shp2_protein.pdb,7.114891,6.748415,7.663686,6.943213,7.265436,7.1454086,7.421109,6.9095197,7.5867205,6.3674397,7.116584
merck/shp2/Example 4,6.035337558372239,data/fep/merck/merck_shp2_Example_4.sdf,,data/fep/merck/merck_shp2_protein.pdb,Example 4,-8.201089859008789,-6.670000076293945,0.1000000014901161,merck/shp2,merck,895,merck_shp2_Example_4.sdf,merck_shp2_protein.pdb,6.630819,6.083058,6.6290727,5.7918715,5.7417717,6.1425185,5.9130263,5.109018,5.92307,6.0083404,5.9972563
merck/shp2/Example 23,6.432181433370551,data/fep/merck/merck_shp2_Example_23.sdf,,data/fep/merck/merck_shp2_protein.pdb,Example 23,-8.740339279174805,-8.6899995803833,0.1000000014901161,merck/shp2,merck,896,merck_shp2_Example_23.sdf,merck_shp2_protein.pdb,6.8471894,6.15941,5.849913,6.8466783,6.041072,6.1212597,6.8055906,6.4353676,6.046267,6.6946006,6.384735
merck/shp2/Example 3,6.046215877113748,data/fep/merck/merck_shp2_Example_3.sdf,,data/fep/merck/merck_shp2_protein.pdb,Example 3,-8.215871810913086,-7.079999923706055,0.1000000014901161,merck/shp2,merck,897,merck_shp2_Example_3.sdf,merck_shp2_protein.pdb,6.7591295,6.3080535,6.7481203,5.9811087,6.3359866,6.6057754,6.2611585,6.0314813,6.2125225,5.834529,6.307787
merck/cmet/CHEMBL3402753_200,6.725599868390719,data/fep/merck/merck_cmet_CHEMBL3402753_200.sdf,,data/fep/merck/merck_cmet_protein.pdb,CHEMBL3402753_200,-9.139049530029297,-10.130000114440918,0.0900000035762786,merck/cmet,merck,898,merck_cmet_CHEMBL3402753_200.sdf,merck_cmet_protein.pdb,7.4495397,6.3170238,7.101108,6.833083,7.0125413,7.3108993,7.666706,6.934767,6.999652,6.842193,7.0467515
merck/cmet/CHEMBL3402747_3400,5.490259395758985,data/fep/merck/merck_cmet_CHEMBL3402747_3400.sdf,,data/fep/merck/merck_cmet_protein.pdb,CHEMBL3402747_3400,-7.460412979125977,-6.21999979019165,0.0900000035762786,merck/cmet,merck,899,merck_cmet_CHEMBL3402747_3400.sdf,merck_cmet_protein.pdb,6.2913594,5.9024677,6.5284243,6.1803584,6.6018558,6.619595,6.4153957,6.6154594,5.6700993,6.723268,6.354829
merck/cmet/CHEMBL3402744_300,6.548808239511777,data/fep/merck/merck_cmet_CHEMBL3402744_300.sdf,,data/fep/merck/merck_cmet_protein.pdb,CHEMBL3402744_300,-8.89881706237793,-7.909999847412109,0.0900000035762786,merck/cmet,merck,900,merck_cmet_CHEMBL3402744_300.sdf,merck_cmet_protein.pdb,6.5553184,6.0446124,7.237741,6.3434687,7.004388,6.810169,7.1778955,6.3556495,6.9426293,7.102077,6.7573943
merck/cmet/CHEMBL3402745_200,6.725599868390719,data/fep/merck/merck_cmet_CHEMBL3402745_200.sdf,,data/fep/merck/merck_cmet_protein.pdb,CHEMBL3402745_200,-9.139049530029297,-8.520000457763672,0.0900000035762786,merck/cmet,merck,901,merck_cmet_CHEMBL3402745_200.sdf,merck_cmet_protein.pdb,6.500338,5.7752767,6.759318,6.344006,6.7235417,6.9431815,6.956468,6.32378,6.3792906,6.8259635,6.553117
merck/cmet/CHEMBL3402750_400,6.42337280249799,data/fep/merck/merck_cmet_CHEMBL3402750_400.sdf,,data/fep/merck/merck_cmet_protein.pdb,CHEMBL3402750_400,-8.72836971282959,-10.039999961853027,0.0900000035762786,merck/cmet,merck,902,merck_cmet_CHEMBL3402750_400.sdf,merck_cmet_protein.pdb,6.9036264,6.03279,6.563555,6.4697123,6.589732,7.3522573,6.887212,6.3223863,5.998708,7.269418,6.63894
merck/cmet/CHEMBL3402743_42,7.406074498849904,data/fep/merck/merck_cmet_CHEMBL3402743_42.sdf,,data/fep/merck/merck_cmet_protein.pdb,CHEMBL3402743_42,-10.063709259033203,-9.43000030517578,0.0900000035762786,merck/cmet,merck,903,merck_cmet_CHEMBL3402743_42.sdf,merck_cmet_protein.pdb,6.489983,5.8621,6.7851586,6.542251,6.5603704,6.8906355,7.2709146,6.3324156,6.671158,6.711949,6.6116943
merck/cmet/CHEMBL3402752_30000,4.54085798764237,data/fep/merck/merck_cmet_CHEMBL3402752_30000.sdf,,data/fep/merck/merck_cmet_protein.pdb,CHEMBL3402752_30000,-6.170323371887207,-6.699999809265137,0.0900000035762786,merck/cmet,merck,904,merck_cmet_CHEMBL3402752_30000.sdf,merck_cmet_protein.pdb,7.3992434,6.608633,6.2888036,6.135315,6.8538575,6.836014,6.215178,6.3735566,6.309937,6.5598855,6.558043
merck/cmet/CHEMBL3402755_4200,5.398124246980496,data/fep/merck/merck_cmet_CHEMBL3402755_4200.sdf,,data/fep/merck/merck_cmet_protein.pdb,CHEMBL3402755_4200,-7.33521556854248,-8.5,0.0900000035762786,merck/cmet,merck,905,merck_cmet_CHEMBL3402755_4200.sdf,merck_cmet_protein.pdb,7.0238986,6.321558,6.6649632,6.4193797,6.7857733,6.9587116,6.718407,6.561517,6.3256183,6.633906,6.6413736
merck/cmet/CHEMBL3402749_500,6.32607782150095,data/fep/merck/merck_cmet_CHEMBL3402749_500.sdf,,data/fep/merck/merck_cmet_protein.pdb,CHEMBL3402749_500,-8.596160888671875,-7.889999866485596,0.0900000035762786,merck/cmet,merck,906,merck_cmet_CHEMBL3402749_500.sdf,merck_cmet_protein.pdb,6.580569,6.027659,6.496304,5.995878,6.570775,6.9968734,6.5899925,6.50755,5.5311437,6.9602256,6.4256964
merck/cmet/CHEMBL3402765_11-charged-pKa-8.1,7.990244426231032,data/fep/merck/merck_cmet_CHEMBL3402765_11-charged-pKa-8.1.sdf,,data/fep/merck/merck_cmet_protein.pdb,CHEMBL3402765_11-charged-pKa-8.1,-10.857505798339844,-9.65999984741211,0.1000000014901161,merck/cmet,merck,907,merck_cmet_CHEMBL3402765_11-charged-pKa-8.1.sdf,merck_cmet_protein.pdb,6.799402,5.9427676,6.8417945,6.725038,6.4353833,6.2692037,6.913294,6.3974857,6.691708,6.972162,6.5988245
merck/cmet/CHEMBL3402742_23,7.668635705476013,data/fep/merck/merck_cmet_CHEMBL3402742_23.sdf,,data/fep/merck/merck_cmet_protein.pdb,CHEMBL3402742_23,-10.420489311218262,-10.170000076293944,0.0900000035762786,merck/cmet,merck,908,merck_cmet_CHEMBL3402742_23.sdf,merck_cmet_protein.pdb,6.3760147,6.3562746,6.97806,7.1059117,6.8038254,7.223663,7.1768274,6.5722103,6.709953,6.9947543,6.829749
merck/cmet/CHEMBL3402754_40,7.427348279346202,data/fep/merck/merck_cmet_CHEMBL3402754_40.sdf,,data/fep/merck/merck_cmet_protein.pdb,CHEMBL3402754_40,-10.09261703491211,-10.460000038146973,0.0900000035762786,merck/cmet,merck,909,merck_cmet_CHEMBL3402754_40.sdf,merck_cmet_protein.pdb,7.1761804,6.2038035,6.7633038,6.7039094,7.1853666,7.459202,7.5856605,7.241289,6.639509,7.1534815,7.0111704
merck/cmet/CHEMBL3402748_5300,5.29669585577519,data/fep/merck/merck_cmet_CHEMBL3402748_5300.sdf,,data/fep/merck/merck_cmet_protein.pdb,CHEMBL3402748_5300,-7.197390079498291,-7.880000114440918,0.0900000035762786,merck/cmet,merck,910,merck_cmet_CHEMBL3402748_5300.sdf,merck_cmet_protein.pdb,6.749272,5.8523836,6.3104424,6.6904883,6.2978344,6.425872,6.893662,6.095238,5.7261677,6.549127,6.3590484
merck/cmet/CHEMBL3402741_400,6.42337280249799,data/fep/merck/merck_cmet_CHEMBL3402741_400.sdf,,data/fep/merck/merck_cmet_protein.pdb,CHEMBL3402741_400,-8.72836971282959,-9.130000114440918,0.1099999994039535,merck/cmet,merck,911,merck_cmet_CHEMBL3402741_400.sdf,merck_cmet_protein.pdb,6.8435574,5.762122,6.5167828,6.2752085,6.270099,6.6059356,6.9252534,6.120183,6.264039,6.6681147,6.42513
merck/cmet/CHEMBL3402763_90,7.073765723415333,data/fep/merck/merck_cmet_CHEMBL3402763_90.sdf,,data/fep/merck/merck_cmet_protein.pdb,CHEMBL3402763_90,-9.612153053283691,-9.979999542236328,0.1000000014901161,merck/cmet,merck,912,merck_cmet_CHEMBL3402763_90.sdf,merck_cmet_protein.pdb,7.1219287,6.0388904,6.507635,7.6754704,6.561601,7.2194824,6.3001018,6.5113173,6.5368094,7.1159306,6.7589164
merck/cmet/CHEMBL3402764_90,7.073765723415333,data/fep/merck/merck_cmet_CHEMBL3402764_90.sdf,,data/fep/merck/merck_cmet_protein.pdb,CHEMBL3402764_90,-9.612153053283691,-8.579999923706055,0.1000000014901161,merck/cmet,merck,913,merck_cmet_CHEMBL3402764_90.sdf,merck_cmet_protein.pdb,6.510505,5.638817,6.848407,6.2558203,6.447418,6.6185875,6.887418,6.3294654,6.5812716,6.355734,6.4473443
merck/cmet/CHEMBL3402751_2100,5.7003509619597175,data/fep/merck/merck_cmet_CHEMBL3402751_2100.sdf,,data/fep/merck/merck_cmet_protein.pdb,CHEMBL3402751_2100,-7.745894908905029,-7.829999923706055,0.0900000035762786,merck/cmet,merck,914,merck_cmet_CHEMBL3402751_2100.sdf,merck_cmet_protein.pdb,7.2946186,6.7708883,6.671454,6.2089987,6.2998815,6.9522586,7.018719,6.1654754,6.4196734,6.4781275,6.62801
merck/cmet/CHEMBL3402756_2.7 redocked,8.602697982340084,data/fep/merck/merck_cmet_CHEMBL3402756_2.7_redocked.sdf,,data/fep/merck/merck_cmet_protein.pdb,CHEMBL3402756_2.7 redocked,-11.689735412597656,-11.75,0.0900000035762786,merck/cmet,merck,915,merck_cmet_CHEMBL3402756_2.7_redocked.sdf,merck_cmet_protein.pdb,7.5105386,6.7647185,7.2533665,7.466422,6.6562166,7.395202,8.232704,6.7807813,7.5389085,7.5568576,7.315571
merck/cmet/CHEMBL3402762_1 redocked,9.03577648432584,data/fep/merck/merck_cmet_CHEMBL3402762_1_redocked.sdf,,data/fep/merck/merck_cmet_protein.pdb,CHEMBL3402762_1 redocked,-12.27822208404541,-13.229999542236328,0.0900000035762786,merck/cmet,merck,916,merck_cmet_CHEMBL3402762_1_redocked.sdf,merck_cmet_protein.pdb,7.488869,6.8938313,7.385852,7.997409,6.692553,7.8918066,8.582537,7.582719,7.419936,7.7706327,7.570615
merck/cmet/CHEMBL3402760_1 redocked,9.03577648432584,data/fep/merck/merck_cmet_CHEMBL3402760_1_redocked.sdf,,data/fep/merck/merck_cmet_protein.pdb,CHEMBL3402760_1 redocked,-12.27822208404541,-11.800000190734863,0.0900000035762786,merck/cmet,merck,917,merck_cmet_CHEMBL3402760_1_redocked.sdf,merck_cmet_protein.pdb,7.612062,6.3470135,7.127991,7.9927583,6.782191,7.4382877,7.3972683,7.065193,7.404253,7.2528434,7.2419863
merck/cmet/CHEMBL3402757_6.5 redocked,8.219631673484647,data/fep/merck/merck_cmet_CHEMBL3402757_6.5_redocked.sdf,,data/fep/merck/merck_cmet_protein.pdb,CHEMBL3402757_6.5 redocked,-11.169207572937012,-11.170000076293944,0.0900000035762786,merck/cmet,merck,918,merck_cmet_CHEMBL3402757_6.5_redocked.sdf,merck_cmet_protein.pdb,7.436733,6.5167193,7.2814226,7.3007092,6.8851566,7.25789,7.91013,7.0293508,7.5695148,7.3664637,7.2554083
merck/cmet/CHEMBL3402761_1 redocked,9.03577648432584,data/fep/merck/merck_cmet_CHEMBL3402761_1_redocked.sdf,,data/fep/merck/merck_cmet_protein.pdb,CHEMBL3402761_1 redocked,-12.27822208404541,-11.920000076293944,0.0900000035762786,merck/cmet,merck,919,merck_cmet_CHEMBL3402761_1_redocked.sdf,merck_cmet_protein.pdb,7.4808106,7.057336,7.0983377,8.172615,6.646485,7.959556,8.165833,7.7993526,7.8801055,7.7976017,7.605803
merck/cmet/CHEMBL3402758_10 redocked,8.031801007477627,data/fep/merck/merck_cmet_CHEMBL3402758_10_redocked.sdf,,data/fep/merck/merck_cmet_protein.pdb,CHEMBL3402758_10 redocked,-10.91397476196289,-11.489999771118164,0.0900000035762786,merck/cmet,merck,920,merck_cmet_CHEMBL3402758_10_redocked.sdf,merck_cmet_protein.pdb,6.9731817,5.9298277,6.9338346,7.002217,6.4997597,6.986808,7.237651,6.887697,7.1209116,7.190397,6.8762293
merck/cmet/CHEMBL3402759_5.7 redocked,8.276897248820998,data/fep/merck/merck_cmet_CHEMBL3402759_5.7_redocked.sdf,,data/fep/merck/merck_cmet_protein.pdb,CHEMBL3402759_5.7 redocked,-11.24702262878418,-11.260000228881836,0.0900000035762786,merck/cmet,merck,921,merck_cmet_CHEMBL3402759_5.7_redocked.sdf,merck_cmet_protein.pdb,7.248358,6.402396,7.322171,7.2279944,6.9076295,6.9582977,7.7698073,6.8934293,7.1363244,7.393951,7.126036
merck/eg5_extraprotomers/CHEMBL1078774,7.846714485101531,data/fep/merck/merck_eg5_extraprotomers_CHEMBL1078774.sdf,,data/fep/merck/merck_eg5_extraprotomers_protein.pdb,CHEMBL1078774,-10.662470817565918,-10.0,0.0900000035762786,merck/eg5_extraprotomers,merck,922,merck_eg5_extraprotomers_CHEMBL1078774.sdf,merck_eg5_extraprotomers_protein.pdb,6.8173203,7.237854,7.187496,6.9806867,6.8699245,6.2061744,6.9978566,7.043462,7.047588,7.035128,6.9423485
merck/eg5_extraprotomers/CHEMBL1093087,7.79793048924848,data/fep/merck/merck_eg5_extraprotomers_CHEMBL1093087.sdf,,data/fep/merck/merck_eg5_extraprotomers_protein.pdb,CHEMBL1093087,-10.59618091583252,-11.140000343322754,0.0900000035762786,merck/eg5_extraprotomers,merck,923,merck_eg5_extraprotomers_CHEMBL1093087.sdf,merck_eg5_extraprotomers_protein.pdb,7.098114,6.4535165,7.1324778,5.952494,7.082757,6.8888965,6.504464,6.7924314,7.14364,6.3298707,6.7378664
merck/eg5_extraprotomers/CHEMBL1082249,8.303504212808697,data/fep/merck/merck_eg5_extraprotomers_CHEMBL1082249.sdf,,data/fep/merck/merck_eg5_extraprotomers_protein.pdb,CHEMBL1082249,-11.283177375793455,-11.3100004196167,0.0900000035762786,merck/eg5_extraprotomers,merck,924,merck_eg5_extraprotomers_CHEMBL1082249.sdf,merck_eg5_extraprotomers_protein.pdb,7.0055428,7.1290174,7.341962,6.860638,7.3296223,6.9097085,7.7703524,7.469636,7.6293254,7.2491217,7.269492
merck/eg5_extraprotomers/CHEMBL1089393,6.203673575367459,data/fep/merck/merck_eg5_extraprotomers_CHEMBL1089393.sdf,,data/fep/merck/merck_eg5_extraprotomers_protein.pdb,CHEMBL1089393,-8.429832458496094,-9.600000381469728,0.1000000014901161,merck/eg5_extraprotomers,merck,925,merck_eg5_extraprotomers_CHEMBL1089393.sdf,merck_eg5_extraprotomers_protein.pdb,5.898147,4.692661,6.245405,6.1316385,5.763313,5.2600894,6.095997,5.701825,5.7693586,5.7178035,5.727624
merck/eg5_extraprotomers/CHEMBL1078691,7.542694953011008,data/fep/merck/merck_eg5_extraprotomers_CHEMBL1078691.sdf,,data/fep/merck/merck_eg5_extraprotomers_protein.pdb,CHEMBL1078691,-10.24935531616211,-10.970000267028809,0.1000000014901161,merck/eg5_extraprotomers,merck,926,merck_eg5_extraprotomers_CHEMBL1078691.sdf,merck_eg5_extraprotomers_protein.pdb,6.9665747,6.989678,7.459063,6.7161818,6.6025515,6.2838173,6.8843737,6.8775377,6.3069935,7.0193243,6.8106093
merck/eg5_extraprotomers/CHEMBL1086409,7.308442640885382,data/fep/merck/merck_eg5_extraprotomers_CHEMBL1086409.sdf,,data/fep/merck/merck_eg5_extraprotomers_protein.pdb,CHEMBL1086409,-9.931042671203612,-10.279999732971191,0.0900000035762786,merck/eg5_extraprotomers,merck,927,merck_eg5_extraprotomers_CHEMBL1086409.sdf,merck_eg5_extraprotomers_protein.pdb,6.3299384,6.193325,7.023026,6.275246,6.263421,6.018782,7.1180773,6.4066133,6.7560296,6.6011195,6.498558
merck/eg5_extraprotomers/CHEMBL1082248,8.607524446726236,data/fep/merck/merck_eg5_extraprotomers_CHEMBL1082248.sdf,,data/fep/merck/merck_eg5_extraprotomers_protein.pdb,CHEMBL1082248,-11.696293830871582,-11.020000457763672,0.0900000035762786,merck/eg5_extraprotomers,merck,928,merck_eg5_extraprotomers_CHEMBL1082248.sdf,merck_eg5_extraprotomers_protein.pdb,6.670392,6.6906643,7.440751,6.949059,7.2174487,6.411703,7.753424,6.6828146,8.079755,7.3202677,7.1216288
merck/eg5_extraprotomers/CHEMBL1084678,8.235893005435665,data/fep/merck/merck_eg5_extraprotomers_CHEMBL1084678.sdf,,data/fep/merck/merck_eg5_extraprotomers_protein.pdb,CHEMBL1084678,-11.191304206848145,-13.619999885559082,0.0900000035762786,merck/eg5_extraprotomers,merck,929,merck_eg5_extraprotomers_CHEMBL1084678.sdf,merck_eg5_extraprotomers_protein.pdb,7.154074,6.263513,7.3043513,6.999851,7.0483785,7.2268515,7.3329673,7.140285,6.8579826,6.3777537,6.970601
merck/eg5_extraprotomers/CHEMBL1084115,6.98955349981574,data/fep/merck/merck_eg5_extraprotomers_CHEMBL1084115.sdf,,data/fep/merck/merck_eg5_extraprotomers_protein.pdb,CHEMBL1084115,-9.497721672058104,-10.210000038146973,0.1000000014901161,merck/eg5_extraprotomers,merck,930,merck_eg5_extraprotomers_CHEMBL1084115.sdf,merck_eg5_extraprotomers_protein.pdb,6.700057,6.7133107,6.5711913,6.7442093,6.8178234,6.3706207,6.6305957,6.4610853,6.341827,6.5965,6.594722
merck/eg5_extraprotomers/CHEMBL1084431,7.258465539105845,data/fep/merck/merck_eg5_extraprotomers_CHEMBL1084431.sdf,,data/fep/merck/merck_eg5_extraprotomers_protein.pdb,CHEMBL1084431,-9.863131523132324,-10.18000030517578,0.1000000014901161,merck/eg5_extraprotomers,merck,931,merck_eg5_extraprotomers_CHEMBL1084431.sdf,merck_eg5_extraprotomers_protein.pdb,7.3917217,6.477897,7.564891,7.1233826,6.9202456,7.2617188,7.7085013,7.294763,7.242724,6.9625235,7.1948366
merck/eg5_extraprotomers/CHEMBL1085895,8.03764863017145,data/fep/merck/merck_eg5_extraprotomers_CHEMBL1085895.sdf,,data/fep/merck/merck_eg5_extraprotomers_protein.pdb,CHEMBL1085895,-10.921920776367188,-11.289999961853027,0.1000000014901161,merck/eg5_extraprotomers,merck,932,merck_eg5_extraprotomers_CHEMBL1085895.sdf,merck_eg5_extraprotomers_protein.pdb,7.057624,6.629372,7.846443,6.8787317,7.5548177,7.3808904,6.897874,6.7476106,7.140309,7.2152348,7.1348906
merck/eg5_extraprotomers/CHEMBL1084677,8.481344371248918,data/fep/merck/merck_eg5_extraprotomers_CHEMBL1084677.sdf,,data/fep/merck/merck_eg5_extraprotomers_protein.pdb,CHEMBL1084677,-11.524834632873535,-11.970000267028809,0.0900000035762786,merck/eg5_extraprotomers,merck,933,merck_eg5_extraprotomers_CHEMBL1084677.sdf,merck_eg5_extraprotomers_protein.pdb,6.826134,5.8233223,6.8530393,6.8172836,6.9365144,6.7317543,7.035155,6.697745,6.4796405,6.869076,6.7069674
merck/eg5_extraprotomers/CHEMBL1077227,8.38347248844507,data/fep/merck/merck_eg5_extraprotomers_CHEMBL1077227.sdf,,data/fep/merck/merck_eg5_extraprotomers_protein.pdb,CHEMBL1077227,-11.391841888427734,-10.68000030517578,0.0900000035762786,merck/eg5_extraprotomers,merck,934,merck_eg5_extraprotomers_CHEMBL1077227.sdf,merck_eg5_extraprotomers_protein.pdb,6.549385,6.740247,6.8032775,5.6735663,6.751868,6.464291,6.333142,6.030552,7.0067945,6.386197,6.473932
merck/eg5_extraprotomers/CHEMBL1086410,8.481344371248918,data/fep/merck/merck_eg5_extraprotomers_CHEMBL1086410.sdf,,data/fep/merck/merck_eg5_extraprotomers_protein.pdb,CHEMBL1086410,-11.524834632873535,-10.109999656677246,0.0900000035762786,merck/eg5_extraprotomers,merck,935,merck_eg5_extraprotomers_CHEMBL1086410.sdf,merck_eg5_extraprotomers_protein.pdb,6.8355875,6.2386727,7.031096,5.9107294,6.4583364,6.2584014,6.0345707,6.148356,7.063732,6.315956,6.429544
merck/eg5_extraprotomers/CHEMBL1083517,8.481344371248918,data/fep/merck/merck_eg5_extraprotomers_CHEMBL1083517.sdf,,data/fep/merck/merck_eg5_extraprotomers_protein.pdb,CHEMBL1083517,-11.524834632873535,-11.770000457763672,0.1000000014901161,merck/eg5_extraprotomers,merck,936,merck_eg5_extraprotomers_CHEMBL1083517.sdf,merck_eg5_extraprotomers_protein.pdb,6.658344,6.421444,7.2947307,6.816946,7.299638,6.4459453,7.4074297,7.044302,6.9370275,7.31208,6.9637885
merck/eg5_extraprotomers/CHEMBL1096003,8.785364605166457,data/fep/merck/merck_eg5_extraprotomers_CHEMBL1096003.sdf,,data/fep/merck/merck_eg5_extraprotomers_protein.pdb,CHEMBL1096003,-11.93795108795166,-11.739999771118164,0.0900000035762786,merck/eg5_extraprotomers,merck,937,merck_eg5_extraprotomers_CHEMBL1096003.sdf,merck_eg5_extraprotomers_protein.pdb,7.2534094,7.252185,7.4182615,6.9875946,7.0414476,7.1271577,7.711085,7.434638,7.5134993,6.793466,7.2532744
merck/eg5_extraprotomers/CHEMBL1077204,8.177324839158397,data/fep/merck/merck_eg5_extraprotomers_CHEMBL1077204.sdf,,data/fep/merck/merck_eg5_extraprotomers_protein.pdb,CHEMBL1077204,-11.111719131469728,-11.93000030517578,0.1000000014901161,merck/eg5_extraprotomers,merck,938,merck_eg5_extraprotomers_CHEMBL1077204.sdf,merck_eg5_extraprotomers_protein.pdb,6.724433,6.236581,7.0850964,6.540617,6.6685734,7.3947735,6.4401402,6.45735,6.7490544,6.529079,6.68257
merck/eg5_extraprotomers/CHEMBL1083836,8.03764863017145,data/fep/merck/merck_eg5_extraprotomers_CHEMBL1083836.sdf,,data/fep/merck/merck_eg5_extraprotomers_protein.pdb,CHEMBL1083836,-10.921920776367188,-10.140000343322754,0.0900000035762786,merck/eg5_extraprotomers,merck,939,merck_eg5_extraprotomers_CHEMBL1083836.sdf,merck_eg5_extraprotomers_protein.pdb,6.439184,5.5746694,6.4109244,5.378635,6.410952,6.3275785,6.585517,6.6770844,7.5095196,6.415643,6.3729706
merck/eg5_extraprotomers/CHEMBL1085666,7.775432722437008,data/fep/merck/merck_eg5_extraprotomers_CHEMBL1085666.sdf,,data/fep/merck/merck_eg5_extraprotomers_protein.pdb,CHEMBL1085666,-10.5656099319458,-10.75,0.0900000035762786,merck/eg5_extraprotomers,merck,940,merck_eg5_extraprotomers_CHEMBL1085666.sdf,merck_eg5_extraprotomers_protein.pdb,7.027594,6.3015275,7.5082607,6.8146715,6.8198338,6.7150297,6.826944,6.749013,6.8415074,6.8963833,6.850076
merck/eg5_extraprotomers/CHEMBL1085692,8.38347248844507,data/fep/merck/merck_eg5_extraprotomers_CHEMBL1085692.sdf,,data/fep/merck/merck_eg5_extraprotomers_protein.pdb,CHEMBL1085692,-11.391841888427734,-12.34000015258789,0.0900000035762786,merck/eg5_extraprotomers,merck,941,merck_eg5_extraprotomers_CHEMBL1085692.sdf,merck_eg5_extraprotomers_protein.pdb,6.9463854,7.6007495,7.166271,7.0882998,7.2575355,7.203273,7.6761804,7.003809,7.548823,6.953118,7.2444444
merck/eg5_extraprotomers/CHEMBL1084143,8.785364605166457,data/fep/merck/merck_eg5_extraprotomers_CHEMBL1084143.sdf,,data/fep/merck/merck_eg5_extraprotomers_protein.pdb,CHEMBL1084143,-11.93795108795166,-11.869999885559082,0.1000000014901161,merck/eg5_extraprotomers,merck,942,merck_eg5_extraprotomers_CHEMBL1084143.sdf,merck_eg5_extraprotomers_protein.pdb,6.9914923,6.9042225,6.7164316,6.2559648,6.8091116,7.1720767,7.1984787,7.078587,7.1972127,6.997956,6.932153
merck/eg5_extraprotomers/CHEMBL1096002,8.235893005435665,data/fep/merck/merck_eg5_extraprotomers_CHEMBL1096002.sdf,,data/fep/merck/merck_eg5_extraprotomers_protein.pdb,CHEMBL1096002,-11.191304206848145,-10.670000076293944,0.0900000035762786,merck/eg5_extraprotomers,merck,943,merck_eg5_extraprotomers_CHEMBL1096002.sdf,merck_eg5_extraprotomers_protein.pdb,6.6467686,6.875091,7.756042,7.3032994,6.9923024,6.1816545,7.7466583,6.705052,8.206101,6.806664,7.1219635
merck/eg5_extraprotomers/CHEMBL1089056,6.98955349981574,data/fep/merck/merck_eg5_extraprotomers_CHEMBL1089056.sdf,,data/fep/merck/merck_eg5_extraprotomers_protein.pdb,CHEMBL1089056,-9.497721672058104,-10.0,0.0900000035762786,merck/eg5_extraprotomers,merck,944,merck_eg5_extraprotomers_CHEMBL1089056.sdf,merck_eg5_extraprotomers_protein.pdb,6.755339,5.970744,6.6339893,6.3052354,6.2475195,6.077947,5.8180227,6.3827467,5.993455,6.6085057,6.2793503
merck/eg5_extraprotomers/CHEMBL1093088,8.303504212808697,data/fep/merck/merck_eg5_extraprotomers_CHEMBL1093088.sdf,,data/fep/merck/merck_eg5_extraprotomers_protein.pdb,CHEMBL1093088,-11.283177375793455,-10.479999542236328,0.0900000035762786,merck/eg5_extraprotomers,merck,945,merck_eg5_extraprotomers_CHEMBL1093088.sdf,merck_eg5_extraprotomers_protein.pdb,6.9908433,6.96704,7.7905917,7.2140145,7.4479303,7.13338,7.2146583,7.5850205,7.442679,7.839122,7.3625274
merck/eg5_extraprotomers/CHEMBL1084676,7.931873473345141,data/fep/merck/merck_eg5_extraprotomers_CHEMBL1084676.sdf,,data/fep/merck/merck_eg5_extraprotomers_protein.pdb,CHEMBL1084676,-10.778188705444336,-10.869999885559082,0.0900000035762786,merck/eg5_extraprotomers,merck,946,merck_eg5_extraprotomers_CHEMBL1084676.sdf,merck_eg5_extraprotomers_protein.pdb,6.65602,6.544499,7.726824,7.0925646,7.426097,7.2487645,6.8230534,6.834617,6.8471966,6.7509604,6.99506
merck/eg5_extraprotomers/CHEMBL1084935,7.79793048924848,data/fep/merck/merck_eg5_extraprotomers_CHEMBL1084935.sdf,,data/fep/merck/merck_eg5_extraprotomers_protein.pdb,CHEMBL1084935,-10.59618091583252,-8.4399995803833,0.0900000035762786,merck/eg5_extraprotomers,merck,947,merck_eg5_extraprotomers_CHEMBL1084935.sdf,merck_eg5_extraprotomers_protein.pdb,6.8903384,6.6601915,7.1893015,6.47688,6.688053,6.319721,7.2246614,6.6892667,7.2821107,6.515971,6.793649
merck/eg5_extraprotomers/CHEMBL1078998,7.677560137806143,data/fep/merck/merck_eg5_extraprotomers_CHEMBL1078998.sdf,,data/fep/merck/merck_eg5_extraprotomers_protein.pdb,CHEMBL1078998,-10.432616233825684,-10.25,0.1000000014901161,merck/eg5_extraprotomers,merck,948,merck_eg5_extraprotomers_CHEMBL1078998.sdf,merck_eg5_extraprotomers_protein.pdb,6.608892,6.754021,6.3545856,6.1759048,6.7652087,6.590095,6.308035,6.099899,6.2567964,6.504262,6.44177
merck/eg5_extraprotomers/CHEMBL1088740,6.440081900084949,data/fep/merck/merck_eg5_extraprotomers_CHEMBL1088740.sdf,,data/fep/merck/merck_eg5_extraprotomers_protein.pdb,CHEMBL1088740,-8.75107479095459,-9.4399995803833,0.1000000014901161,merck/eg5_extraprotomers,merck,949,merck_eg5_extraprotomers_CHEMBL1088740.sdf,merck_eg5_extraprotomers_protein.pdb,5.8721,5.2418504,6.1158767,5.889308,5.892425,5.695439,5.865091,6.283281,5.7207084,6.1645803,5.874066
merck/eg5_extraprotomers/CHEMBL1084143_1,8.785364605166457,data/fep/merck/merck_eg5_extraprotomers_CHEMBL1084143_1.sdf,,data/fep/merck/merck_eg5_extraprotomers_protein.pdb,CHEMBL1084143_1,-11.93795108795166,-11.869999885559082,0.1000000014901161,merck/eg5_extraprotomers,merck,950,merck_eg5_extraprotomers_CHEMBL1084143_1.sdf,merck_eg5_extraprotomers_protein.pdb,7.12805,6.8158445,6.874596,6.5165067,7.2504025,6.7837095,7.3732977,7.1031365,7.2190204,6.981628,7.0046196
merck/eg5_extraprotomers/CHEMBL1096003_1,8.785364605166457,data/fep/merck/merck_eg5_extraprotomers_CHEMBL1096003_1.sdf,,data/fep/merck/merck_eg5_extraprotomers_protein.pdb,CHEMBL1096003_1,-11.93795108795166,-11.739999771118164,0.1000000014901161,merck/eg5_extraprotomers,merck,951,merck_eg5_extraprotomers_CHEMBL1096003_1.sdf,merck_eg5_extraprotomers_protein.pdb,7.2719903,7.3517656,7.3614783,7.3038893,7.470174,6.8642654,7.52426,7.133377,7.318921,7.0656414,7.2665763
merck/eg5_extraprotomers/CHEMBL1096002_1,8.235893005435665,data/fep/merck/merck_eg5_extraprotomers_CHEMBL1096002_1.sdf,,data/fep/merck/merck_eg5_extraprotomers_protein.pdb,CHEMBL1096002_1,-11.191304206848145,-10.670000076293944,0.1000000014901161,merck/eg5_extraprotomers,merck,952,merck_eg5_extraprotomers_CHEMBL1096002_1.sdf,merck_eg5_extraprotomers_protein.pdb,6.3824544,6.219335,7.638402,7.111015,7.0467334,6.126737,7.943836,6.546573,7.673817,6.976928,6.9665833
merck/eg5_extraprotomers/CHEMBL1084676_1,7.931873473345141,data/fep/merck/merck_eg5_extraprotomers_CHEMBL1084676_1.sdf,,data/fep/merck/merck_eg5_extraprotomers_protein.pdb,CHEMBL1084676_1,-10.778188705444336,-10.869999885559082,0.0900000035762786,merck/eg5_extraprotomers,merck,953,merck_eg5_extraprotomers_CHEMBL1084676_1.sdf,merck_eg5_extraprotomers_protein.pdb,6.7354426,6.64458,7.510393,6.7270527,7.3045955,7.183168,6.329136,6.7174587,6.629567,7.182292,6.8963685
merck/eg5_extraprotomers/CHEMBL1084677_1,8.481344371248918,data/fep/merck/merck_eg5_extraprotomers_CHEMBL1084677_1.sdf,,data/fep/merck/merck_eg5_extraprotomers_protein.pdb,CHEMBL1084677_1,-11.524834632873535,-11.970000267028809,0.0900000035762786,merck/eg5_extraprotomers,merck,954,merck_eg5_extraprotomers_CHEMBL1084677_1.sdf,merck_eg5_extraprotomers_protein.pdb,6.9923015,6.630854,6.9912915,7.009641,6.9513135,7.0150228,7.1626945,7.22703,6.457186,7.391931,6.982927
merck/eg5_extraprotomers/CHEMBL1084935_1,7.79793048924848,data/fep/merck/merck_eg5_extraprotomers_CHEMBL1084935_1.sdf,,data/fep/merck/merck_eg5_extraprotomers_protein.pdb,CHEMBL1084935_1,-10.59618091583252,-8.449999809265137,0.1000000014901161,merck/eg5_extraprotomers,merck,955,merck_eg5_extraprotomers_CHEMBL1084935_1.sdf,merck_eg5_extraprotomers_protein.pdb,6.444845,6.5808935,6.6414046,6.4363513,6.7395306,6.7869334,7.046642,6.5264406,6.981692,6.4887357,6.667347
merck/syk_4puz_fullmap/CHEMBL3265014,7.653727496011036,data/fep/merck/merck_syk_4puz_fullmap_CHEMBL3265014.sdf,,data/fep/merck/merck_syk_4puz_fullmap_protein.pdb,CHEMBL3265014,-10.40023136138916,-10.43000030517578,0.0700000002980232,merck/syk_4puz_fullmap,merck,956,merck_syk_4puz_fullmap_CHEMBL3265014.sdf,merck_syk_4puz_fullmap_protein.pdb,6.8850956,6.429122,6.8261476,7.070811,7.448329,5.957347,6.785867,6.7991004,7.0222197,6.511812,6.773585
merck/syk_4puz_fullmap/CHEMBL3265036,7.666744281669023,data/fep/merck/merck_syk_4puz_fullmap_CHEMBL3265036.sdf,,data/fep/merck/merck_syk_4puz_fullmap_protein.pdb,CHEMBL3265036,-10.417919158935549,-11.800000190734863,0.0799999982118606,merck/syk_4puz_fullmap,merck,957,merck_syk_4puz_fullmap_CHEMBL3265036.sdf,merck_syk_4puz_fullmap_protein.pdb,7.7812877,7.2005715,6.9542966,7.6895223,7.728254,7.3004537,7.904932,7.700323,7.2524214,7.1689076,7.4680967
merck/syk_4puz_fullmap/CHEMBL3265020,8.097563602491618,data/fep/merck/merck_syk_4puz_fullmap_CHEMBL3265020.sdf,,data/fep/merck/merck_syk_4puz_fullmap_protein.pdb,CHEMBL3265020,-11.003335952758787,-10.06999969482422,0.0700000002980232,merck/syk_4puz_fullmap,merck,958,merck_syk_4puz_fullmap_CHEMBL3265020.sdf,merck_syk_4puz_fullmap_protein.pdb,6.845131,7.0488143,6.754975,7.139384,6.9052196,6.6984196,7.266813,7.3979964,6.8983974,6.4334884,6.9388633
merck/syk_4puz_fullmap/CHEMBL3265023,7.710382481843832,data/fep/merck/merck_syk_4puz_fullmap_CHEMBL3265023.sdf,,data/fep/merck/merck_syk_4puz_fullmap_protein.pdb,CHEMBL3265023,-10.477216720581056,-9.720000267028809,0.0700000002980232,merck/syk_4puz_fullmap,merck,959,merck_syk_4puz_fullmap_CHEMBL3265023.sdf,merck_syk_4puz_fullmap_protein.pdb,6.987636,6.6628885,7.171046,7.525592,7.4898286,6.651556,7.4075966,7.525988,7.4237633,6.7533016,7.1599207
merck/syk_4puz_fullmap/CHEMBL3265033,8.712276339763827,data/fep/merck/merck_syk_4puz_fullmap_CHEMBL3265033.sdf,,data/fep/merck/merck_syk_4puz_fullmap_protein.pdb,CHEMBL3265033,-11.838635444641112,-11.5600004196167,0.0700000002980232,merck/syk_4puz_fullmap,merck,960,merck_syk_4puz_fullmap_CHEMBL3265033.sdf,merck_syk_4puz_fullmap_protein.pdb,7.9499736,7.0785418,7.1083646,7.813605,7.276933,7.4047713,8.188452,7.7329655,7.613224,7.295603,7.5462427
merck/syk_4puz_fullmap/CHEMBL3265027,7.601964946303858,data/fep/merck/merck_syk_4puz_fullmap_CHEMBL3265027.sdf,,data/fep/merck/merck_syk_4puz_fullmap_protein.pdb,CHEMBL3265027,-10.329894065856934,-10.390000343322754,0.0700000002980232,merck/syk_4puz_fullmap,merck,961,merck_syk_4puz_fullmap_CHEMBL3265027.sdf,merck_syk_4puz_fullmap_protein.pdb,6.988562,6.270058,6.530088,7.5561614,6.739668,6.566944,7.1253533,7.0645742,6.2903686,6.403903,6.753568
merck/syk_4puz_fullmap/CHEMBL3265028,8.102663077586833,data/fep/merck/merck_syk_4puz_fullmap_CHEMBL3265028.sdf,,data/fep/merck/merck_syk_4puz_fullmap_protein.pdb,CHEMBL3265028,-11.010265350341797,-10.699999809265137,0.0700000002980232,merck/syk_4puz_fullmap,merck,962,merck_syk_4puz_fullmap_CHEMBL3265028.sdf,merck_syk_4puz_fullmap_protein.pdb,7.1004767,6.5776973,6.464606,7.525784,7.3550224,6.645169,7.3931184,7.2277107,6.800502,6.9920526,7.008214
merck/syk_4puz_fullmap/CHEMBL3265032,8.145761572786661,data/fep/merck/merck_syk_4puz_fullmap_CHEMBL3265032.sdf,,data/fep/merck/merck_syk_4puz_fullmap_protein.pdb,CHEMBL3265032,-11.068829536437988,-11.199999809265137,0.0700000002980232,merck/syk_4puz_fullmap,merck,963,merck_syk_4puz_fullmap_CHEMBL3265032.sdf,merck_syk_4puz_fullmap_protein.pdb,7.6722593,7.0084414,6.9388447,7.6744027,7.316721,7.510425,7.7662725,7.691814,7.389412,7.4063296,7.4374924
merck/syk_4puz_fullmap/CHEMBL3265031,8.889067266815754,data/fep/merck/merck_syk_4puz_fullmap_CHEMBL3265031.sdf,,data/fep/merck/merck_syk_4puz_fullmap_protein.pdb,CHEMBL3265031,-12.078866958618164,-11.520000457763672,0.0700000002980232,merck/syk_4puz_fullmap,merck,964,merck_syk_4puz_fullmap_CHEMBL3265031.sdf,merck_syk_4puz_fullmap_protein.pdb,7.7082524,7.5257163,6.8666368,7.788517,7.5990653,7.0504317,7.7423778,7.7384152,7.623586,7.233934,7.487693
merck/syk_4puz_fullmap/CHEMBL3265037,9.393741248141998,data/fep/merck/merck_syk_4puz_fullmap_CHEMBL3265037.sdf,,data/fep/merck/merck_syk_4puz_fullmap_protein.pdb,CHEMBL3265037,-12.764640808105469,-11.609999656677246,0.0700000002980232,merck/syk_4puz_fullmap,merck,965,merck_syk_4puz_fullmap_CHEMBL3265037.sdf,merck_syk_4puz_fullmap_protein.pdb,8.031734,7.3744316,7.197827,8.0331745,7.506964,7.4984,7.7453375,7.8684335,7.2098594,7.4626775,7.592884
merck/syk_4puz_fullmap/CHEMBL3265026,8.361007005676315,data/fep/merck/merck_syk_4puz_fullmap_CHEMBL3265026.sdf,,data/fep/merck/merck_syk_4puz_fullmap_protein.pdb,CHEMBL3265026,-11.36131477355957,-10.210000038146973,0.0700000002980232,merck/syk_4puz_fullmap,merck,966,merck_syk_4puz_fullmap_CHEMBL3265026.sdf,merck_syk_4puz_fullmap_protein.pdb,6.8189855,6.777386,7.2985754,7.009784,7.0658855,7.263418,7.216783,7.3801274,7.118937,6.561252,7.051114
merck/syk_4puz_fullmap/CHEMBL3265012,7.76121721623641,data/fep/merck/merck_syk_4puz_fullmap_CHEMBL3265012.sdf,,data/fep/merck/merck_syk_4puz_fullmap_protein.pdb,CHEMBL3265012,-10.546293258666992,-9.670000076293944,0.0700000002980232,merck/syk_4puz_fullmap,merck,967,merck_syk_4puz_fullmap_CHEMBL3265012.sdf,merck_syk_4puz_fullmap_protein.pdb,6.535259,6.3760753,7.06829,7.6965446,7.288079,5.949101,7.147029,6.877386,7.450062,6.6841054,6.9071937
merck/syk_4puz_fullmap/CHEMBL3265029,8.187318855860273,data/fep/merck/merck_syk_4puz_fullmap_CHEMBL3265029.sdf,,data/fep/merck/merck_syk_4puz_fullmap_protein.pdb,CHEMBL3265029,-11.125299453735352,-11.0600004196167,0.0700000002980232,merck/syk_4puz_fullmap,merck,968,merck_syk_4puz_fullmap_CHEMBL3265029.sdf,merck_syk_4puz_fullmap_protein.pdb,7.2490444,6.917438,6.381331,7.530162,7.038848,6.4782915,7.2184424,7.3307047,6.6891637,6.900803,6.973423
merck/syk_4puz_fullmap/CHEMBL3265035,8.151461811807211,data/fep/merck/merck_syk_4puz_fullmap_CHEMBL3265035.sdf,,data/fep/merck/merck_syk_4puz_fullmap_protein.pdb,CHEMBL3265035,-11.07657527923584,-11.609999656677246,0.0700000002980232,merck/syk_4puz_fullmap,merck,969,merck_syk_4puz_fullmap_CHEMBL3265035.sdf,merck_syk_4puz_fullmap_protein.pdb,6.9057765,6.6313705,6.3751187,7.2755637,7.0850964,6.6626697,7.1623807,6.8055115,7.2584414,6.868311,6.903024
merck/syk_4puz_fullmap/CHEMBL3265024,8.672610480497209,data/fep/merck/merck_syk_4puz_fullmap_CHEMBL3265024.sdf,,data/fep/merck/merck_syk_4puz_fullmap_protein.pdb,CHEMBL3265024,-11.784735679626465,-11.06999969482422,0.0700000002980232,merck/syk_4puz_fullmap,merck,970,merck_syk_4puz_fullmap_CHEMBL3265024.sdf,merck_syk_4puz_fullmap_protein.pdb,6.413702,7.113525,7.75857,7.442608,7.722797,6.801928,7.7215886,7.163465,7.308739,7.152638,7.2599564
merck/syk_4puz_fullmap/CHEMBL3265018,8.233258346819172,data/fep/merck/merck_syk_4puz_fullmap_CHEMBL3265018.sdf,,data/fep/merck/merck_syk_4puz_fullmap_protein.pdb,CHEMBL3265018,-11.187724113464355,-11.050000190734863,0.0700000002980232,merck/syk_4puz_fullmap,merck,971,merck_syk_4puz_fullmap_CHEMBL3265018.sdf,merck_syk_4puz_fullmap_protein.pdb,7.201254,7.2189217,7.352932,7.5964837,7.276501,6.6438246,7.4764924,7.721045,7.393897,7.008111,7.2889466
merck/syk_4puz_fullmap/CHEMBL3265008,7.200494627618835,data/fep/merck/merck_syk_4puz_fullmap_CHEMBL3265008.sdf,,data/fep/merck/merck_syk_4puz_fullmap_protein.pdb,CHEMBL3265008,-9.784358024597168,-9.789999961853027,0.0700000002980232,merck/syk_4puz_fullmap,merck,972,merck_syk_4puz_fullmap_CHEMBL3265008.sdf,merck_syk_4puz_fullmap_protein.pdb,6.348782,6.299822,7.360107,7.505093,7.6255617,6.106552,7.3705373,7.117619,7.1218476,6.4503508,6.9306273
merck/syk_4puz_fullmap/CHEMBL3265016,8.602697982340084,data/fep/merck/merck_syk_4puz_fullmap_CHEMBL3265016.sdf,,data/fep/merck/merck_syk_4puz_fullmap_protein.pdb,CHEMBL3265016,-11.689735412597656,-11.100000381469728,0.0700000002980232,merck/syk_4puz_fullmap,merck,973,merck_syk_4puz_fullmap_CHEMBL3265016.sdf,merck_syk_4puz_fullmap_protein.pdb,6.7088227,6.841281,6.789118,7.076545,6.8666778,6.699227,7.2522397,7.3873057,6.7141447,6.720276,6.9055634
merck/syk_4puz_fullmap/CHEMBL3265025 flip,7.505972556247736,data/fep/merck/merck_syk_4puz_fullmap_CHEMBL3265025_flip.sdf,,data/fep/merck/merck_syk_4puz_fullmap_protein.pdb,CHEMBL3265025 flip,-10.199455261230469,-10.619999885559082,0.0700000002980232,merck/syk_4puz_fullmap,merck,974,merck_syk_4puz_fullmap_CHEMBL3265025_flip.sdf,merck_syk_4puz_fullmap_protein.pdb,6.789489,7.6005735,7.727929,7.6559544,7.68544,6.8092155,7.670352,6.7490273,7.3194566,6.8310924,7.283853
merck/syk_4puz_fullmap/CHEMBL3265013,7.221736124072416,data/fep/merck/merck_syk_4puz_fullmap_CHEMBL3265013.sdf,,data/fep/merck/merck_syk_4puz_fullmap_protein.pdb,CHEMBL3265013,-9.81322193145752,-10.579999923706056,0.0700000002980232,merck/syk_4puz_fullmap,merck,975,merck_syk_4puz_fullmap_CHEMBL3265013.sdf,merck_syk_4puz_fullmap_protein.pdb,6.72977,7.076087,6.5673122,7.2848125,6.5876155,6.0032516,6.926654,6.8609667,6.4684896,6.3147836,6.681974
merck/syk_4puz_fullmap/CHEMBL3259820,7.782842612067514,data/fep/merck/merck_syk_4puz_fullmap_CHEMBL3259820.sdf,,data/fep/merck/merck_syk_4puz_fullmap_protein.pdb,CHEMBL3259820,-10.575678825378418,-10.0,0.0700000002980232,merck/syk_4puz_fullmap,merck,976,merck_syk_4puz_fullmap_CHEMBL3259820.sdf,merck_syk_4puz_fullmap_protein.pdb,6.3422174,6.2675886,6.5176244,7.279939,6.5336766,5.6360006,6.926179,6.6469812,6.660956,6.0533834,6.486455
merck/syk_4puz_fullmap/CHEMBL3265006,7.328312065523503,data/fep/merck/merck_syk_4puz_fullmap_CHEMBL3265006.sdf,,data/fep/merck/merck_syk_4puz_fullmap_protein.pdb,CHEMBL3265006,-9.95804214477539,-9.029999732971191,0.0799999982118606,merck/syk_4puz_fullmap,merck,977,merck_syk_4puz_fullmap_CHEMBL3265006.sdf,merck_syk_4puz_fullmap_protein.pdb,6.2352514,6.3974853,6.1357827,6.633025,6.855914,5.771446,6.5616484,6.323922,6.6299973,6.3702383,6.391471
merck/syk_4puz_fullmap/CHEMBL3265030_n,8.442362091495475,data/fep/merck/merck_syk_4puz_fullmap_CHEMBL3265030_n.sdf,,data/fep/merck/merck_syk_4puz_fullmap_protein.pdb,CHEMBL3265030_n,-11.471863746643066,-11.329999923706056,0.0700000002980232,merck/syk_4puz_fullmap,merck,978,merck_syk_4puz_fullmap_CHEMBL3265030_n.sdf,merck_syk_4puz_fullmap_protein.pdb,7.7908497,7.224952,7.060705,7.8673396,7.5152426,6.918887,7.521242,7.8686213,7.678817,7.335651,7.478231
merck/syk_4puz_fullmap/CHEMBL3265022,7.941539035003728,data/fep/merck/merck_syk_4puz_fullmap_CHEMBL3265022.sdf,,data/fep/merck/merck_syk_4puz_fullmap_protein.pdb,CHEMBL3265022,-10.791322708129885,-9.81999969482422,0.0700000002980232,merck/syk_4puz_fullmap,merck,979,merck_syk_4puz_fullmap_CHEMBL3265022.sdf,merck_syk_4puz_fullmap_protein.pdb,6.819459,6.8310394,6.8721113,7.6334786,7.3864975,6.595205,7.573657,7.5860996,6.908882,6.9260526,7.1132483
merck/syk_4puz_fullmap/CHEMBL3265019,7.93103198275346,data/fep/merck/merck_syk_4puz_fullmap_CHEMBL3265019.sdf,,data/fep/merck/merck_syk_4puz_fullmap_protein.pdb,CHEMBL3265019,-10.777045249938965,-11.670000076293944,0.0700000002980232,merck/syk_4puz_fullmap,merck,980,merck_syk_4puz_fullmap_CHEMBL3265019.sdf,merck_syk_4puz_fullmap_protein.pdb,7.3906255,7.268961,7.254776,7.7589974,7.1298776,7.026548,7.803178,7.550501,7.906678,7.1504307,7.424057
merck/syk_4puz_fullmap/CHEMBL3265009,7.578219331058683,data/fep/merck/merck_syk_4puz_fullmap_CHEMBL3265009.sdf,,data/fep/merck/merck_syk_4puz_fullmap_protein.pdb,CHEMBL3265009,-10.297627449035645,-10.239999771118164,0.0700000002980232,merck/syk_4puz_fullmap,merck,981,merck_syk_4puz_fullmap_CHEMBL3265009.sdf,merck_syk_4puz_fullmap_protein.pdb,6.607676,7.0056486,6.4416895,7.068517,6.9617376,5.79865,7.144727,7.1491604,6.73092,6.921992,6.783071
merck/syk_4puz_fullmap/CHEMBL3265021,8.014700290415975,data/fep/merck/merck_syk_4puz_fullmap_CHEMBL3265021.sdf,,data/fep/merck/merck_syk_4puz_fullmap_protein.pdb,CHEMBL3265021,-10.890737533569336,-10.260000228881836,0.0700000002980232,merck/syk_4puz_fullmap,merck,982,merck_syk_4puz_fullmap_CHEMBL3265021.sdf,merck_syk_4puz_fullmap_protein.pdb,7.310903,7.142085,7.7657275,7.7802505,7.3891206,7.004684,7.6159377,7.784777,7.6770434,7.284653,7.475518
merck/syk_4puz_fullmap/CHEMBL3265005,7.597111110664098,data/fep/merck/merck_syk_4puz_fullmap_CHEMBL3265005.sdf,,data/fep/merck/merck_syk_4puz_fullmap_protein.pdb,CHEMBL3265005,-10.323298454284668,-10.1899995803833,0.0700000002980232,merck/syk_4puz_fullmap,merck,983,merck_syk_4puz_fullmap_CHEMBL3265005.sdf,merck_syk_4puz_fullmap_protein.pdb,6.526979,6.687248,6.545596,6.6023397,6.883837,5.5799923,7.211189,6.6607237,6.6372466,6.4748144,6.5809965
merck/syk_4puz_fullmap/CHEMBL3265017,8.453688175872925,data/fep/merck/merck_syk_4puz_fullmap_CHEMBL3265017.sdf,,data/fep/merck/merck_syk_4puz_fullmap_protein.pdb,CHEMBL3265017,-11.48725414276123,-11.40999984741211,0.0700000002980232,merck/syk_4puz_fullmap,merck,984,merck_syk_4puz_fullmap_CHEMBL3265017.sdf,merck_syk_4puz_fullmap_protein.pdb,7.3085966,7.1643806,7.358567,7.750242,7.1566296,6.5679216,7.377433,7.649632,7.169066,7.407363,7.2909827
merck/syk_4puz_fullmap/CHEMBL3265010,7.45665236455478,data/fep/merck/merck_syk_4puz_fullmap_CHEMBL3265010.sdf,,data/fep/merck/merck_syk_4puz_fullmap_protein.pdb,CHEMBL3265010,-10.132436752319336,-9.5600004196167,0.0700000002980232,merck/syk_4puz_fullmap,merck,985,merck_syk_4puz_fullmap_CHEMBL3265010.sdf,merck_syk_4puz_fullmap_protein.pdb,6.6871967,6.810351,7.061123,7.035437,7.0667415,5.82644,6.8611307,6.314223,6.3405223,6.6231627,6.662633
merck/syk_4puz_fullmap/CHEMBL3265034,8.453688175872925,data/fep/merck/merck_syk_4puz_fullmap_CHEMBL3265034.sdf,,data/fep/merck/merck_syk_4puz_fullmap_protein.pdb,CHEMBL3265034,-11.48725414276123,-11.59000015258789,0.0799999982118606,merck/syk_4puz_fullmap,merck,986,merck_syk_4puz_fullmap_CHEMBL3265034.sdf,merck_syk_4puz_fullmap_protein.pdb,7.3385696,6.9590454,6.901551,7.771197,6.830562,6.8697395,7.706067,7.336376,7.6195073,7.259596,7.259221
merck/syk_4puz_fullmap/CHEMBL3265011 flip,6.356783455259643,data/fep/merck/merck_syk_4puz_fullmap_CHEMBL3265011_flip.sdf,,data/fep/merck/merck_syk_4puz_fullmap_protein.pdb,CHEMBL3265011 flip,-8.637885093688965,-8.359999656677246,0.0700000002980232,merck/syk_4puz_fullmap,merck,987,merck_syk_4puz_fullmap_CHEMBL3265011_flip.sdf,merck_syk_4puz_fullmap_protein.pdb,6.8874288,6.75939,7.191373,7.1163697,7.250776,6.3535423,7.13481,6.964773,6.718301,6.8000717,6.9176836
merck/syk_4puz_fullmap/CHEMBL3265015 flip,6.974536507163348,data/fep/merck/merck_syk_4puz_fullmap_CHEMBL3265015_flip.sdf,,data/fep/merck/merck_syk_4puz_fullmap_protein.pdb,CHEMBL3265015 flip,-9.47731590270996,-7.869999885559082,0.0700000002980232,merck/syk_4puz_fullmap,merck,988,merck_syk_4puz_fullmap_CHEMBL3265015_flip.sdf,merck_syk_4puz_fullmap_protein.pdb,6.5417104,6.6302514,6.550448,7.056454,6.5372305,6.2637467,7.0890636,6.462012,6.7453537,5.8841586,6.576043
merck/syk_4puz_fullmap/CHEMBL3265002,7.81345279735209,data/fep/merck/merck_syk_4puz_fullmap_CHEMBL3265002.sdf,,data/fep/merck/merck_syk_4puz_fullmap_protein.pdb,CHEMBL3265002,-10.617273330688477,-12.270000457763672,0.0700000002980232,merck/syk_4puz_fullmap,merck,989,merck_syk_4puz_fullmap_CHEMBL3265002.sdf,merck_syk_4puz_fullmap_protein.pdb,6.977496,7.220411,7.3859053,7.231213,6.9031973,7.37009,7.1959534,7.90559,7.454888,7.354732,7.2999473
merck/syk_4puz_fullmap/docked CHEMBL3264998,8.619153720374417,data/fep/merck/merck_syk_4puz_fullmap_docked_CHEMBL3264998.sdf,,data/fep/merck/merck_syk_4puz_fullmap_protein.pdb,docked CHEMBL3264998,-11.712096214294434,-12.279999732971191,0.1000000014901161,merck/syk_4puz_fullmap,merck,990,merck_syk_4puz_fullmap_docked_CHEMBL3264998.sdf,merck_syk_4puz_fullmap_protein.pdb,7.108236,7.07144,7.2902594,7.0341616,7.060979,7.1014457,7.1154027,7.378069,7.7670527,7.856722,7.278376
merck/syk_4puz_fullmap/CHEMBL3264997,8.082612581578694,data/fep/merck/merck_syk_4puz_fullmap_CHEMBL3264997.sdf,,data/fep/merck/merck_syk_4puz_fullmap_protein.pdb,CHEMBL3264997,-10.983019828796388,-11.5600004196167,0.0799999982118606,merck/syk_4puz_fullmap,merck,991,merck_syk_4puz_fullmap_CHEMBL3264997.sdf,merck_syk_4puz_fullmap_protein.pdb,7.373625,7.023846,7.8983455,7.0989614,7.4215884,7.316586,7.614292,7.247819,7.426915,7.504623,7.3926597
merck/syk_4puz_fullmap/docked CHEMBL3264994,7.215656196636436,data/fep/merck/merck_syk_4puz_fullmap_docked_CHEMBL3264994.sdf,,data/fep/merck/merck_syk_4puz_fullmap_protein.pdb,docked CHEMBL3264994,-9.804960250854492,-10.670000076293944,0.1299999952316284,merck/syk_4puz_fullmap,merck,992,merck_syk_4puz_fullmap_docked_CHEMBL3264994.sdf,merck_syk_4puz_fullmap_protein.pdb,7.209743,6.975711,7.190924,7.4264374,7.00809,6.9520645,7.386267,7.435695,7.679513,7.125561,7.2390013
merck/syk_4puz_fullmap/CHEMBL3264995,9.111798386653598,data/fep/merck/merck_syk_4puz_fullmap_CHEMBL3264995.sdf,,data/fep/merck/merck_syk_4puz_fullmap_protein.pdb,CHEMBL3264995,-12.381524085998535,-12.020000457763672,0.0700000002980232,merck/syk_4puz_fullmap,merck,993,merck_syk_4puz_fullmap_CHEMBL3264995.sdf,merck_syk_4puz_fullmap_protein.pdb,7.458974,7.538581,8.32434,7.6522026,7.8431125,8.203433,7.804061,7.976364,8.328397,8.4440155,7.957349
merck/syk_4puz_fullmap/docked CHEMBL3265004,7.990244426231032,data/fep/merck/merck_syk_4puz_fullmap_docked_CHEMBL3265004.sdf,,data/fep/merck/merck_syk_4puz_fullmap_protein.pdb,docked CHEMBL3265004,-10.857505798339844,-11.93000030517578,0.0799999982118606,merck/syk_4puz_fullmap,merck,994,merck_syk_4puz_fullmap_docked_CHEMBL3265004.sdf,merck_syk_4puz_fullmap_protein.pdb,7.4574075,7.501118,7.707995,7.6038713,7.6128564,7.9435887,7.5850296,8.259828,8.238889,7.30533,7.721591
merck/syk_4puz_fullmap/CHEMBL3265001,8.858985557273913,data/fep/merck/merck_syk_4puz_fullmap_CHEMBL3265001.sdf,,data/fep/merck/merck_syk_4puz_fullmap_protein.pdb,CHEMBL3265001,-12.03799057006836,-12.15999984741211,0.0799999982118606,merck/syk_4puz_fullmap,merck,995,merck_syk_4puz_fullmap_CHEMBL3265001.sdf,merck_syk_4puz_fullmap_protein.pdb,7.5770183,6.8929815,7.1289186,7.5697856,7.4944434,7.500087,8.324788,7.5950484,8.301947,8.023133,7.640815
merck/syk_4puz_fullmap/CHEMBL3264996,7.849234745914483,data/fep/merck/merck_syk_4puz_fullmap_CHEMBL3264996.sdf,,data/fep/merck/merck_syk_4puz_fullmap_protein.pdb,CHEMBL3264996,-10.665895462036133,-11.529999732971191,0.0700000002980232,merck/syk_4puz_fullmap,merck,996,merck_syk_4puz_fullmap_CHEMBL3264996.sdf,merck_syk_4puz_fullmap_protein.pdb,6.3761215,6.74682,7.115641,6.7255754,6.564343,6.8579826,7.2647886,7.0430303,7.5832105,7.050708,6.9328218
merck/syk_4puz_fullmap/docked CHEMBL3264999 adjust,8.399789966557334,data/fep/merck/merck_syk_4puz_fullmap_docked_CHEMBL3264999_adjust.sdf,,data/fep/merck/merck_syk_4puz_fullmap_protein.pdb,docked CHEMBL3264999 adjust,-11.41401481628418,-11.489999771118164,0.0700000002980232,merck/syk_4puz_fullmap,merck,997,merck_syk_4puz_fullmap_docked_CHEMBL3264999_adjust.sdf,merck_syk_4puz_fullmap_protein.pdb,7.101406,7.426429,7.817558,7.3955503,7.05715,7.2491403,7.256125,7.834545,7.981855,7.700204,7.481996
merck/syk_4puz_fullmap/redocked CHEMBL3265000 ground state,8.691992837186515,data/fep/merck/merck_syk_4puz_fullmap_redocked_CHEMBL3265000_ground_state.sdf,,data/fep/merck/merck_syk_4puz_fullmap_protein.pdb,redocked CHEMBL3265000 ground state,-11.811073303222656,-12.470000267028809,0.0799999982118606,merck/syk_4puz_fullmap,merck,998,merck_syk_4puz_fullmap_redocked_CHEMBL3265000_ground_state.sdf,merck_syk_4puz_fullmap_protein.pdb,6.951177,7.0693235,7.4642878,7.0747237,6.908653,7.042147,7.928053,7.1726885,7.55795,7.7366652,7.2905664
merck/syk_4puz_fullmap/redocked CHEMBL3265000,8.691992837186515,data/fep/merck/merck_syk_4puz_fullmap_redocked_CHEMBL3265000.sdf,,data/fep/merck/merck_syk_4puz_fullmap_protein.pdb,redocked CHEMBL3265000,-11.811073303222656,-12.470000267028809,0.0700000002980232,merck/syk_4puz_fullmap,merck,999,merck_syk_4puz_fullmap_redocked_CHEMBL3265000.sdf,merck_syk_4puz_fullmap_protein.pdb,7.136212,7.337032,7.3476377,6.993606,6.8519363,6.9165983,7.7290807,7.264643,7.6745844,7.378981,7.263032
merck/syk_4puz_fullmap/CHEMBL3265003 tautomer 1,7.963344098550819,data/fep/merck/merck_syk_4puz_fullmap_CHEMBL3265003_tautomer_1.sdf,,data/fep/merck/merck_syk_4puz_fullmap_protein.pdb,CHEMBL3265003 tautomer 1,-10.820952415466309,-12.039999961853027,0.0700000002980232,merck/syk_4puz_fullmap,merck,1000,merck_syk_4puz_fullmap_CHEMBL3265003_tautomer_1.sdf,merck_syk_4puz_fullmap_protein.pdb,7.2379518,7.149285,7.508012,7.4545655,7.072214,7.599916,7.310121,7.959436,7.913021,7.7856674,7.499018
merck/syk_4puz_fullmap/CHEMBL3265003 tautomer 2,7.963344098550819,data/fep/merck/merck_syk_4puz_fullmap_CHEMBL3265003_tautomer_2.sdf,,data/fep/merck/merck_syk_4puz_fullmap_protein.pdb,CHEMBL3265003 tautomer 2,-10.820952415466309,-12.029999732971191,0.0799999982118606,merck/syk_4puz_fullmap,merck,1001,merck_syk_4puz_fullmap_CHEMBL3265003_tautomer_2.sdf,merck_syk_4puz_fullmap_protein.pdb,7.2291718,6.9594035,7.441874,7.606999,7.1506495,7.6994896,7.4864955,7.993697,7.5760593,7.6919446,7.4835787
merck/hif2a_automap/338,7.917405309418934,data/fep/merck/merck_hif2a_automap_338.sdf,,data/fep/merck/merck_hif2a_automap_protein.pdb,338,-10.75852870941162,-11.210000038146973,0.0700000002980232,merck/hif2a_automap,merck,1002,merck_hif2a_automap_338.sdf,merck_hif2a_automap_protein.pdb,7.9048405,7.891328,7.8474336,8.013488,7.2485313,7.9543056,7.9480553,7.9222183,7.709403,7.619568,7.805917
merck/hif2a_automap/43,6.402099723828708,data/fep/merck/merck_hif2a_automap_43.sdf,,data/fep/merck/merck_hif2a_automap_protein.pdb,43,-8.699462890625,-9.210000038146973,0.0700000002980232,merck/hif2a_automap,merck,1003,merck_hif2a_automap_43.sdf,merck_hif2a_automap_protein.pdb,6.9506416,7.0570164,7.007782,7.4818416,7.271283,7.697422,7.3139114,7.833557,7.008569,7.4422207,7.3064246
merck/hif2a_automap/235,7.449712699024714,data/fep/merck/merck_hif2a_automap_235.sdf,,data/fep/merck/merck_hif2a_automap_protein.pdb,235,-10.123006820678713,-9.9399995803833,0.0700000002980232,merck/hif2a_automap,merck,1004,merck_hif2a_automap_235.sdf,merck_hif2a_automap_protein.pdb,8.357369,7.3959546,7.529531,8.047981,7.500716,7.6805305,8.018567,7.322824,7.6370792,7.8786674,7.7369223
merck/hif2a_automap/234,7.615178243526206,data/fep/merck/merck_hif2a_automap_234.sdf,,data/fep/merck/merck_hif2a_automap_protein.pdb,234,-10.347848892211914,-9.850000381469728,0.0700000002980232,merck/hif2a_automap,merck,1005,merck_hif2a_automap_234.sdf,merck_hif2a_automap_protein.pdb,8.195265,8.066693,7.910312,8.238735,7.439749,7.574643,7.468368,7.628753,7.7111235,7.7738223,7.800746
merck/hif2a_automap/30,7.775514134370815,data/fep/merck/merck_hif2a_automap_30.sdf,,data/fep/merck/merck_hif2a_automap_protein.pdb,30,-10.565720558166504,-11.039999961853027,0.0700000002980232,merck/hif2a_automap,merck,1006,merck_hif2a_automap_30.sdf,merck_hif2a_automap_protein.pdb,6.68984,7.4371824,7.218059,7.6240377,7.2133355,6.9156394,6.9087415,7.595698,7.2540073,7.7146792,7.257122
merck/hif2a_automap/1,8.334028073370357,data/fep/merck/merck_hif2a_automap_1.sdf,,data/fep/merck/merck_hif2a_automap_protein.pdb,1,-11.324654579162598,-10.149999618530272,0.0700000002980232,merck/hif2a_automap,merck,1007,merck_hif2a_automap_1.sdf,merck_hif2a_automap_protein.pdb,7.1793556,7.345908,7.232189,7.2484903,7.094777,8.187448,7.231177,7.5895777,6.9593496,7.4622416,7.353051
merck/hif2a_automap/237,7.027826232456432,data/fep/merck/merck_hif2a_automap_237.sdf,,data/fep/merck/merck_hif2a_automap_protein.pdb,237,-9.549728393554688,-10.520000457763672,0.0900000035762786,merck/hif2a_automap,merck,1008,merck_hif2a_automap_237.sdf,merck_hif2a_automap_protein.pdb,7.892181,7.58792,7.544702,8.0311575,7.6052966,7.9789734,7.5549626,7.776082,7.669972,7.9153786,7.7556624
merck/hif2a_automap/227,7.917405309418934,data/fep/merck/merck_hif2a_automap_227.sdf,,data/fep/merck/merck_hif2a_automap_protein.pdb,227,-10.75852870941162,-11.15999984741211,0.0700000002980232,merck/hif2a_automap,merck,1009,merck_hif2a_automap_227.sdf,merck_hif2a_automap_protein.pdb,7.705262,8.270711,7.327561,7.640543,7.669796,7.7590346,8.176014,7.629509,7.892636,7.295577,7.736665
merck/hif2a_automap/266,7.751939764917442,data/fep/merck/merck_hif2a_automap_266.sdf,,data/fep/merck/merck_hif2a_automap_protein.pdb,266,-10.533686637878418,-11.039999961853027,0.0700000002980232,merck/hif2a_automap,merck,1010,merck_hif2a_automap_266.sdf,merck_hif2a_automap_protein.pdb,7.750647,7.028906,7.704358,7.399482,6.6488085,6.6485515,7.561138,7.177492,7.075498,7.218247,7.2213125
merck/hif2a_automap/206,7.449712699024714,data/fep/merck/merck_hif2a_automap_206.sdf,,data/fep/merck/merck_hif2a_automap_protein.pdb,206,-10.123006820678713,-9.050000190734863,0.0700000002980232,merck/hif2a_automap,merck,1011,merck_hif2a_automap_206.sdf,merck_hif2a_automap_protein.pdb,7.9077616,7.875717,7.550803,7.750801,7.1866126,7.3952937,7.2805777,7.6219273,6.854598,7.018569,7.4442663
merck/hif2a_automap/67,7.48557044490479,data/fep/merck/merck_hif2a_automap_67.sdf,,data/fep/merck/merck_hif2a_automap_protein.pdb,67,-10.17173194885254,-11.850000381469728,0.1000000014901161,merck/hif2a_automap,merck,1012,merck_hif2a_automap_67.sdf,merck_hif2a_automap_protein.pdb,7.5569,7.6265283,7.3922462,7.2376904,7.17893,7.7356553,7.398345,7.303767,7.9322796,6.788499,7.415084
merck/hif2a_automap/156,7.165046748715857,data/fep/merck/merck_hif2a_automap_156.sdf,,data/fep/merck/merck_hif2a_automap_protein.pdb,156,-9.73618984222412,-8.829999923706055,0.0700000002980232,merck/hif2a_automap,merck,1013,merck_hif2a_automap_156.sdf,merck_hif2a_automap_protein.pdb,7.0354433,6.8115454,7.0832906,6.7513876,6.7308846,8.003276,6.8938923,7.535768,6.8019333,7.5162125,7.1163635
merck/hif2a_automap/31,6.507250956438166,data/fep/merck/merck_hif2a_automap_31.sdf,,data/fep/merck/merck_hif2a_automap_protein.pdb,31,-8.842347145080566,-9.220000267028809,0.0700000002980232,merck/hif2a_automap,merck,1014,merck_hif2a_automap_31.sdf,merck_hif2a_automap_protein.pdb,6.6784544,6.4267263,7.1987257,6.8605576,6.947924,7.0400605,6.8417006,7.5179915,7.143875,7.2598505,6.991587
merck/hif2a_automap/289,8.031801007477627,data/fep/merck/merck_hif2a_automap_289.sdf,,data/fep/merck/merck_hif2a_automap_protein.pdb,289,-10.91397476196289,-11.140000343322754,0.0700000002980232,merck/hif2a_automap,merck,1015,merck_hif2a_automap_289.sdf,merck_hif2a_automap_protein.pdb,7.4745803,7.604263,6.73331,6.677906,6.740487,7.2182918,6.8259673,7.091896,7.279739,6.782041,7.042848
merck/hif2a_automap/61,7.438387316474279,data/fep/merck/merck_hif2a_automap_61.sdf,,data/fep/merck/merck_hif2a_automap_protein.pdb,61,-10.107617378234863,-9.279999732971191,0.0700000002980232,merck/hif2a_automap,merck,1016,merck_hif2a_automap_61.sdf,merck_hif2a_automap_protein.pdb,6.706999,7.0764,7.082243,7.1870155,6.771192,7.717019,7.0261827,7.1984487,6.89205,7.2952137,7.095276
merck/hif2a_automap/167,7.855010080425701,data/fep/merck/merck_hif2a_automap_167.sdf,,data/fep/merck/merck_hif2a_automap_protein.pdb,167,-10.67374324798584,-10.380000114440918,0.0700000002980232,merck/hif2a_automap,merck,1017,merck_hif2a_automap_167.sdf,merck_hif2a_automap_protein.pdb,8.017607,8.022484,7.7024155,7.940675,7.5097375,7.513107,7.621793,7.845431,7.7861357,7.7082567,7.7667646
merck/hif2a_automap/165,6.796461236672911,data/fep/merck/merck_hif2a_automap_165.sdf,,data/fep/merck/merck_hif2a_automap_protein.pdb,165,-9.235339164733888,-8.539999961853027,0.0700000002980232,merck/hif2a_automap,merck,1018,merck_hif2a_automap_165.sdf,merck_hif2a_automap_protein.pdb,7.4496684,7.693201,7.7260437,7.9451156,7.4038973,7.452742,7.175776,7.5683403,7.6470485,7.8903546,7.5952196
merck/hif2a_automap/41,7.2024428994140886,data/fep/merck/merck_hif2a_automap_41.sdf,,data/fep/merck/merck_hif2a_automap_protein.pdb,41,-9.787005424499512,-10.350000381469728,0.0700000002980232,merck/hif2a_automap,merck,1019,merck_hif2a_automap_41.sdf,merck_hif2a_automap_protein.pdb,7.18174,7.4404736,7.198563,7.3204274,7.526611,8.132836,7.353211,7.8081045,6.793093,7.1395683,7.3894625
merck/hif2a_automap/7b,5.4417627980688135,data/fep/merck/merck_hif2a_automap_7b.sdf,,data/fep/merck/merck_hif2a_automap_protein.pdb,7b,-7.394513607025146,-6.340000152587891,0.0700000002980232,merck/hif2a_automap,merck,1020,merck_hif2a_automap_7b.sdf,merck_hif2a_automap_protein.pdb,6.8059654,7.1468735,7.0503607,7.170632,7.086685,7.83123,6.8117313,6.9226785,6.5152993,7.1332245,7.0474687
merck/hif2a_automap/54,6.85103460357749,data/fep/merck/merck_hif2a_automap_54.sdf,,data/fep/merck/merck_hif2a_automap_protein.pdb,54,-9.30949592590332,-9.619999885559082,0.0700000002980232,merck/hif2a_automap,merck,1021,merck_hif2a_automap_54.sdf,merck_hif2a_automap_protein.pdb,6.766107,6.8667173,7.0031433,6.4953184,6.299121,7.4226747,6.4568467,6.4446335,7.539959,7.080464,6.837499
merck/hif2a_automap/215,7.800436011694105,data/fep/merck/merck_hif2a_automap_215.sdf,,data/fep/merck/merck_hif2a_automap_protein.pdb,215,-10.59958553314209,-10.31999969482422,0.0700000002980232,merck/hif2a_automap,merck,1022,merck_hif2a_automap_215.sdf,merck_hif2a_automap_protein.pdb,8.0342655,8.198098,7.648098,7.556818,7.619436,7.7262015,7.4624577,8.006895,7.6933002,7.7478614,7.7693434
merck/hif2a_automap/57,7.855010080425701,data/fep/merck/merck_hif2a_automap_57.sdf,,data/fep/merck/merck_hif2a_automap_protein.pdb,57,-10.67374324798584,-10.31999969482422,0.0700000002980232,merck/hif2a_automap,merck,1023,merck_hif2a_automap_57.sdf,merck_hif2a_automap_protein.pdb,7.843256,7.872821,7.308828,7.383802,7.4578767,8.326127,7.272788,7.618343,7.425972,7.7795877,7.6289396
merck/hif2a_automap/42,6.578890650880635,data/fep/merck/merck_hif2a_automap_42.sdf,,data/fep/merck/merck_hif2a_automap_protein.pdb,42,-8.93969440460205,-9.960000038146973,0.0700000002980232,merck/hif2a_automap,merck,1024,merck_hif2a_automap_42.sdf,merck_hif2a_automap_protein.pdb,7.28166,7.7822638,7.515447,7.512594,7.271238,7.705933,7.323447,7.7638936,7.128866,7.507887,7.479323
merck/hif2a_automap/252,7.147486334959001,data/fep/merck/merck_hif2a_automap_252.sdf,,data/fep/merck/merck_hif2a_automap_protein.pdb,252,-9.71232795715332,-10.479999542236328,0.0700000002980232,merck/hif2a_automap,merck,1025,merck_hif2a_automap_252.sdf,merck_hif2a_automap_protein.pdb,7.7581525,7.6553617,7.9015427,7.963017,7.5776663,7.652258,7.295392,7.691937,7.4708467,7.752138,7.6718307
merck/hif2a_automap/336,7.229283571797977,data/fep/merck/merck_hif2a_automap_336.sdf,,data/fep/merck/merck_hif2a_automap_protein.pdb,336,-9.823477745056152,-10.390000343322754,0.1199999973177909,merck/hif2a_automap,merck,1026,merck_hif2a_automap_336.sdf,merck_hif2a_automap_protein.pdb,7.227689,7.37415,6.936328,6.948442,6.6512933,7.1990676,6.7551694,7.069762,7.3380265,6.968054,7.0467978
merck/hif2a_automap/290,7.775514134370815,data/fep/merck/merck_hif2a_automap_290.sdf,,data/fep/merck/merck_hif2a_automap_protein.pdb,290,-10.565720558166504,-11.380000114440918,0.0700000002980232,merck/hif2a_automap,merck,1027,merck_hif2a_automap_290.sdf,merck_hif2a_automap_protein.pdb,8.165022,7.9536138,7.7623506,8.131592,7.7304616,8.012464,7.947999,7.882404,7.7121124,8.087601,7.938562
merck/hif2a_automap/155,7.729574643411915,data/fep/merck/merck_hif2a_automap_155.sdf,,data/fep/merck/merck_hif2a_automap_protein.pdb,155,-10.5032958984375,-9.6899995803833,0.0700000002980232,merck/hif2a_automap,merck,1028,merck_hif2a_automap_155.sdf,merck_hif2a_automap_protein.pdb,7.125963,7.517198,7.4965925,7.2884836,6.933346,7.856318,7.187393,7.564388,6.958199,7.5784974,7.3506384
merck/hif2a_automap/164,4.978318697513414,data/fep/merck/merck_hif2a_automap_164.sdf,,data/fep/merck/merck_hif2a_automap_protein.pdb,164,-6.764764785766602,-6.599999904632568,0.0700000002980232,merck/hif2a_automap,merck,1029,merck_hif2a_automap_164.sdf,merck_hif2a_automap_protein.pdb,7.439831,7.6828322,7.2537117,7.8405657,7.3780985,6.9009657,7.3458977,7.17992,7.1029916,7.6674685,7.379228
merck/hif2a_automap/7a,7.357031528828103,data/fep/merck/merck_hif2a_automap_7a.sdf,,data/fep/merck/merck_hif2a_automap_protein.pdb,7a,-9.99706745147705,-8.569999694824219,0.0700000002980232,merck/hif2a_automap,merck,1030,merck_hif2a_automap_7a.sdf,merck_hif2a_automap_protein.pdb,6.9110103,7.089758,7.024273,7.003298,6.568176,7.9024067,7.203218,6.9877124,6.4570684,7.314407,7.0461326
merck/hif2a_automap/224,7.109069727780117,data/fep/merck/merck_hif2a_automap_224.sdf,,data/fep/merck/merck_hif2a_automap_protein.pdb,224,-9.660125732421877,-10.279999732971191,0.0700000002980232,merck/hif2a_automap,merck,1031,merck_hif2a_automap_224.sdf,merck_hif2a_automap_protein.pdb,8.1541605,6.8330364,7.333135,7.630163,6.459925,7.292525,7.9920406,7.334643,7.7101154,6.7948775,7.353462
merck/hif2a_automap/84,5.574915524945932,data/fep/merck/merck_hif2a_automap_84.sdf,,data/fep/merck/merck_hif2a_automap_protein.pdb,84,-7.5754475593566895,-9.369999885559082,0.0700000002980232,merck/hif2a_automap,merck,1032,merck_hif2a_automap_84.sdf,merck_hif2a_automap_protein.pdb,6.8325787,7.23848,7.336602,7.46224,7.0720487,7.41699,6.977129,7.6014457,7.1550293,7.0485506,7.21411
merck/hif2a_automap/254,7.027826232456432,data/fep/merck/merck_hif2a_automap_254.sdf,,data/fep/merck/merck_hif2a_automap_protein.pdb,254,-9.549728393554688,-10.210000038146973,0.0700000002980232,merck/hif2a_automap,merck,1033,merck_hif2a_automap_254.sdf,merck_hif2a_automap_protein.pdb,7.723154,8.056291,7.521645,7.6732087,7.2505703,7.4688206,7.2401595,7.547197,7.3778057,7.861726,7.5720572
merck/hif2a_automap/23,5.201049115524241,data/fep/merck/merck_hif2a_automap_23.sdf,,data/fep/merck/merck_hif2a_automap_protein.pdb,23,-7.067420959472656,-6.900000095367432,0.0700000002980232,merck/hif2a_automap,merck,1034,merck_hif2a_automap_23.sdf,merck_hif2a_automap_protein.pdb,6.4547324,7.1352825,6.985811,6.3786817,6.4712343,8.169254,6.977122,7.4268923,7.0972857,6.7790184,6.987532
merck/hif2a_automap/251,7.538486096398566,data/fep/merck/merck_hif2a_automap_251.sdf,,data/fep/merck/merck_hif2a_automap_protein.pdb,251,-10.24363613128662,-10.539999961853027,0.0700000002980232,merck/hif2a_automap,merck,1035,merck_hif2a_automap_251.sdf,merck_hif2a_automap_protein.pdb,7.5075507,7.593265,6.9996066,7.067608,6.640841,7.5927086,7.0682087,7.4158673,7.156497,7.4755135,7.251767
merck/hif2a_automap/256,7.855010080425701,data/fep/merck/merck_hif2a_automap_256.sdf,,data/fep/merck/merck_hif2a_automap_protein.pdb,256,-10.67374324798584,-9.720000267028809,0.0700000002980232,merck/hif2a_automap,merck,1036,merck_hif2a_automap_256.sdf,merck_hif2a_automap_protein.pdb,7.148419,7.607431,7.379273,7.42148,7.104123,7.907177,7.081226,7.372396,7.3859434,7.5721755,7.3979635
merck/hif2a_automap/50,7.136160250581551,data/fep/merck/merck_hif2a_automap_50.sdf,,data/fep/merck/merck_hif2a_automap_protein.pdb,50,-9.696937561035156,-8.630000114440918,0.0700000002980232,merck/hif2a_automap,merck,1037,merck_hif2a_automap_50.sdf,merck_hif2a_automap_protein.pdb,6.615631,7.614151,7.2654715,7.0126147,6.477972,6.9124155,5.792242,6.66643,6.7149997,7.1394205,6.821135
merck/hif2a_automap/231,7.375992087481046,data/fep/merck/merck_hif2a_automap_231.sdf,,data/fep/merck/merck_hif2a_automap_protein.pdb,231,-10.022831916809082,-9.600000381469728,0.0700000002980232,merck/hif2a_automap,merck,1038,merck_hif2a_automap_231.sdf,merck_hif2a_automap_protein.pdb,7.18044,7.38219,6.904989,6.8055034,7.174194,7.2315526,7.1207767,7.125575,7.121651,6.8067126,7.0853586
merck/hif2a_automap/15,8.129096690301685,data/fep/merck/merck_hif2a_automap_15.sdf,,data/fep/merck/merck_hif2a_automap_protein.pdb,15,-11.046184539794922,-11.40999984741211,0.0700000002980232,merck/hif2a_automap,merck,1039,merck_hif2a_automap_15.sdf,merck_hif2a_automap_protein.pdb,7.852302,7.83569,7.889888,8.164131,7.5695496,7.9164853,7.884207,7.8964877,7.7117925,7.8918514,7.861239
merck/hif2a_automap/124,7.449712699024714,data/fep/merck/merck_hif2a_automap_124.sdf,,data/fep/merck/merck_hif2a_automap_protein.pdb,124,-10.123006820678713,-10.15999984741211,0.0700000002980232,merck/hif2a_automap,merck,1040,merck_hif2a_automap_124.sdf,merck_hif2a_automap_protein.pdb,6.740464,7.073995,7.0005727,7.2636614,7.254292,7.4956713,7.1333723,7.530729,7.2566767,6.877096,7.1626534
merck/hif2a_automap/25,7.567564895135143,data/fep/merck/merck_hif2a_automap_25.sdf,,data/fep/merck/merck_hif2a_automap_protein.pdb,25,-10.28314971923828,-9.68000030517578,0.0700000002980232,merck/hif2a_automap,merck,1041,merck_hif2a_automap_25.sdf,merck_hif2a_automap_protein.pdb,7.664312,7.2071285,6.9540014,7.862225,7.096233,7.65065,7.5631027,7.3626714,7.55471,7.2449803,7.4160013
merck/hif2a_automap/163,8.102663077586833,data/fep/merck/merck_hif2a_automap_163.sdf,,data/fep/merck/merck_hif2a_automap_protein.pdb,163,-11.010265350341797,-10.470000267028809,0.0700000002980232,merck/hif2a_automap,merck,1042,merck_hif2a_automap_163.sdf,merck_hif2a_automap_protein.pdb,8.075544,7.750184,7.8713512,7.8855724,7.5185876,7.5686917,7.1648912,7.9449973,7.6068664,7.725911,7.7112594
merck/tnks2_fullmap/1a,6.292521366404964,data/fep/merck/merck_tnks2_fullmap_1a.sdf,,data/fep/merck/merck_tnks2_fullmap_protein.pdb,1a,-8.550562858581543,-8.75,0.0700000002980232,merck/tnks2_fullmap,merck,1043,merck_tnks2_fullmap_1a.sdf,merck_tnks2_fullmap_protein.pdb,6.3114324,6.5170984,6.5513835,6.503653,6.6234303,6.250958,6.444578,6.56936,6.560074,6.7289705,6.5060935
merck/tnks2_fullmap/1b,7.312951879460493,data/fep/merck/merck_tnks2_fullmap_1b.sdf,,data/fep/merck/merck_tnks2_fullmap_protein.pdb,1b,-9.937170028686523,-10.079999923706056,0.0700000002980232,merck/tnks2_fullmap,merck,1044,merck_tnks2_fullmap_1b.sdf,merck_tnks2_fullmap_protein.pdb,7.077261,7.1289887,6.8757153,6.338744,6.8455343,6.970827,7.2782536,7.269086,6.7150187,7.2954483,6.9794874
merck/tnks2_fullmap/3a,8.092522379038702,data/fep/merck/merck_tnks2_fullmap_3a.sdf,,data/fep/merck/merck_tnks2_fullmap_protein.pdb,3a,-10.996485710144045,-12.5,0.0700000002980232,merck/tnks2_fullmap,merck,1045,merck_tnks2_fullmap_3a.sdf,merck_tnks2_fullmap_protein.pdb,6.8115187,6.7343807,6.940512,7.0547266,6.813744,7.0586753,7.407963,6.7117414,7.1307807,6.533896,6.9197936
merck/tnks2_fullmap/3b,8.477262545326298,data/fep/merck/merck_tnks2_fullmap_3b.sdf,,data/fep/merck/merck_tnks2_fullmap_protein.pdb,3b,-11.519288063049316,-12.239999771118164,0.0700000002980232,merck/tnks2_fullmap,merck,1046,merck_tnks2_fullmap_3b.sdf,merck_tnks2_fullmap_protein.pdb,7.06938,6.7664394,6.9837174,7.594375,7.274075,7.042854,7.122511,6.8669043,6.6971426,6.735872,7.0153275
merck/tnks2_fullmap/5f,7.552783716359988,data/fep/merck/merck_tnks2_fullmap_5f.sdf,,data/fep/merck/merck_tnks2_fullmap_protein.pdb,5f,-10.26306438446045,-11.609999656677246,0.0700000002980232,merck/tnks2_fullmap,merck,1047,merck_tnks2_fullmap_5f.sdf,merck_tnks2_fullmap_protein.pdb,7.5551715,7.411715,7.3755984,7.0840507,7.096711,7.316301,7.5375376,7.298512,7.355975,7.4091687,7.3440742
merck/tnks2_fullmap/5l,7.427348279346202,data/fep/merck/merck_tnks2_fullmap_5l.sdf,,data/fep/merck/merck_tnks2_fullmap_protein.pdb,5l,-10.09261703491211,-12.010000228881836,0.0700000002980232,merck/tnks2_fullmap,merck,1048,merck_tnks2_fullmap_5l.sdf,merck_tnks2_fullmap_protein.pdb,7.613965,7.2388415,7.045293,6.9690547,7.366689,7.0680437,7.47981,7.446512,7.6201677,7.3778567,7.322623
merck/tnks2_fullmap/5g,7.952305061422743,data/fep/merck/merck_tnks2_fullmap_5g.sdf,,data/fep/merck/merck_tnks2_fullmap_protein.pdb,5g,-10.805952072143556,-11.899999618530272,0.0700000002980232,merck/tnks2_fullmap,merck,1049,merck_tnks2_fullmap_5g.sdf,merck_tnks2_fullmap_protein.pdb,7.376898,7.5309825,7.209377,6.7280893,6.9901342,7.054834,7.441133,7.0854907,7.1406107,7.2005324,7.175808
merck/tnks2_fullmap/5e,7.438387316474279,data/fep/merck/merck_tnks2_fullmap_5e.sdf,,data/fep/merck/merck_tnks2_fullmap_protein.pdb,5e,-10.107617378234863,-11.18000030517578,0.0700000002980232,merck/tnks2_fullmap,merck,1050,merck_tnks2_fullmap_5e.sdf,merck_tnks2_fullmap_protein.pdb,7.1319137,7.628863,6.704694,6.3050923,6.7742066,6.9725323,6.76388,6.88391,6.3720164,7.140129,6.867724
merck/tnks2_fullmap/5i,8.889067266815754,data/fep/merck/merck_tnks2_fullmap_5i.sdf,,data/fep/merck/merck_tnks2_fullmap_protein.pdb,5i,-12.078866958618164,-13.100000381469728,0.0700000002980232,merck/tnks2_fullmap,merck,1051,merck_tnks2_fullmap_5i.sdf,merck_tnks2_fullmap_protein.pdb,7.8363905,8.020995,7.482075,7.485674,7.730907,7.55424,7.865021,7.061285,7.7121654,7.8019323,7.655069
merck/tnks2_fullmap/5b,7.708300862915617,data/fep/merck/merck_tnks2_fullmap_5b.sdf,,data/fep/merck/merck_tnks2_fullmap_protein.pdb,5b,-10.474388122558594,-12.270000457763672,0.0700000002980232,merck/tnks2_fullmap,merck,1052,merck_tnks2_fullmap_5b.sdf,merck_tnks2_fullmap_protein.pdb,7.1034293,7.2286963,7.124234,6.58474,6.797553,7.128274,7.1664615,7.713445,7.117397,7.084406,7.1048636
merck/tnks2_fullmap/5h,7.395814489709122,data/fep/merck/merck_tnks2_fullmap_5h.sdf,,data/fep/merck/merck_tnks2_fullmap_protein.pdb,5h,-10.04976749420166,-10.68000030517578,0.0700000002980232,merck/tnks2_fullmap,merck,1053,merck_tnks2_fullmap_5h.sdf,merck_tnks2_fullmap_protein.pdb,7.483413,7.488983,7.1563916,6.6588144,6.7063527,6.6128263,7.4306636,6.6315145,7.045528,7.3052993,7.051979
merck/tnks2_fullmap/5a,7.917405309418934,data/fep/merck/merck_tnks2_fullmap_5a.sdf,,data/fep/merck/merck_tnks2_fullmap_protein.pdb,5a,-10.75852870941162,-11.56999969482422,0.0700000002980232,merck/tnks2_fullmap,merck,1054,merck_tnks2_fullmap_5a.sdf,merck_tnks2_fullmap_protein.pdb,7.073171,7.46123,7.11895,6.5756903,6.541451,6.8031464,7.214463,6.8646417,6.760578,7.1430793,6.9556403
merck/tnks2_fullmap/5k,8.068157752365781,data/fep/merck/merck_tnks2_fullmap_5k.sdf,,data/fep/merck/merck_tnks2_fullmap_protein.pdb,5k,-10.963377952575684,-10.779999732971191,0.0700000002980232,merck/tnks2_fullmap,merck,1055,merck_tnks2_fullmap_5k.sdf,merck_tnks2_fullmap_protein.pdb,7.866529,7.346942,7.063062,7.5811887,7.2706914,7.539141,7.12561,7.3577704,7.8989167,7.550749,7.46006
merck/tnks2_fullmap/5p,7.729574643411915,data/fep/merck/merck_tnks2_fullmap_5p.sdf,,data/fep/merck/merck_tnks2_fullmap_protein.pdb,5p,-10.5032958984375,-10.869999885559082,0.0700000002980232,merck/tnks2_fullmap,merck,1056,merck_tnks2_fullmap_5p.sdf,merck_tnks2_fullmap_protein.pdb,6.9487624,7.250408,6.8122563,7.147849,6.800625,6.786773,7.3377047,6.975069,6.9977674,6.9519534,7.000917
merck/tnks2_fullmap/5j,8.157236444491414,data/fep/merck/merck_tnks2_fullmap_5j.sdf,,data/fep/merck/merck_tnks2_fullmap_protein.pdb,5j,-11.08442211151123,-11.449999809265137,0.0700000002980232,merck/tnks2_fullmap,merck,1057,merck_tnks2_fullmap_5j.sdf,merck_tnks2_fullmap_protein.pdb,7.4438205,7.0975738,6.736517,6.4515924,7.8634973,6.8224697,7.2287154,7.5877256,7.5008073,6.8933816,7.16261
merck/tnks2_fullmap/5d,8.010527928808346,data/fep/merck/merck_tnks2_fullmap_5d.sdf,,data/fep/merck/merck_tnks2_fullmap_protein.pdb,5d,-10.8850679397583,-11.020000457763672,0.0700000002980232,merck/tnks2_fullmap,merck,1058,merck_tnks2_fullmap_5d.sdf,merck_tnks2_fullmap_protein.pdb,7.2950892,7.51926,6.9431295,6.878453,6.961201,7.0506363,7.057882,6.9090853,6.7689657,7.051927,7.043563
merck/tnks2_fullmap/5m,9.338002848391552,data/fep/merck/merck_tnks2_fullmap_5m.sdf,,data/fep/merck/merck_tnks2_fullmap_protein.pdb,5m,-12.6889009475708,-12.369999885559082,0.0700000002980232,merck/tnks2_fullmap,merck,1059,merck_tnks2_fullmap_5m.sdf,merck_tnks2_fullmap_protein.pdb,7.651027,7.636474,7.1930747,7.499228,7.84039,7.596773,7.619823,7.382062,7.6100597,7.4890943,7.551801
merck/tnks2_fullmap/5n,7.885092491794558,data/fep/merck/merck_tnks2_fullmap_5n.sdf,,data/fep/merck/merck_tnks2_fullmap_protein.pdb,5n,-10.71462059020996,-10.989999771118164,0.0700000002980232,merck/tnks2_fullmap,merck,1060,merck_tnks2_fullmap_5n.sdf,merck_tnks2_fullmap_protein.pdb,7.064445,7.2435923,6.7933865,7.0460076,6.811452,6.8530016,7.5059032,7.007253,6.9915757,6.86855,7.0185165
merck/tnks2_fullmap/5c,7.330052596522145,data/fep/merck/merck_tnks2_fullmap_5c.sdf,,data/fep/merck/merck_tnks2_fullmap_protein.pdb,5c,-9.960407257080078,-12.15999984741211,0.0700000002980232,merck/tnks2_fullmap,merck,1061,merck_tnks2_fullmap_5c.sdf,merck_tnks2_fullmap_protein.pdb,7.158715,7.2226796,6.9647045,6.281302,6.227051,6.8957696,7.4672775,7.1114388,6.9010367,7.023047,6.925302
merck/tnks2_fullmap/7,6.1793686039908655,data/fep/merck/merck_tnks2_fullmap_7.sdf,,data/fep/merck/merck_tnks2_fullmap_protein.pdb,7,-8.396805763244629,-8.699999809265137,0.0700000002980232,merck/tnks2_fullmap,merck,1062,merck_tnks2_fullmap_7.sdf,merck_tnks2_fullmap_protein.pdb,7.198566,7.1710668,6.572133,6.6843586,6.9664397,6.9797635,6.8918076,5.6980195,5.8962307,6.730071,6.678846
merck/tnks2_fullmap/8a neutral,7.952305061422743,data/fep/merck/merck_tnks2_fullmap_8a_neutral.sdf,,data/fep/merck/merck_tnks2_fullmap_protein.pdb,8a neutral,-10.805952072143556,-10.260000228881836,0.0700000002980232,merck/tnks2_fullmap,merck,1063,merck_tnks2_fullmap_8a_neutral.sdf,merck_tnks2_fullmap_protein.pdb,7.426898,7.342088,7.388542,7.29823,7.70915,7.5553513,7.6737804,7.5498953,7.4757705,7.7408876,7.516059
merck/tnks2_fullmap/8b neutral,8.779489611219027,data/fep/merck/merck_tnks2_fullmap_8b_neutral.sdf,,data/fep/merck/merck_tnks2_fullmap_protein.pdb,8b neutral,-11.929967880249023,-11.770000457763672,0.0700000002980232,merck/tnks2_fullmap,merck,1064,merck_tnks2_fullmap_8b_neutral.sdf,merck_tnks2_fullmap_protein.pdb,7.3311944,6.9188023,7.444282,7.4166207,7.6819825,7.5708675,7.982935,7.603203,7.4967504,7.759896,7.520653
merck/tnks2_fullmap/8c adjust,7.449712699024714,data/fep/merck/merck_tnks2_fullmap_8c_adjust.sdf,,data/fep/merck/merck_tnks2_fullmap_protein.pdb,8c adjust,-10.123006820678713,-8.119999885559082,0.0700000002980232,merck/tnks2_fullmap,merck,1065,merck_tnks2_fullmap_8c_adjust.sdf,merck_tnks2_fullmap_protein.pdb,7.7336025,7.293407,7.344366,8.001942,8.087687,7.655405,8.393749,7.4370847,8.320563,8.030745,7.8298554
merck/tnks2_fullmap/8d,9.191294332708484,data/fep/merck/merck_tnks2_fullmap_8d.sdf,,data/fep/merck/merck_tnks2_fullmap_protein.pdb,8d,-12.489546775817873,-9.8100004196167,0.0700000002980232,merck/tnks2_fullmap,merck,1066,merck_tnks2_fullmap_8d.sdf,merck_tnks2_fullmap_protein.pdb,7.33069,7.269935,7.4833856,7.9148126,8.16814,7.830503,7.9960475,7.876159,8.00791,7.6641407,7.754172
merck/tnks2_fullmap/8e adjust neutral,7.538486096398566,data/fep/merck/merck_tnks2_fullmap_8e_adjust_neutral.sdf,,data/fep/merck/merck_tnks2_fullmap_protein.pdb,8e adjust neutral,-10.24363613128662,-9.010000228881836,0.0700000002980232,merck/tnks2_fullmap,merck,1067,merck_tnks2_fullmap_8e_adjust_neutral.sdf,merck_tnks2_fullmap_protein.pdb,7.8584795,7.4392653,7.5899444,7.662791,8.044573,7.8490806,7.946349,7.8335543,7.899459,7.692463,7.781596
merck/tnks2_fullmap/8f neutral,8.691992837186515,data/fep/merck/merck_tnks2_fullmap_8f_neutral.sdf,,data/fep/merck/merck_tnks2_fullmap_protein.pdb,8f neutral,-11.811073303222656,-10.65999984741211,0.0700000002980232,merck/tnks2_fullmap,merck,1068,merck_tnks2_fullmap_8f_neutral.sdf,merck_tnks2_fullmap_protein.pdb,7.5082207,7.319973,7.5052066,7.561812,8.085204,7.9345946,7.784042,7.9220324,7.846445,7.600328,7.7067857
merck/tnks2_fullmap/8d neutral equitorial,9.191294332708484,data/fep/merck/merck_tnks2_fullmap_8d_neutral_equitorial.sdf,,data/fep/merck/merck_tnks2_fullmap_protein.pdb,8d neutral equitorial,-12.489546775817873,-9.81999969482422,0.0700000002980232,merck/tnks2_fullmap,merck,1069,merck_tnks2_fullmap_8d_neutral_equitorial.sdf,merck_tnks2_fullmap_protein.pdb,7.3373895,7.4008207,7.3779063,7.866914,8.192335,7.831448,8.159154,7.9792414,7.768822,7.680422,7.759445
merck/tnks2_fullmap/8c neutral equitorial,7.449712699024714,data/fep/merck/merck_tnks2_fullmap_8c_neutral_equitorial.sdf,,data/fep/merck/merck_tnks2_fullmap_protein.pdb,8c neutral equitorial,-10.123006820678713,-8.119999885559082,0.0700000002980232,merck/tnks2_fullmap,merck,1070,merck_tnks2_fullmap_8c_neutral_equitorial.sdf,merck_tnks2_fullmap_protein.pdb,7.894682,7.566989,7.477565,7.8881736,8.232547,7.719991,8.391816,7.6554255,8.084863,8.100268,7.9012313
merck/tnks2_fullmap/5o adjust,8.858985557273913,data/fep/merck/merck_tnks2_fullmap_5o_adjust.sdf,,data/fep/merck/merck_tnks2_fullmap_protein.pdb,5o adjust,-12.03799057006836,-12.149999618530272,0.0700000002980232,merck/tnks2_fullmap,merck,1071,merck_tnks2_fullmap_5o_adjust.sdf,merck_tnks2_fullmap_protein.pdb,7.3474708,7.5700417,7.041276,7.300177,7.6051936,7.309883,7.7030063,7.3864884,7.5880823,7.690734,7.454236
merck/tnks2_fullmap/8f,8.691992837186515,data/fep/merck/merck_tnks2_fullmap_8f.sdf,,data/fep/merck/merck_tnks2_fullmap_protein.pdb,8f,-11.811073303222656,-10.65999984741211,0.0700000002980232,merck/tnks2_fullmap,merck,1072,merck_tnks2_fullmap_8f.sdf,merck_tnks2_fullmap_protein.pdb,7.565529,7.4039598,7.1088905,7.553863,8.134136,7.641546,8.055259,7.860614,7.8898196,7.6828203,7.689644
merck/tnks2_fullmap/8b,8.779489611219027,data/fep/merck/merck_tnks2_fullmap_8b.sdf,,data/fep/merck/merck_tnks2_fullmap_protein.pdb,8b,-11.929967880249023,-11.779999732971191,0.0700000002980232,merck/tnks2_fullmap,merck,1073,merck_tnks2_fullmap_8b.sdf,merck_tnks2_fullmap_protein.pdb,7.230941,6.9117203,7.076459,7.41256,7.987515,7.3511376,7.9268227,7.723158,7.7429996,7.65979,7.5023103
merck/tnks2_fullmap/8e,7.538486096398566,data/fep/merck/merck_tnks2_fullmap_8e.sdf,,data/fep/merck/merck_tnks2_fullmap_protein.pdb,8e,-10.24363613128662,-9.010000228881836,0.0700000002980232,merck/tnks2_fullmap,merck,1074,merck_tnks2_fullmap_8e.sdf,merck_tnks2_fullmap_protein.pdb,7.634493,7.3586125,6.7232823,7.6295495,7.544166,7.9237795,8.272246,7.3534207,7.854276,7.6155105,7.5909333
merck/tnks2_fullmap/8a,7.952305061422743,data/fep/merck/merck_tnks2_fullmap_8a.sdf,,data/fep/merck/merck_tnks2_fullmap_protein.pdb,8a,-10.805952072143556,-10.270000457763672,0.0700000002980232,merck/tnks2_fullmap,merck,1075,merck_tnks2_fullmap_8a.sdf,merck_tnks2_fullmap_protein.pdb,7.240943,7.4045243,6.9031963,7.256308,7.8879333,7.3587255,7.7873344,7.4632545,7.950042,7.753634,7.500589
merck/cdk8_5cei_new_helix_loop_extra/43,8.785364605166457,data/fep/merck/merck_cdk8_5cei_new_helix_loop_extra_43.sdf,,data/fep/merck/merck_cdk8_5cei_new_helix_loop_extra_protein.pdb,43,-11.93795108795166,-11.720000267028809,0.0900000035762786,merck/cdk8_5cei_new_helix_loop_extra,merck,1076,merck_cdk8_5cei_new_helix_loop_extra_43.sdf,merck_cdk8_5cei_new_helix_loop_extra_protein.pdb,7.805401,7.7519183,7.576048,7.6255245,8.01913,7.829679,8.134618,7.6397786,7.797213,8.204701,7.838401
merck/cdk8_5cei_new_helix_loop_extra/22,7.56928577497735,data/fep/merck/merck_cdk8_5cei_new_helix_loop_extra_22.sdf,,data/fep/merck/merck_cdk8_5cei_new_helix_loop_extra_protein.pdb,22,-10.28548812866211,-10.260000228881836,0.1000000014901161,merck/cdk8_5cei_new_helix_loop_extra,merck,1077,merck_cdk8_5cei_new_helix_loop_extra_22.sdf,merck_cdk8_5cei_new_helix_loop_extra_protein.pdb,7.652166,6.6687055,6.6975403,7.3755465,6.6599092,6.8756227,7.408258,6.685872,7.122456,7.5009446,7.064702
merck/cdk8_5cei_new_helix_loop_extra/30,8.607524446726236,data/fep/merck/merck_cdk8_5cei_new_helix_loop_extra_30.sdf,,data/fep/merck/merck_cdk8_5cei_new_helix_loop_extra_protein.pdb,30,-11.696293830871582,-11.329999923706056,0.1000000014901161,merck/cdk8_5cei_new_helix_loop_extra,merck,1078,merck_cdk8_5cei_new_helix_loop_extra_30.sdf,merck_cdk8_5cei_new_helix_loop_extra_protein.pdb,8.041716,7.482141,6.8376718,7.9558125,7.9939656,7.93789,7.248827,7.349999,7.253253,8.094003,7.6195273
merck/cdk8_5cei_new_helix_loop_extra/21,7.178497965296488,data/fep/merck/merck_cdk8_5cei_new_helix_loop_extra_21.sdf,,data/fep/merck/merck_cdk8_5cei_new_helix_loop_extra_protein.pdb,21,-9.754467964172363,-9.630000114440918,0.1000000014901161,merck/cdk8_5cei_new_helix_loop_extra,merck,1079,merck_cdk8_5cei_new_helix_loop_extra_21.sdf,merck_cdk8_5cei_new_helix_loop_extra_protein.pdb,7.4161873,7.004983,6.9056206,7.4829316,6.890255,7.3789444,7.4640417,6.267024,6.7653875,6.9850183,7.0560393
merck/cdk8_5cei_new_helix_loop_extra/24,7.612462172975906,data/fep/merck/merck_cdk8_5cei_new_helix_loop_extra_24.sdf,,data/fep/merck/merck_cdk8_5cei_new_helix_loop_extra_protein.pdb,24,-10.344158172607422,-8.640000343322754,0.1000000014901161,merck/cdk8_5cei_new_helix_loop_extra,merck,1080,merck_cdk8_5cei_new_helix_loop_extra_24.sdf,merck_cdk8_5cei_new_helix_loop_extra_protein.pdb,7.244646,6.7711635,7.0466847,7.057477,6.1770763,7.4932127,6.5681367,6.826963,6.8005733,7.8147984,6.9800735
merck/cdk8_5cei_new_helix_loop_extra/38,8.38347248844507,data/fep/merck/merck_cdk8_5cei_new_helix_loop_extra_38.sdf,,data/fep/merck/merck_cdk8_5cei_new_helix_loop_extra_protein.pdb,38,-11.391841888427734,-12.739999771118164,0.0900000035762786,merck/cdk8_5cei_new_helix_loop_extra,merck,1081,merck_cdk8_5cei_new_helix_loop_extra_38.sdf,merck_cdk8_5cei_new_helix_loop_extra_protein.pdb,7.924608,7.909984,7.5186825,7.650373,8.054757,7.9138083,7.918976,7.891926,7.288922,8.3380575,7.8410096
merck/cdk8_5cei_new_helix_loop_extra/31,8.785364605166457,data/fep/merck/merck_cdk8_5cei_new_helix_loop_extra_31.sdf,,data/fep/merck/merck_cdk8_5cei_new_helix_loop_extra_protein.pdb,31,-11.93795108795166,-12.31999969482422,0.0900000035762786,merck/cdk8_5cei_new_helix_loop_extra,merck,1082,merck_cdk8_5cei_new_helix_loop_extra_31.sdf,merck_cdk8_5cei_new_helix_loop_extra_protein.pdb,7.867113,7.221462,6.344027,7.5395737,7.7149334,7.943421,7.4396367,7.0855684,6.823767,7.761073,7.374057
merck/cdk8_5cei_new_helix_loop_extra/41,8.303504212808697,data/fep/merck/merck_cdk8_5cei_new_helix_loop_extra_41.sdf,,data/fep/merck/merck_cdk8_5cei_new_helix_loop_extra_protein.pdb,41,-11.283177375793455,-12.770000457763672,0.1099999994039535,merck/cdk8_5cei_new_helix_loop_extra,merck,1083,merck_cdk8_5cei_new_helix_loop_extra_41.sdf,merck_cdk8_5cei_new_helix_loop_extra_protein.pdb,7.3607874,7.2644243,6.616068,7.066957,7.454825,7.570654,7.0308957,6.835348,6.847526,7.125974,7.1173463
merck/cdk8_5cei_new_helix_loop_extra/29,6.81171334137552,data/fep/merck/merck_cdk8_5cei_new_helix_loop_extra_29.sdf,,data/fep/merck/merck_cdk8_5cei_new_helix_loop_extra_protein.pdb,29,-9.256064414978027,-11.300000190734863,0.1099999994039535,merck/cdk8_5cei_new_helix_loop_extra,merck,1084,merck_cdk8_5cei_new_helix_loop_extra_29.sdf,merck_cdk8_5cei_new_helix_loop_extra_protein.pdb,7.7461514,7.4881372,6.5953526,7.286878,7.230779,7.7803054,6.9720435,7.215814,6.9942784,7.574013,7.288375
merck/cdk8_5cei_new_helix_loop_extra/26,7.517624990187431,data/fep/merck/merck_cdk8_5cei_new_helix_loop_extra_26.sdf,,data/fep/merck/merck_cdk8_5cei_new_helix_loop_extra_protein.pdb,26,-10.215289115905762,-8.720000267028809,0.1299999952316284,merck/cdk8_5cei_new_helix_loop_extra,merck,1085,merck_cdk8_5cei_new_helix_loop_extra_26.sdf,merck_cdk8_5cei_new_helix_loop_extra_protein.pdb,6.9481764,7.49891,6.98313,7.3587284,7.2761207,8.103831,7.308861,7.1227827,6.9672685,7.368272,7.293608
merck/cdk8_5cei_new_helix_loop_extra/20,7.873305307067873,data/fep/merck/merck_cdk8_5cei_new_helix_loop_extra_20.sdf,,data/fep/merck/merck_cdk8_5cei_new_helix_loop_extra_protein.pdb,20,-10.698603630065918,-9.6899995803833,0.1000000014901161,merck/cdk8_5cei_new_helix_loop_extra,merck,1086,merck_cdk8_5cei_new_helix_loop_extra_20.sdf,merck_cdk8_5cei_new_helix_loop_extra_protein.pdb,7.2407036,6.7619147,7.0825686,7.1731157,6.8242903,7.433521,7.0527163,6.260408,6.3257933,6.974217,6.912925
merck/cdk8_5cei_new_helix_loop_extra/35,8.481344371248918,data/fep/merck/merck_cdk8_5cei_new_helix_loop_extra_35.sdf,,data/fep/merck/merck_cdk8_5cei_new_helix_loop_extra_protein.pdb,35,-11.524834632873535,-11.949999809265137,0.1099999994039535,merck/cdk8_5cei_new_helix_loop_extra,merck,1087,merck_cdk8_5cei_new_helix_loop_extra_35.sdf,merck_cdk8_5cei_new_helix_loop_extra_protein.pdb,7.730827,6.8715696,6.6759195,7.7168565,7.77397,7.679183,7.0865335,7.234257,7.080135,7.600148,7.34494
merck/cdk8_5cei_new_helix_loop_extra/40,8.235893005435665,data/fep/merck/merck_cdk8_5cei_new_helix_loop_extra_40.sdf,,data/fep/merck/merck_cdk8_5cei_new_helix_loop_extra_protein.pdb,40,-11.191304206848145,-12.43000030517578,0.1000000014901161,merck/cdk8_5cei_new_helix_loop_extra,merck,1088,merck_cdk8_5cei_new_helix_loop_extra_40.sdf,merck_cdk8_5cei_new_helix_loop_extra_protein.pdb,7.7468705,6.724189,6.8779907,7.362782,7.555529,7.7069483,7.3246293,6.6995645,7.1568985,7.464535,7.2619944
merck/cdk8_5cei_new_helix_loop_extra/19,7.901612096087311,data/fep/merck/merck_cdk8_5cei_new_helix_loop_extra_19.sdf,,data/fep/merck/merck_cdk8_5cei_new_helix_loop_extra_protein.pdb,19,-10.737068176269531,-9.630000114440918,0.0900000035762786,merck/cdk8_5cei_new_helix_loop_extra,merck,1089,merck_cdk8_5cei_new_helix_loop_extra_19.sdf,merck_cdk8_5cei_new_helix_loop_extra_protein.pdb,7.4432364,6.806799,6.7474947,7.010655,6.7626777,7.689291,7.1333733,6.0961475,6.6917176,7.5790443,6.996043
merck/cdk8_5cei_new_helix_loop_extra/33,8.177324839158397,data/fep/merck/merck_cdk8_5cei_new_helix_loop_extra_33.sdf,,data/fep/merck/merck_cdk8_5cei_new_helix_loop_extra_protein.pdb,33,-11.111719131469728,-10.010000228881836,0.0900000035762786,merck/cdk8_5cei_new_helix_loop_extra,merck,1090,merck_cdk8_5cei_new_helix_loop_extra_33.sdf,merck_cdk8_5cei_new_helix_loop_extra_protein.pdb,7.776542,7.3957496,7.065452,7.8555965,7.3589325,7.8200216,7.5731773,7.2099667,7.0894103,7.9048033,7.5049644
merck/cdk8_5cei_new_helix_loop_extra/27,6.228743538191035,data/fep/merck/merck_cdk8_5cei_new_helix_loop_extra_27.sdf,,data/fep/merck/merck_cdk8_5cei_new_helix_loop_extra_protein.pdb,27,-8.463898658752441,-11.029999732971191,0.1099999994039535,merck/cdk8_5cei_new_helix_loop_extra,merck,1091,merck_cdk8_5cei_new_helix_loop_extra_27.sdf,merck_cdk8_5cei_new_helix_loop_extra_protein.pdb,6.88086,6.806154,6.386003,6.7562833,6.0079412,7.2249384,6.6125207,6.7721677,6.491926,7.417088,6.735589
merck/cdk8_5cei_new_helix_loop_extra/13,8.303504212808697,data/fep/merck/merck_cdk8_5cei_new_helix_loop_extra_13.sdf,,data/fep/merck/merck_cdk8_5cei_new_helix_loop_extra_protein.pdb,13,-11.283177375793455,-9.949999809265137,0.0900000035762786,merck/cdk8_5cei_new_helix_loop_extra,merck,1092,merck_cdk8_5cei_new_helix_loop_extra_13.sdf,merck_cdk8_5cei_new_helix_loop_extra_protein.pdb,7.765149,7.6829557,6.824716,6.928712,7.3822217,7.7374415,7.239093,7.215428,7.6604686,7.3563995,7.3792586
merck/cdk8_5cei_new_helix_loop_extra/39,8.481344371248918,data/fep/merck/merck_cdk8_5cei_new_helix_loop_extra_39.sdf,,data/fep/merck/merck_cdk8_5cei_new_helix_loop_extra_protein.pdb,39,-11.524834632873535,-12.239999771118164,0.1099999994039535,merck/cdk8_5cei_new_helix_loop_extra,merck,1093,merck_cdk8_5cei_new_helix_loop_extra_39.sdf,merck_cdk8_5cei_new_helix_loop_extra_protein.pdb,7.769222,6.355297,6.5057473,7.342273,7.396645,7.5526896,7.247729,6.5608554,6.5353794,7.502511,7.0768347
merck/cdk8_5cei_new_helix_loop_extra/32,7.0277174492690175,data/fep/merck/merck_cdk8_5cei_new_helix_loop_extra_32.sdf,,data/fep/merck/merck_cdk8_5cei_new_helix_loop_extra_protein.pdb,32,-9.549580574035645,-9.949999809265137,0.0900000035762786,merck/cdk8_5cei_new_helix_loop_extra,merck,1094,merck_cdk8_5cei_new_helix_loop_extra_32.sdf,merck_cdk8_5cei_new_helix_loop_extra_protein.pdb,7.5071673,7.345465,6.7477546,7.20314,6.9184604,7.330252,7.0288353,6.416832,6.4072237,7.5883365,7.049347
merck/cdk8_5cei_new_helix_loop_extra/37,8.481344371248918,data/fep/merck/merck_cdk8_5cei_new_helix_loop_extra_37.sdf,,data/fep/merck/merck_cdk8_5cei_new_helix_loop_extra_protein.pdb,37,-11.524834632873535,-12.880000114440918,0.1500000059604644,merck/cdk8_5cei_new_helix_loop_extra,merck,1095,merck_cdk8_5cei_new_helix_loop_extra_37.sdf,merck_cdk8_5cei_new_helix_loop_extra_protein.pdb,7.795579,7.305933,6.802325,7.449786,7.853599,7.997244,7.4988213,6.959606,6.9809623,7.5765395,7.42204
merck/cdk8_5cei_new_helix_loop_extra/23,6.633873182935299,data/fep/merck/merck_cdk8_5cei_new_helix_loop_extra_23.sdf,,data/fep/merck/merck_cdk8_5cei_new_helix_loop_extra_protein.pdb,23,-9.01440715789795,-7.420000076293945,0.1099999994039535,merck/cdk8_5cei_new_helix_loop_extra,merck,1096,merck_cdk8_5cei_new_helix_loop_extra_23.sdf,merck_cdk8_5cei_new_helix_loop_extra_protein.pdb,7.552522,6.6563807,6.7128396,7.5117292,6.2501206,7.0789714,7.181123,6.51081,7.1322937,7.7294846,7.0316277
merck/cdk8_5cei_new_helix_loop_extra/15,5.65769707417426,data/fep/merck/merck_cdk8_5cei_new_helix_loop_extra_15.sdf,,data/fep/merck/merck_cdk8_5cei_new_helix_loop_extra_protein.pdb,15,-7.687934875488281,-6.429999828338623,0.0900000035762786,merck/cdk8_5cei_new_helix_loop_extra,merck,1097,merck_cdk8_5cei_new_helix_loop_extra_15.sdf,merck_cdk8_5cei_new_helix_loop_extra_protein.pdb,6.5282617,6.357278,5.691863,6.708827,6.5731316,6.8134866,6.773446,6.092503,6.421653,7.306093,6.5266547
merck/cdk8_5cei_new_helix_loop_extra/34,8.235893005435665,data/fep/merck/merck_cdk8_5cei_new_helix_loop_extra_34.sdf,,data/fep/merck/merck_cdk8_5cei_new_helix_loop_extra_protein.pdb,34,-11.191304206848145,-12.029999732971191,0.1000000014901161,merck/cdk8_5cei_new_helix_loop_extra,merck,1098,merck_cdk8_5cei_new_helix_loop_extra_34.sdf,merck_cdk8_5cei_new_helix_loop_extra_protein.pdb,7.716282,7.1327105,7.2496314,7.2412844,7.6741967,7.838835,7.5282516,7.7396264,6.934586,8.040909,7.509632
merck/cdk8_5cei_new_helix_loop_extra/25,7.207555709222598,data/fep/merck/merck_cdk8_5cei_new_helix_loop_extra_25.sdf,,data/fep/merck/merck_cdk8_5cei_new_helix_loop_extra_protein.pdb,25,-9.793952941894531,-10.65999984741211,0.1000000014901161,merck/cdk8_5cei_new_helix_loop_extra,merck,1099,merck_cdk8_5cei_new_helix_loop_extra_25.sdf,merck_cdk8_5cei_new_helix_loop_extra_protein.pdb,7.2508802,6.3401303,6.346541,7.569658,6.290792,7.4073606,6.695153,6.4062977,6.490413,7.580112,6.8377333
merck/cdk8_5cei_new_helix_loop_extra/14,6.136062367994426,data/fep/merck/merck_cdk8_5cei_new_helix_loop_extra_14.sdf,,data/fep/merck/merck_cdk8_5cei_new_helix_loop_extra_protein.pdb,14,-8.337959289550781,-7.659999847412109,0.0900000035762786,merck/cdk8_5cei_new_helix_loop_extra,merck,1100,merck_cdk8_5cei_new_helix_loop_extra_14.sdf,merck_cdk8_5cei_new_helix_loop_extra_protein.pdb,6.222365,5.9376116,5.9490137,6.321856,6.5570707,6.8666806,6.0123243,5.998866,5.3415947,5.9481683,6.1155553
merck/cdk8_5cei_new_helix_loop_extra/36,8.303504212808697,data/fep/merck/merck_cdk8_5cei_new_helix_loop_extra_36.sdf,,data/fep/merck/merck_cdk8_5cei_new_helix_loop_extra_protein.pdb,36,-11.283177375793455,-12.100000381469728,0.1000000014901161,merck/cdk8_5cei_new_helix_loop_extra,merck,1101,merck_cdk8_5cei_new_helix_loop_extra_36.sdf,merck_cdk8_5cei_new_helix_loop_extra_protein.pdb,7.7054515,6.9133635,6.4953184,7.724786,7.478102,7.798434,7.4320617,7.133167,6.737907,7.8211,7.3239684
merck/cdk8_5cei_new_helix_loop_extra/18 flipped,8.079452254527531,data/fep/merck/merck_cdk8_5cei_new_helix_loop_extra_18_flipped.sdf,,data/fep/merck/merck_cdk8_5cei_new_helix_loop_extra_protein.pdb,18 flipped,-10.97872543334961,-9.079999923706056,0.0900000035762786,merck/cdk8_5cei_new_helix_loop_extra,merck,1102,merck_cdk8_5cei_new_helix_loop_extra_18_flipped.sdf,merck_cdk8_5cei_new_helix_loop_extra_protein.pdb,7.266004,6.557887,6.6723557,6.884252,7.3246236,7.4593525,7.204043,6.087954,6.873358,7.227122,6.955695
merck/cdk8_5cei_new_helix_loop_extra/16 flipped,6.836783304199098,data/fep/merck/merck_cdk8_5cei_new_helix_loop_extra_16_flipped.sdf,,data/fep/merck/merck_cdk8_5cei_new_helix_loop_extra_protein.pdb,16 flipped,-9.290130615234377,-8.479999542236328,0.0900000035762786,merck/cdk8_5cei_new_helix_loop_extra,merck,1103,merck_cdk8_5cei_new_helix_loop_extra_16_flipped.sdf,merck_cdk8_5cei_new_helix_loop_extra_protein.pdb,6.345573,5.949232,6.073121,5.851811,6.610022,6.9119735,6.42574,6.2570453,6.328901,6.2514215,6.300484
merck/cdk8_5cei_new_helix_loop_extra/17 flipped,6.61792205852517,data/fep/merck/merck_cdk8_5cei_new_helix_loop_extra_17_flipped.sdf,,data/fep/merck/merck_cdk8_5cei_new_helix_loop_extra_protein.pdb,17 flipped,-8.992732048034668,-8.949999809265137,0.0900000035762786,merck/cdk8_5cei_new_helix_loop_extra,merck,1104,merck_cdk8_5cei_new_helix_loop_extra_17_flipped.sdf,merck_cdk8_5cei_new_helix_loop_extra_protein.pdb,7.221623,6.375219,6.3146167,6.7621655,7.359956,7.506928,6.739804,6.1704063,6.7695737,6.9637628,6.818405
merck/cdk8_5cei_new_helix_loop_extra/44 flipped,8.481344371248918,data/fep/merck/merck_cdk8_5cei_new_helix_loop_extra_44_flipped.sdf,,data/fep/merck/merck_cdk8_5cei_new_helix_loop_extra_protein.pdb,44 flipped,-11.524834632873535,-11.390000343322754,0.0900000035762786,merck/cdk8_5cei_new_helix_loop_extra,merck,1105,merck_cdk8_5cei_new_helix_loop_extra_44_flipped.sdf,merck_cdk8_5cei_new_helix_loop_extra_protein.pdb,7.316644,6.8011384,6.5077105,7.44447,7.7145176,7.2159095,7.198188,6.569243,7.435041,7.7368073,7.193967
merck/cdk8_5cei_new_helix_loop_extra/45 flipped,8.235893005435665,data/fep/merck/merck_cdk8_5cei_new_helix_loop_extra_45_flipped.sdf,,data/fep/merck/merck_cdk8_5cei_new_helix_loop_extra_protein.pdb,45 flipped,-11.191304206848145,-11.670000076293944,0.0900000035762786,merck/cdk8_5cei_new_helix_loop_extra,merck,1106,merck_cdk8_5cei_new_helix_loop_extra_45_flipped.sdf,merck_cdk8_5cei_new_helix_loop_extra_protein.pdb,7.1014743,6.704483,6.498452,7.3521004,7.745603,7.0861683,7.47295,6.269396,7.284378,7.5309052,7.1045914
merck/cdk8_5cei_new_helix_loop_extra/42 flipped,8.481344371248918,data/fep/merck/merck_cdk8_5cei_new_helix_loop_extra_42_flipped.sdf,,data/fep/merck/merck_cdk8_5cei_new_helix_loop_extra_protein.pdb,42 flipped,-11.524834632873535,-11.550000190734863,0.0900000035762786,merck/cdk8_5cei_new_helix_loop_extra,merck,1107,merck_cdk8_5cei_new_helix_loop_extra_42_flipped.sdf,merck_cdk8_5cei_new_helix_loop_extra_protein.pdb,7.7544084,7.273616,6.7943916,7.622194,7.8840604,7.7829413,7.2546535,7.276217,7.53253,8.052085,7.52271
"waterset/urokinase/10302 (1GJ7, no water pose)",7.964377187917757,"data/fep/waterset/waterset_urokinase_10302_(1GJ7,_no_water_pose).sdf",,data/fep/waterset/waterset_urokinase_protein.pdb,"10302 (1GJ7, no water pose)",-10.82235622406006,-11.039999961853027,0.209999993443489,waterset/urokinase,waterset,1108,"waterset_urokinase_10302_(1GJ7,_no_water_pose).sdf",waterset_urokinase_protein.pdb,6.483266,5.866972,6.4877915,6.3973713,6.6732345,6.1558065,6.185563,6.4362698,6.3730016,6.3901544,6.344943
waterset/urokinase/11417 (no water pose),7.775432722437008,data/fep/waterset/waterset_urokinase_11417_(no_water_pose).sdf,,data/fep/waterset/waterset_urokinase_protein.pdb,11417 (no water pose),-10.5656099319458,-10.050000190734863,0.209999993443489,waterset/urokinase,waterset,1109,waterset_urokinase_11417_(no_water_pose).sdf,waterset_urokinase_protein.pdb,6.8310194,6.3134127,6.91678,6.689331,6.720888,6.9924746,6.6182084,6.553408,6.9091387,6.559244,6.7103906
waterset/urokinase/7806 (no water pose),6.366802035907066,data/fep/waterset/waterset_urokinase_7806_(no_water_pose).sdf,,data/fep/waterset/waterset_urokinase_protein.pdb,7806 (no water pose),-8.651498794555664,-8.960000038146973,0.209999993443489,waterset/urokinase,waterset,1110,waterset_urokinase_7806_(no_water_pose).sdf,waterset_urokinase_protein.pdb,6.458519,5.7385216,6.342528,6.075173,6.577463,5.6595407,5.869985,6.238632,6.484097,6.4674625,6.1911917
waterset/urokinase/8696 (no water pose),7.213605458096906,data/fep/waterset/waterset_urokinase_8696_(no_water_pose).sdf,,data/fep/waterset/waterset_urokinase_protein.pdb,8696 (no water pose),-9.802173614501951,-9.789999961853027,0.209999993443489,waterset/urokinase,waterset,1111,waterset_urokinase_8696_(no_water_pose).sdf,waterset_urokinase_protein.pdb,6.91089,6.330398,7.038913,7.050128,7.162737,6.710585,6.7586517,6.9987335,6.9489303,6.8442388,6.8754206
waterset/scyt_dehyd/3d,6.765500839707557,data/fep/waterset/waterset_scyt_dehyd_3d.sdf,,data/fep/waterset/waterset_scyt_dehyd_protein.pdb,3d,-9.19326877593994,-9.1899995803833,0.3100000023841858,waterset/scyt_dehyd,waterset,1112,waterset_scyt_dehyd_3d.sdf,waterset_scyt_dehyd_protein.pdb,6.4192853,6.6094136,6.247235,5.705568,5.9632826,6.898695,6.557094,6.2391376,5.9633164,6.014282,6.2617316
waterset/scyt_dehyd/8d,7.821641013142876,data/fep/waterset/waterset_scyt_dehyd_8d.sdf,,data/fep/waterset/waterset_scyt_dehyd_protein.pdb,8d,-10.628399848937988,-10.970000267028809,0.3199999928474426,waterset/scyt_dehyd,waterset,1113,waterset_scyt_dehyd_8d.sdf,waterset_scyt_dehyd_protein.pdb,6.563871,7.3606095,6.9845057,6.5221143,6.5522647,6.6167006,6.7608957,6.5606637,6.3891845,6.1934586,6.6504264
waterset/scyt_dehyd/2d,9.921475159719192,data/fep/waterset/waterset_scyt_dehyd_2d.sdf,,data/fep/waterset/waterset_scyt_dehyd_protein.pdb,2d,-13.481749534606934,-13.5,0.3199999928474426,waterset/scyt_dehyd,waterset,1114,waterset_scyt_dehyd_2d.sdf,waterset_scyt_dehyd_protein.pdb,6.532617,7.1153936,6.5707755,6.5510955,6.1866884,6.9847198,6.6290364,6.4976034,6.251658,6.2842937,6.560388
waterset/scyt_dehyd/4d,11.29149904394903,data/fep/waterset/waterset_scyt_dehyd_4d.sdf,,data/fep/waterset/waterset_scyt_dehyd_protein.pdb,4d,-15.34340000152588,-13.619999885559082,0.2899999916553497,waterset/scyt_dehyd,waterset,1115,waterset_scyt_dehyd_4d.sdf,waterset_scyt_dehyd_protein.pdb,7.280044,7.29319,7.4769974,7.0545287,6.2719803,7.780172,7.79327,7.2105765,7.1611743,7.144641,7.246657
waterset/scyt_dehyd/5d,9.753494969020874,data/fep/waterset/waterset_scyt_dehyd_5d.sdf,,data/fep/waterset/waterset_scyt_dehyd_protein.pdb,5d,-13.253490447998049,-14.68000030517578,0.3000000119209289,waterset/scyt_dehyd,waterset,1116,waterset_scyt_dehyd_5d.sdf,waterset_scyt_dehyd_protein.pdb,6.7237554,6.878493,7.3572745,6.7327967,6.2866597,6.879231,7.008274,6.5937743,6.6738977,6.518704,6.7652855
waterset/scyt_dehyd/6d,6.921941590615693,data/fep/waterset/waterset_scyt_dehyd_6d.sdf,,data/fep/waterset/waterset_scyt_dehyd_protein.pdb,6d,-9.405847549438477,-10.949999809265137,0.3100000023841858,waterset/scyt_dehyd,waterset,1117,waterset_scyt_dehyd_6d.sdf,waterset_scyt_dehyd_protein.pdb,6.8918915,7.1424127,6.520702,6.655411,5.970863,7.2895856,6.4763303,6.7394323,6.365774,6.5119443,6.6564345
waterset/scyt_dehyd/7d,11.223882923786883,data/fep/waterset/waterset_scyt_dehyd_7d.sdf,,data/fep/waterset/waterset_scyt_dehyd_protein.pdb,7d,-15.251520156860352,-13.65999984741211,0.2899999916553497,waterset/scyt_dehyd,waterset,1118,waterset_scyt_dehyd_7d.sdf,waterset_scyt_dehyd_protein.pdb,7.5963726,8.03433,7.758666,7.328486,6.737649,8.129223,8.215552,7.734848,7.4315896,7.5961313,7.6562853
waterset/brd41_ASH106/cmpd 5 (1-Butenyl),5.622420791976594,data/fep/waterset/waterset_brd41_ASH106_cmpd_5_(1-Butenyl).sdf,,data/fep/waterset/waterset_brd41_ASH106_protein.pdb,cmpd 5 (1-Butenyl),-7.639999866485596,-8.529999732971191,0.1800000071525573,waterset/brd41_ASH106,waterset,1119,waterset_brd41_ASH106_cmpd_5_(1-Butenyl).sdf,waterset_brd41_ASH106_protein.pdb,5.640303,6.3521423,5.7445235,5.913336,6.0883017,5.870626,5.744331,5.7738523,5.8003726,5.9307313,5.885852
waterset/brd41_ASH106/cmpd 2 (methyl),7.057462983670396,data/fep/waterset/waterset_brd41_ASH106_cmpd_2_(methyl).sdf,,data/fep/waterset/waterset_brd41_ASH106_protein.pdb,cmpd 2 (methyl),-9.59000015258789,-7.550000190734863,0.1599999964237213,waterset/brd41_ASH106,waterset,1120,waterset_brd41_ASH106_cmpd_2_(methyl).sdf,waterset_brd41_ASH106_protein.pdb,5.905959,6.0838985,5.9978094,5.8738203,6.3849845,5.8729997,6.105339,6.288032,6.5840464,5.912448,6.100934
waterset/brd41_ASH106/cmpd 3 (Allyl),5.217665571945142,data/fep/waterset/waterset_brd41_ASH106_cmpd_3_(Allyl).sdf,,data/fep/waterset/waterset_brd41_ASH106_protein.pdb,cmpd 3 (Allyl),-7.090000152587891,-7.710000038146973,0.1700000017881393,waterset/brd41_ASH106,waterset,1121,waterset_brd41_ASH106_cmpd_3_(Allyl).sdf,waterset_brd41_ASH106_protein.pdb,5.7143073,6.516089,5.9587116,5.8140287,6.2746606,6.042778,6.010077,5.7564363,6.034002,6.059687,6.0180774
waterset/brd41_ASH106/cmpd 9 (methoxyethyl),5.31333477066059,data/fep/waterset/waterset_brd41_ASH106_cmpd_9_(methoxyethyl).sdf,,data/fep/waterset/waterset_brd41_ASH106_protein.pdb,cmpd 9 (methoxyethyl),-7.21999979019165,-6.929999828338623,0.1599999964237213,waterset/brd41_ASH106,waterset,1122,waterset_brd41_ASH106_cmpd_9_(methoxyethyl).sdf,waterset_brd41_ASH106_protein.pdb,5.591062,6.129083,5.7559137,6.020708,6.0279703,6.0429406,6.1457787,5.6558757,5.9938064,5.8405766,5.9203715
waterset/brd41_ASH106/cmpd 6 (ethyl),6.321544018980295,data/fep/waterset/waterset_brd41_ASH106_cmpd_6_(ethyl).sdf,,data/fep/waterset/waterset_brd41_ASH106_protein.pdb,cmpd 6 (ethyl),-8.59000015258789,-7.849999904632568,0.1800000071525573,waterset/brd41_ASH106,waterset,1123,waterset_brd41_ASH106_cmpd_6_(ethyl).sdf,waterset_brd41_ASH106_protein.pdb,5.91916,6.0392113,6.250825,5.3491793,6.265207,5.81328,5.951702,5.6379886,5.705482,5.9587674,5.8890805
waterset/brd41_ASH106/cmpd 8 (n-Butyl),5.637139157233856,data/fep/waterset/waterset_brd41_ASH106_cmpd_8_(n-Butyl).sdf,,data/fep/waterset/waterset_brd41_ASH106_protein.pdb,cmpd 8 (n-Butyl),-7.659999847412109,-8.59000015258789,0.1599999964237213,waterset/brd41_ASH106,waterset,1124,waterset_brd41_ASH106_cmpd_8_(n-Butyl).sdf,waterset_brd41_ASH106_protein.pdb,5.9771256,6.5424404,6.0820165,6.36195,6.145012,6.071037,5.8216023,5.828181,6.43731,5.992086,6.125876
waterset/brd41_ASH106/cmpd 7 (n-propyl),5.1661511180879724,data/fep/waterset/waterset_brd41_ASH106_cmpd_7_(n-propyl).sdf,,data/fep/waterset/waterset_brd41_ASH106_protein.pdb,cmpd 7 (n-propyl),-7.019999980926514,-7.909999847412109,0.1700000017881393,waterset/brd41_ASH106,waterset,1125,waterset_brd41_ASH106_cmpd_7_(n-propyl).sdf,waterset_brd41_ASH106_protein.pdb,5.7488065,6.1663265,6.490626,5.9738245,6.5881205,6.081827,5.9745,5.9019604,6.683522,6.055445,6.1664953
waterset/brd41_ASH106/cmpd 4 (Crotyl),6.358340107580203,data/fep/waterset/waterset_brd41_ASH106_cmpd_4_(Crotyl).sdf,,data/fep/waterset/waterset_brd41_ASH106_protein.pdb,cmpd 4 (Crotyl),-8.640000343322754,-8.390000343322754,0.1700000017881393,waterset/brd41_ASH106,waterset,1126,waterset_brd41_ASH106_cmpd_4_(Crotyl).sdf,waterset_brd41_ASH106_protein.pdb,5.9316087,6.4805927,5.8521767,6.151982,6.1372185,5.9447484,5.9063234,5.7687287,5.8899455,6.138315,6.0201635
waterset/hsp90_woodhead/4,6.571756579267252,data/fep/waterset/waterset_hsp90_woodhead_4.sdf,,data/fep/waterset/waterset_hsp90_woodhead_protein.pdb,4,-8.930000305175781,-8.800000190734863,0.2000000029802322,waterset/hsp90_woodhead,waterset,1127,waterset_hsp90_woodhead_4.sdf,waterset_hsp90_woodhead_protein.pdb,7.504168,6.918133,6.888743,6.5687413,6.817387,7.8280907,7.5546746,7.7051425,7.7982616,7.611162,7.3194504
waterset/hsp90_woodhead/1,9.360889427369656,data/fep/waterset/waterset_hsp90_woodhead_1.sdf,,data/fep/waterset/waterset_hsp90_woodhead_protein.pdb,1,-12.720000267028809,-13.100000381469728,0.209999993443489,waterset/hsp90_woodhead,waterset,1128,waterset_hsp90_woodhead_1.sdf,waterset_hsp90_woodhead_protein.pdb,8.618143,7.4413586,7.875948,7.8261933,8.152424,7.4563546,7.957085,7.435189,7.8314214,7.598757,7.8192873
waterset/hsp90_woodhead/3,5.946225178549859,data/fep/waterset/waterset_hsp90_woodhead_3.sdf,,data/fep/waterset/waterset_hsp90_woodhead_protein.pdb,3,-8.079999923706055,-7.949999809265137,0.2000000029802322,waterset/hsp90_woodhead,waterset,1129,waterset_hsp90_woodhead_3.sdf,waterset_hsp90_woodhead_protein.pdb,7.529388,6.5856175,7.0923,6.614218,7.181128,7.6601033,7.3921213,7.7621946,7.633353,7.277773,7.2728195
waterset/hsp90_woodhead/2,7.903769512333207,data/fep/waterset/waterset_hsp90_woodhead_2.sdf,,data/fep/waterset/waterset_hsp90_woodhead_protein.pdb,2,-10.739999771118164,-10.619999885559082,0.2000000029802322,waterset/hsp90_woodhead,waterset,1130,waterset_hsp90_woodhead_2.sdf,waterset_hsp90_woodhead_protein.pdb,7.371434,6.3070073,6.7789426,6.006732,6.462047,6.580164,6.7529817,6.7185645,6.5514336,5.7669153,6.529622
waterset/throm_nozob_hip75/2d pose 2,4.879784290006857,data/fep/waterset/waterset_throm_nozob_hip75_2d_pose_2.sdf,,data/fep/waterset/waterset_throm_nozob_hip75_protein.pdb,2d pose 2,-6.630871772766113,-7.0,0.0900000035762786,waterset/throm_nozob_hip75,waterset,1131,waterset_throm_nozob_hip75_2d_pose_2.sdf,waterset_throm_nozob_hip75_protein.pdb,5.428837,5.1210485,5.965609,4.87751,5.476856,5.7489552,5.9702315,5.046328,5.0036063,5.352244,5.3991227
waterset/throm_nozob_hip75/2c pose 2,5.361644331451108,data/fep/waterset/waterset_throm_nozob_hip75_2c_pose_2.sdf,,data/fep/waterset/waterset_throm_nozob_hip75_protein.pdb,2c pose 2,-7.285645008087158,-7.300000190734863,0.0900000035762786,waterset/throm_nozob_hip75,waterset,1132,waterset_throm_nozob_hip75_2c_pose_2.sdf,waterset_throm_nozob_hip75_protein.pdb,5.528458,5.0507736,5.5101285,5.470107,4.8799906,5.400954,5.709235,5.651939,5.541599,5.5655074,5.430869
waterset/throm_nozob_hip75/7b,5.452648135080479,data/fep/waterset/waterset_throm_nozob_hip75_7b.sdf,,data/fep/waterset/waterset_throm_nozob_hip75_protein.pdb,7b,-7.409305095672607,-6.900000095367432,0.0900000035762786,waterset/throm_nozob_hip75,waterset,1133,waterset_throm_nozob_hip75_7b.sdf,waterset_throm_nozob_hip75_protein.pdb,6.0782166,5.2029634,5.968903,5.0900054,6.14948,5.8322268,5.783751,5.537021,5.6464257,6.200437,5.748943
waterset/throm_nozob_hip75/7c pose 1,5.893599381613517,data/fep/waterset/waterset_throm_nozob_hip75_7c_pose_1.sdf,,data/fep/waterset/waterset_throm_nozob_hip75_protein.pdb,7c pose 1,-8.008489608764648,-7.449999809265137,0.0900000035762786,waterset/throm_nozob_hip75,waterset,1134,waterset_throm_nozob_hip75_7c_pose_1.sdf,waterset_throm_nozob_hip75_protein.pdb,5.626855,5.0682645,5.2183614,4.898395,5.7546983,5.6798706,5.731949,5.25095,5.243199,5.6755834,5.4148126
waterset/throm_nozob_hip75/7f,4.505861734423919,data/fep/waterset/waterset_throm_nozob_hip75_7f.sdf,,data/fep/waterset/waterset_throm_nozob_hip75_protein.pdb,7f,-6.122768878936768,-7.380000114440918,0.0900000035762786,waterset/throm_nozob_hip75,waterset,1135,waterset_throm_nozob_hip75_7f.sdf,waterset_throm_nozob_hip75_protein.pdb,6.016348,5.708488,5.767435,5.7280064,5.7648954,5.3522816,5.3464575,5.5402184,5.6300163,5.403278,5.625743
waterset/throm_nozob_hip75/2b pose 1,5.361644331451108,data/fep/waterset/waterset_throm_nozob_hip75_2b_pose_1.sdf,,data/fep/waterset/waterset_throm_nozob_hip75_protein.pdb,2b pose 1,-7.285645008087158,-7.539999961853027,0.0900000035762786,waterset/throm_nozob_hip75,waterset,1136,waterset_throm_nozob_hip75_2b_pose_1.sdf,waterset_throm_nozob_hip75_protein.pdb,4.7516413,5.106721,5.0048876,5.2773905,5.314339,5.4749665,5.3719263,4.9640594,5.2311563,5.1503396,5.1647425
waterset/throm_nozob_hip75/1a pose 2,5.452648135080479,data/fep/waterset/waterset_throm_nozob_hip75_1a_pose_2.sdf,,data/fep/waterset/waterset_throm_nozob_hip75_protein.pdb,1a pose 2,-7.409305095672607,-6.869999885559082,0.0900000035762786,waterset/throm_nozob_hip75,waterset,1137,waterset_throm_nozob_hip75_1a_pose_2.sdf,waterset_throm_nozob_hip75_protein.pdb,5.85604,5.365545,5.3724074,5.134723,5.8373528,6.250236,5.897593,5.282537,5.6295195,5.9102836,5.6536236
waterset/throm_nozob_hip75/7e pose 1,4.1614260899871205,data/fep/waterset/waterset_throm_nozob_hip75_7e_pose_1.sdf,,data/fep/waterset/waterset_throm_nozob_hip75_protein.pdb,7e pose 1,-5.654734134674072,-7.659999847412109,0.0900000035762786,waterset/throm_nozob_hip75,waterset,1138,waterset_throm_nozob_hip75_7e_pose_1.sdf,waterset_throm_nozob_hip75_protein.pdb,5.1735573,5.0042396,5.105347,5.181088,5.1306486,5.4274864,5.233941,5.54696,4.905034,5.205893,5.191419
waterset/throm_nozob_hip75/6a pose 1,7.293573031906265,data/fep/waterset/waterset_throm_nozob_hip75_6a_pose_1.sdf,,data/fep/waterset/waterset_throm_nozob_hip75_protein.pdb,6a pose 1,-9.910837173461914,-9.09000015258789,0.0900000035762786,waterset/throm_nozob_hip75,waterset,1139,waterset_throm_nozob_hip75_6a_pose_1.sdf,waterset_throm_nozob_hip75_protein.pdb,7.4986906,6.5314245,6.7878046,6.822974,7.58715,7.000559,7.2631903,6.9472084,7.120389,7.5995255,7.115892
waterset/throm_nozob_hip75/5,4.999559843053488,data/fep/waterset/waterset_throm_nozob_hip75_5.sdf,,data/fep/waterset/waterset_throm_nozob_hip75_protein.pdb,5,-6.793628215789795,-6.230000019073486,0.0900000035762786,waterset/throm_nozob_hip75,waterset,1140,waterset_throm_nozob_hip75_5.sdf,waterset_throm_nozob_hip75_protein.pdb,4.9803934,4.8594294,4.961612,4.8936753,5.141499,5.1358438,5.526654,4.6550756,5.198038,5.3549595,5.070718
waterset/throm_nozob_hip75/1c pose 2,6.313901824607631,data/fep/waterset/waterset_throm_nozob_hip75_1c_pose_2.sdf,,data/fep/waterset/waterset_throm_nozob_hip75_protein.pdb,1c pose 2,-8.579615592956543,-8.75,0.0900000035762786,waterset/throm_nozob_hip75,waterset,1141,waterset_throm_nozob_hip75_1c_pose_2.sdf,waterset_throm_nozob_hip75_protein.pdb,5.764401,5.6366663,5.9026074,5.3762937,5.4440856,6.865064,6.081757,6.0602007,5.816847,6.553696,5.950162
waterset/throm_nozob_hip75/2a pose 2,4.869193720341736,data/fep/waterset/waterset_throm_nozob_hip75_2a_pose_2.sdf,,data/fep/waterset/waterset_throm_nozob_hip75_protein.pdb,2a pose 2,-6.616480827331543,-6.909999847412109,0.0900000035762786,waterset/throm_nozob_hip75,waterset,1142,waterset_throm_nozob_hip75_2a_pose_2.sdf,waterset_throm_nozob_hip75_protein.pdb,5.999475,5.814958,6.0577884,5.751451,6.016913,6.6387825,6.455273,5.5286083,6.3262243,6.355185,6.0944657
waterset/throm_nozob_hip75/7a pose 2,5.611134711739032,data/fep/waterset/waterset_throm_nozob_hip75_7a_pose_2.sdf,,data/fep/waterset/waterset_throm_nozob_hip75_protein.pdb,7a pose 2,-7.624663829803467,-7.610000133514404,0.0900000035762786,waterset/throm_nozob_hip75,waterset,1143,waterset_throm_nozob_hip75_7a_pose_2.sdf,waterset_throm_nozob_hip75_protein.pdb,5.549366,5.069092,6.0621247,5.3285003,5.8810596,5.915749,6.0652537,5.824254,5.855334,5.9479785,5.7498713
waterset/throm_nozob_hip75/3b pose 1,5.33901251567966,data/fep/waterset/waterset_throm_nozob_hip75_3b_pose_1.sdf,,data/fep/waterset/waterset_throm_nozob_hip75_protein.pdb,3b pose 1,-7.254891872406006,-7.420000076293945,0.0900000035762786,waterset/throm_nozob_hip75,waterset,1144,waterset_throm_nozob_hip75_3b_pose_1.sdf,waterset_throm_nozob_hip75_protein.pdb,5.5254474,5.5735,5.7719374,5.387067,5.4400706,6.007892,5.8516593,5.5768948,5.559125,5.850917,5.654451
waterset/throm_nozob_hip75/6d pose 2,6.426712095438126,data/fep/waterset/waterset_throm_nozob_hip75_6d_pose_2.sdf,,data/fep/waterset/waterset_throm_nozob_hip75_protein.pdb,6d pose 2,-8.73290729522705,-9.65999984741211,0.0900000035762786,waterset/throm_nozob_hip75,waterset,1145,waterset_throm_nozob_hip75_6d_pose_2.sdf,waterset_throm_nozob_hip75_protein.pdb,6.3159637,6.152663,5.650138,6.1912417,7.154763,6.435425,6.4512935,6.2930512,6.61068,6.339099,6.359432
waterset/throm_nozob_hip75/6c pose 1,6.633873182935299,data/fep/waterset/waterset_throm_nozob_hip75_6c_pose_1.sdf,,data/fep/waterset/waterset_throm_nozob_hip75_protein.pdb,6c pose 1,-9.01440715789795,-8.869999885559082,0.0900000035762786,waterset/throm_nozob_hip75,waterset,1146,waterset_throm_nozob_hip75_6c_pose_1.sdf,waterset_throm_nozob_hip75_protein.pdb,6.3037734,6.309766,6.8277082,5.9316864,6.9858828,6.8906054,7.1927524,7.2406893,6.6086936,6.99666,6.7288218
waterset/throm_nozob_hip75/3a xtal pose,5.975981942183488,data/fep/waterset/waterset_throm_nozob_hip75_3a_xtal_pose.sdf,,data/fep/waterset/waterset_throm_nozob_hip75_protein.pdb,3a xtal pose,-8.120434761047363,-7.96999979019165,0.0900000035762786,waterset/throm_nozob_hip75,waterset,1147,waterset_throm_nozob_hip75_3a_xtal_pose.sdf,waterset_throm_nozob_hip75_protein.pdb,5.1567755,4.7734485,5.465335,4.9639406,5.0998755,5.8774314,5.7656593,5.3578377,5.2506375,5.5178256,5.3228765
waterset/throm_nozob_hip75/1b pose 2,6.81171334137552,data/fep/waterset/waterset_throm_nozob_hip75_1b_pose_2.sdf,,data/fep/waterset/waterset_throm_nozob_hip75_protein.pdb,1b pose 2,-9.256064414978027,-8.010000228881836,0.0900000035762786,waterset/throm_nozob_hip75,waterset,1148,waterset_throm_nozob_hip75_1b_pose_2.sdf,waterset_throm_nozob_hip75_protein.pdb,5.6795897,5.453442,5.785538,4.847546,5.1815944,5.9961033,5.576606,5.122566,5.030611,5.6447372,5.4318337
waterset/throm_nozob_hip75/6b pose 2,6.650425773097783,data/fep/waterset/waterset_throm_nozob_hip75_6b_pose_2.sdf,,data/fep/waterset/waterset_throm_nozob_hip75_protein.pdb,6b pose 2,-9.03689956665039,-8.34000015258789,0.0900000035762786,waterset/throm_nozob_hip75,waterset,1149,waterset_throm_nozob_hip75_6b_pose_2.sdf,waterset_throm_nozob_hip75_protein.pdb,6.6799703,5.479888,6.240274,5.7168217,6.454983,6.550871,6.299443,6.4579725,6.0646753,5.7037096,6.1648607
waterset/throm_nozob_hip75/6e pose 1,6.363608722986172,data/fep/waterset/waterset_throm_nozob_hip75_6e_pose_1.sdf,,data/fep/waterset/waterset_throm_nozob_hip75_protein.pdb,6e pose 1,-8.647159576416016,-8.220000267028809,0.0900000035762786,waterset/throm_nozob_hip75,waterset,1150,waterset_throm_nozob_hip75_6e_pose_1.sdf,waterset_throm_nozob_hip75_protein.pdb,7.6227736,6.8596153,6.922971,6.8945966,8.086021,7.1378546,7.5521727,7.3152156,7.5414734,7.515546,7.3448243
waterset/throm_nozob_hip75/1d pose 2,6.329852949017761,data/fep/waterset/waterset_throm_nozob_hip75_1d_pose_2.sdf,,data/fep/waterset/waterset_throm_nozob_hip75_protein.pdb,1d pose 2,-8.601290702819824,-8.8100004196167,0.0900000035762786,waterset/throm_nozob_hip75,waterset,1151,waterset_throm_nozob_hip75_1d_pose_2.sdf,waterset_throm_nozob_hip75_protein.pdb,6.7446227,6.015372,6.246918,6.011512,6.055182,7.1227374,6.964801,6.2047024,6.0735655,6.827218,6.4266634
waterset/taf12/cmpd 5 (1-Butenyl),7.359189646901015,data/fep/waterset/waterset_taf12_cmpd_5_(1-Butenyl).sdf,,data/fep/waterset/waterset_taf12_protein.pdb,cmpd 5 (1-Butenyl),-10.0,-9.59000015258789,0.1599999964237213,waterset/taf12,waterset,1152,waterset_taf12_cmpd_5_(1-Butenyl).sdf,waterset_taf12_protein.pdb,6.6016135,7.212237,7.3888917,6.858212,7.10524,6.736005,7.087637,7.312613,6.3713784,6.588967,6.9262795
waterset/taf12/cmpd 2 (methyl),7.256160739186676,data/fep/waterset/waterset_taf12_cmpd_2_(methyl).sdf,,data/fep/waterset/waterset_taf12_protein.pdb,cmpd 2 (methyl),-9.859999656677246,-9.449999809265137,0.1500000059604644,waterset/taf12,waterset,1153,waterset_taf12_cmpd_2_(methyl).sdf,waterset_taf12_protein.pdb,6.3001695,6.0673633,6.1934056,6.4175735,5.9665976,6.129735,5.817327,6.5933304,6.1287155,5.718723,6.133294
waterset/taf12/cmpd 3 (Allyl),6.137564277807769,data/fep/waterset/waterset_taf12_cmpd_3_(Allyl).sdf,,data/fep/waterset/waterset_taf12_protein.pdb,cmpd 3 (Allyl),-8.34000015258789,-8.670000076293945,0.1599999964237213,waterset/taf12,waterset,1154,waterset_taf12_cmpd_3_(Allyl).sdf,waterset_taf12_protein.pdb,6.775968,6.798378,6.9399176,6.468844,6.477186,6.891261,6.5741262,6.849354,6.272365,6.1608305,6.620823
waterset/taf12/cmpd 9 (methoxyethyl),5.659216880576502,data/fep/waterset/waterset_taf12_cmpd_9_(methoxyethyl).sdf,,data/fep/waterset/waterset_taf12_protein.pdb,cmpd 9 (methoxyethyl),-7.690000057220459,-7.610000133514404,0.1599999964237213,waterset/taf12,waterset,1155,waterset_taf12_cmpd_9_(methoxyethyl).sdf,waterset_taf12_protein.pdb,6.717,6.54468,6.958081,6.4455404,6.3451853,6.375197,6.289962,6.897038,5.860354,5.7374816,6.4170523
waterset/taf12/cmpd 6 (ethyl),6.277388572295002,data/fep/waterset/waterset_taf12_cmpd_6_(ethyl).sdf,,data/fep/waterset/waterset_taf12_protein.pdb,cmpd 6 (ethyl),-8.529999732971191,-8.819999694824219,0.1599999964237213,waterset/taf12,waterset,1156,waterset_taf12_cmpd_6_(ethyl).sdf,waterset_taf12_protein.pdb,6.5490265,6.3624043,6.6101003,5.9615693,6.2867894,6.0579247,5.8620305,6.407442,5.8499823,5.5399156,6.1487184
waterset/taf12/cmpd 8 (n-Butyl),6.093408831122477,data/fep/waterset/waterset_taf12_cmpd_8_(n-Butyl).sdf,,data/fep/waterset/waterset_taf12_protein.pdb,cmpd 8 (n-Butyl),-8.279999732971191,-8.680000305175781,0.1599999964237213,waterset/taf12,waterset,1157,waterset_taf12_cmpd_8_(n-Butyl).sdf,waterset_taf12_protein.pdb,6.809404,6.8215685,7.3427763,6.9517746,6.6318574,6.6426716,6.6529584,7.215536,6.6782274,6.0642085,6.7810974
waterset/taf12/cmpd 7 (n-propyl),5.975661909064383,data/fep/waterset/waterset_taf12_cmpd_7_(n-propyl).sdf,,data/fep/waterset/waterset_taf12_protein.pdb,cmpd 7 (n-propyl),-8.119999885559082,-8.369999885559082,0.1599999964237213,waterset/taf12,waterset,1158,waterset_taf12_cmpd_7_(n-propyl).sdf,waterset_taf12_protein.pdb,6.7783704,6.6447463,7.13133,6.557973,6.769511,6.3361545,6.326772,6.843302,6.5109715,5.9085355,6.580767
waterset/taf12/cmpd 4 (Crotyl),6.409854210523865,data/fep/waterset/waterset_taf12_cmpd_4_(Crotyl).sdf,,data/fep/waterset/waterset_taf12_protein.pdb,cmpd 4 (Crotyl),-8.710000038146973,-8.329999923706055,0.1599999964237213,waterset/taf12,waterset,1159,waterset_taf12_cmpd_4_(Crotyl).sdf,waterset_taf12_protein.pdb,6.546159,6.6282153,6.993969,7.03271,6.7263746,6.597997,6.812811,7.1923366,6.3150744,6.328723,6.717437
waterset/chk1/21 (Xtal),9.617452820320608,data/fep/waterset/waterset_chk1_21_(Xtal).sdf,,data/fep/waterset/waterset_chk1_protein.pdb,21 (Xtal),-13.06863021850586,-13.100000381469728,0.2399999946355819,waterset/chk1,waterset,1160,waterset_chk1_21_(Xtal).sdf,waterset_chk1_protein.pdb,8.55166,8.269606,8.931337,8.289979,8.705666,8.471481,9.0234165,9.03199,8.922573,8.61993,8.681765
waterset/chk1/22,9.617452820320608,data/fep/waterset/waterset_chk1_22.sdf,,data/fep/waterset/waterset_chk1_protein.pdb,22,-13.06863021850586,-12.640000343322754,0.3499999940395355,waterset/chk1,waterset,1161,waterset_chk1_22.sdf,waterset_chk1_protein.pdb,8.550265,8.786607,9.004812,8.375714,8.572195,8.972357,9.056577,9.1935425,8.688941,8.86874,8.806974
waterset/chk1/24 pose 2,9.697425306919072,data/fep/waterset/waterset_chk1_24_pose_2.sdf,,data/fep/waterset/waterset_chk1_protein.pdb,24 pose 2,-13.177300453186035,-11.510000228881836,0.2800000011920929,waterset/chk1,waterset,1162,waterset_chk1_24_pose_2.sdf,waterset_chk1_protein.pdb,7.736864,8.01901,7.9479656,8.012629,8.05809,8.160492,7.970086,7.7766395,7.937009,7.506133,7.912492
waterset/chk1/14 docked,7.999483277064144,data/fep/waterset/waterset_chk1_14_docked.sdf,,data/fep/waterset/waterset_chk1_protein.pdb,14 docked,-10.870059967041016,-11.229999542236328,0.3799999952316284,waterset/chk1,waterset,1163,waterset_chk1_14_docked.sdf,waterset_chk1_protein.pdb,8.208928,8.214062,8.583638,8.279607,8.195791,8.009369,8.424425,8.553749,8.782138,8.5503,8.3802
waterset/chk1/18 docked,7.0277167474420015,data/fep/waterset/waterset_chk1_18_docked.sdf,,data/fep/waterset/waterset_chk1_protein.pdb,18 docked,-9.549579620361328,-10.270000457763672,0.3199999928474426,waterset/chk1,waterset,1164,waterset_chk1_18_docked.sdf,waterset_chk1_protein.pdb,7.684468,7.3410687,7.707225,7.2377186,7.1970453,7.6134777,7.753654,7.8461843,7.8710265,7.9277925,7.6179667
waterset/chk1/13 docked,7.300944321050912,data/fep/waterset/waterset_chk1_13_docked.sdf,,data/fep/waterset/waterset_chk1_protein.pdb,13 docked,-9.920853614807127,-11.5,0.25,waterset/chk1,waterset,1165,waterset_chk1_13_docked.sdf,waterset_chk1_protein.pdb,8.00573,7.359967,7.5031185,7.775131,7.4995747,7.629594,7.5655694,7.358646,8.195892,8.02529,7.6918516
waterset/chk1/20,7.419755914691645,data/fep/waterset/waterset_chk1_20.sdf,,data/fep/waterset/waterset_chk1_protein.pdb,20,-10.082300186157228,-9.229999542236328,0.2800000011920929,waterset/chk1,waterset,1166,waterset_chk1_20.sdf,waterset_chk1_protein.pdb,7.1754155,6.675644,7.5805264,6.888592,6.896324,6.905428,6.91791,6.918615,7.4678135,7.8255615,7.125182
waterset/chk1/12 docked,6.338051692213781,data/fep/waterset/waterset_chk1_12_docked.sdf,,data/fep/waterset/waterset_chk1_protein.pdb,12 docked,-8.612431526184082,-8.479999542236328,0.25,waterset/chk1,waterset,1167,waterset_chk1_12_docked.sdf,waterset_chk1_protein.pdb,8.071263,7.586653,8.014402,7.806398,7.9153886,8.0095215,7.9427013,8.1142435,8.572141,8.0007925,8.003351
waterset/chk1/16 docked,8.67028813490265,data/fep/waterset/waterset_chk1_16_docked.sdf,,data/fep/waterset/waterset_chk1_protein.pdb,16 docked,-11.781579971313477,-12.06999969482422,0.3100000023841858,waterset/chk1,waterset,1168,waterset_chk1_16_docked.sdf,waterset_chk1_protein.pdb,8.027553,7.47244,8.122521,7.843898,8.094714,8.134712,8.991801,7.8693986,8.387883,8.376999,8.132193
waterset/chk1/19,7.542698462146085,data/fep/waterset/waterset_chk1_19.sdf,,data/fep/waterset/waterset_chk1_protein.pdb,19,-10.249360084533691,-9.59000015258789,0.3199999928474426,waterset/chk1,waterset,1169,waterset_chk1_19.sdf,waterset_chk1_protein.pdb,8.060219,7.608214,8.337235,7.5694284,7.578249,7.5381494,8.432369,7.7536182,7.993206,8.090121,7.89608
waterset/chk1/17 torsion adjust,7.597590458515739,data/fep/waterset/waterset_chk1_17_torsion_adjust.sdf,,data/fep/waterset/waterset_chk1_protein.pdb,17 torsion adjust,-10.323949813842772,-10.18000030517578,0.25,waterset/chk1,waterset,1170,waterset_chk1_17_torsion_adjust.sdf,waterset_chk1_protein.pdb,8.479241,7.795832,8.019455,7.321091,8.559268,8.14324,9.046669,8.127612,8.113466,7.7567763,8.136265
waterset/chk1/15 docked,7.391444914710115,data/fep/waterset/waterset_chk1_15_docked.sdf,,data/fep/waterset/waterset_chk1_protein.pdb,15 docked,-10.043829917907717,-9.109999656677246,0.25,waterset/chk1,waterset,1171,waterset_chk1_15_docked.sdf,waterset_chk1_protein.pdb,7.827709,7.6866426,8.058837,7.317594,7.5734067,7.845652,7.9972873,8.030621,8.289283,8.601231,7.9228272
waterset/chk1/11 docked,8.079455763662608,data/fep/waterset/waterset_chk1_11_docked.sdf,,data/fep/waterset/waterset_chk1_protein.pdb,11 docked,-10.978730201721191,-12.8100004196167,0.3799999952316284,waterset/chk1,waterset,1172,waterset_chk1_11_docked.sdf,waterset_chk1_protein.pdb,8.209805,7.975979,8.354674,8.160327,8.090688,8.233502,8.5659075,8.55767,8.36658,8.54196,8.305709
waterset/hsp90_kung/cmpd 16,7.602042849102589,data/fep/waterset/waterset_hsp90_kung_cmpd_16.sdf,,data/fep/waterset/waterset_hsp90_kung_protein.pdb,cmpd 16,-10.329999923706056,-10.100000381469728,0.1400000005960464,waterset/hsp90_kung,waterset,1173,waterset_hsp90_kung_cmpd_16.sdf,waterset_hsp90_kung_protein.pdb,7.1719747,7.391702,7.32552,7.5039353,7.7552705,7.943621,8.131636,7.654114,7.8206077,7.0328646,7.5731254
waterset/hsp90_kung/cmpd 9,5.828478256491765,data/fep/waterset/waterset_hsp90_kung_cmpd_9.sdf,,data/fep/waterset/waterset_hsp90_kung_protein.pdb,cmpd 9,-7.920000076293945,-8.3100004196167,0.1400000005960464,waterset/hsp90_kung,waterset,1174,waterset_hsp90_kung_cmpd_9.sdf,waterset_hsp90_kung_protein.pdb,7.3873305,7.2763596,7.702694,7.8819165,7.4266996,7.810933,7.5778084,7.635383,8.042131,7.0162835,7.5757537
waterset/hsp90_kung/cmpd 13,7.469577210873723,data/fep/waterset/waterset_hsp90_kung_cmpd_13.sdf,,data/fep/waterset/waterset_hsp90_kung_protein.pdb,cmpd 13,-10.149999618530272,-11.4399995803833,0.1500000059604644,waterset/hsp90_kung,waterset,1175,waterset_hsp90_kung_cmpd_13.sdf,waterset_hsp90_kung_protein.pdb,7.7188025,7.903692,8.36061,8.020067,8.441958,8.361108,7.9754086,8.279168,8.233043,7.4886365,8.078249
waterset/hsp90_kung/cmpd 14,5.754886430205457,data/fep/waterset/waterset_hsp90_kung_cmpd_14.sdf,,data/fep/waterset/waterset_hsp90_kung_protein.pdb,cmpd 14,-7.820000171661377,-7.349999904632568,0.1500000059604644,waterset/hsp90_kung,waterset,1176,waterset_hsp90_kung_cmpd_14.sdf,waterset_hsp90_kung_protein.pdb,7.0865097,6.61576,7.0884194,7.098995,7.4801617,7.142162,7.852148,7.6227784,7.9016542,7.0545874,7.294318
waterset/hsp90_kung/cmpd 15,7.07218099801415,data/fep/waterset/waterset_hsp90_kung_cmpd_15.sdf,,data/fep/waterset/waterset_hsp90_kung_protein.pdb,cmpd 15,-9.609999656677246,-9.43000030517578,0.1400000005960464,waterset/hsp90_kung,waterset,1177,waterset_hsp90_kung_cmpd_15.sdf,waterset_hsp90_kung_protein.pdb,7.3202915,7.2695613,7.5371575,7.5813446,7.4771357,7.4772468,7.564978,7.4281673,7.8655524,6.955686,7.447713
waterset/hsp90_kung/cmpd 7,6.924997345441533,data/fep/waterset/waterset_hsp90_kung_cmpd_7.sdf,,data/fep/waterset/waterset_hsp90_kung_protein.pdb,cmpd 7,-9.40999984741211,-7.070000171661377,0.1500000059604644,waterset/hsp90_kung,waterset,1178,waterset_hsp90_kung_cmpd_7.sdf,waterset_hsp90_kung_protein.pdb,6.7432356,6.803614,7.0175796,7.254214,6.734093,7.166485,7.3046393,7.221175,8.313312,6.73425,7.12926
waterset/hsp90_kung/cmpd 17,7.903769512333207,data/fep/waterset/waterset_hsp90_kung_cmpd_17.sdf,,data/fep/waterset/waterset_hsp90_kung_protein.pdb,cmpd 17,-10.739999771118164,-11.1899995803833,0.1400000005960464,waterset/hsp90_kung,waterset,1179,waterset_hsp90_kung_cmpd_17.sdf,waterset_hsp90_kung_protein.pdb,7.1992083,7.276721,7.5760803,7.41061,7.336346,7.7215433,8.133806,7.165102,7.5454016,6.916943,7.428176
waterset/hsp90_kung/cmpd 11,6.763094976698146,data/fep/waterset/waterset_hsp90_kung_cmpd_11.sdf,,data/fep/waterset/waterset_hsp90_kung_protein.pdb,cmpd 11,-9.1899995803833,-9.670000076293944,0.1500000059604644,waterset/hsp90_kung,waterset,1180,waterset_hsp90_kung_cmpd_11.sdf,waterset_hsp90_kung_protein.pdb,7.4901614,7.268401,7.812178,7.8790827,7.682017,7.5189295,7.7281637,7.8431153,8.217983,7.3719854,7.681202
waterset/hsp90_kung/cmpd 12,6.763094976698146,data/fep/waterset/waterset_hsp90_kung_cmpd_12.sdf,,data/fep/waterset/waterset_hsp90_kung_protein.pdb,cmpd 12,-9.1899995803833,-10.529999732971191,0.1400000005960464,waterset/hsp90_kung,waterset,1181,waterset_hsp90_kung_cmpd_12.sdf,waterset_hsp90_kung_protein.pdb,7.369609,7.251227,8.095587,7.81697,7.9270854,7.923152,7.2538095,7.7666287,8.090831,7.085883,7.6580787
waterset/hsp90_kung/cmpd 10,6.763094976698146,data/fep/waterset/waterset_hsp90_kung_cmpd_10.sdf,,data/fep/waterset/waterset_hsp90_kung_protein.pdb,cmpd 10,-9.1899995803833,-10.300000190734863,0.1500000059604644,waterset/hsp90_kung,waterset,1182,waterset_hsp90_kung_cmpd_10.sdf,waterset_hsp90_kung_protein.pdb,6.8949804,7.06546,7.6989994,7.4805365,7.135606,7.042913,6.692688,7.9438024,7.810115,7.0997205,7.2864823
waterset/hsp90_kung/cmpd 8,5.048404196029879,data/fep/waterset/waterset_hsp90_kung_cmpd_8.sdf,,data/fep/waterset/waterset_hsp90_kung_protein.pdb,cmpd 8,-6.860000133514404,-5.039999961853027,0.1500000059604644,waterset/hsp90_kung,waterset,1183,waterset_hsp90_kung_cmpd_8.sdf,waterset_hsp90_kung_protein.pdb,6.9153237,6.217364,6.3497443,7.6161757,6.321018,6.391865,6.957762,6.7786074,7.8812447,6.026696,6.7455797
